venue_id,utc_date,venue_type,floor_area_sqm,outside_temperature_c,observed_hours,electricity_kwh,data_source
Eagle_food_Jennifer,2016-01-01,food_service,3307.8,3.19,24,1284.748,BDG2 v1.0
Eagle_food_Jennifer,2016-01-02,food_service,3307.8,1.46,24,1258.909,BDG2 v1.0
Eagle_food_Jennifer,2016-01-03,food_service,3307.8,1.90,24,1294.593,BDG2 v1.0
Eagle_food_Jennifer,2016-01-04,food_service,3307.8,-3.21,24,1291.333,BDG2 v1.0
Eagle_food_Jennifer,2016-01-05,food_service,3307.8,-7.64,24,1365.387,BDG2 v1.0
Eagle_food_Jennifer,2016-01-06,food_service,3307.8,-3.71,24,1112.294,BDG2 v1.0
Eagle_food_Jennifer,2016-01-07,food_service,3307.8,0.72,24,1114.914,BDG2 v1.0
Eagle_food_Jennifer,2016-01-08,food_service,3307.8,3.82,24,1156.090,BDG2 v1.0
Eagle_food_Jennifer,2016-01-09,food_service,3307.8,6.77,24,1089.844,BDG2 v1.0
Eagle_food_Jennifer,2016-01-10,food_service,3307.8,11.47,24,1098.438,BDG2 v1.0
Eagle_food_Jennifer,2016-01-11,food_service,3307.8,-1.15,24,1105.389,BDG2 v1.0
Eagle_food_Jennifer,2016-01-12,food_service,3307.8,-1.72,24,1139.895,BDG2 v1.0
Eagle_food_Jennifer,2016-01-13,food_service,3307.8,-4.60,24,1076.532,BDG2 v1.0
Eagle_food_Jennifer,2016-01-14,food_service,3307.8,-0.79,24,1173.876,BDG2 v1.0
Eagle_food_Jennifer,2016-01-15,food_service,3307.8,3.90,24,1207.352,BDG2 v1.0
Eagle_food_Jennifer,2016-01-16,food_service,3307.8,6.76,24,1153.033,BDG2 v1.0
Eagle_food_Jennifer,2016-01-17,food_service,3307.8,0.69,24,1370.521,BDG2 v1.0
Eagle_food_Jennifer,2016-01-18,food_service,3307.8,-5.42,24,2234.251,BDG2 v1.0
Eagle_food_Jennifer,2016-01-19,food_service,3307.8,-6.23,24,2497.525,BDG2 v1.0
Eagle_food_Jennifer,2016-01-20,food_service,3307.8,-1.60,24,2813.284,BDG2 v1.0
Eagle_food_Jennifer,2016-01-21,food_service,3307.8,-1.43,24,2795.242,BDG2 v1.0
Eagle_food_Jennifer,2016-01-22,food_service,3307.8,-4.76,24,2735.584,BDG2 v1.0
Eagle_food_Jennifer,2016-01-23,food_service,3307.8,-3.67,24,2621.154,BDG2 v1.0
Eagle_food_Jennifer,2016-01-24,food_service,3307.8,-2.76,24,2650.111,BDG2 v1.0
Eagle_food_Jennifer,2016-01-25,food_service,3307.8,-2.43,24,2758.912,BDG2 v1.0
Eagle_food_Jennifer,2016-01-26,food_service,3307.8,2.02,24,2731.595,BDG2 v1.0
Eagle_food_Jennifer,2016-01-27,food_service,3307.8,4.28,24,2791.826,BDG2 v1.0
Eagle_food_Jennifer,2016-01-28,food_service,3307.8,-1.14,24,2754.714,BDG2 v1.0
Eagle_food_Jennifer,2016-01-29,food_service,3307.8,0.22,24,2793.620,BDG2 v1.0
Eagle_food_Jennifer,2016-01-30,food_service,3307.8,-0.48,24,2532.150,BDG2 v1.0
Eagle_food_Jennifer,2016-01-31,food_service,3307.8,4.69,24,2613.925,BDG2 v1.0
Eagle_food_Jennifer,2016-02-01,food_service,3307.8,8.22,24,2927.812,BDG2 v1.0
Eagle_food_Jennifer,2016-02-02,food_service,3307.8,4.75,24,2871.325,BDG2 v1.0
Eagle_food_Jennifer,2016-02-03,food_service,3307.8,9.03,24,2812.963,BDG2 v1.0
Eagle_food_Jennifer,2016-02-04,food_service,3307.8,9.56,24,2744.558,BDG2 v1.0
Eagle_food_Jennifer,2016-02-05,food_service,3307.8,2.03,24,2666.845,BDG2 v1.0
Eagle_food_Jennifer,2016-02-06,food_service,3307.8,-0.23,24,2430.603,BDG2 v1.0
Eagle_food_Jennifer,2016-02-07,food_service,3307.8,1.47,24,2400.395,BDG2 v1.0
Eagle_food_Jennifer,2016-02-08,food_service,3307.8,2.52,24,2610.545,BDG2 v1.0
Eagle_food_Jennifer,2016-02-09,food_service,3307.8,-0.63,24,2757.509,BDG2 v1.0
Eagle_food_Jennifer,2016-02-10,food_service,3307.8,-0.08,24,2579.176,BDG2 v1.0
Eagle_food_Jennifer,2016-02-11,food_service,3307.8,-5.21,24,2589.955,BDG2 v1.0
Eagle_food_Jennifer,2016-02-12,food_service,3307.8,-6.70,24,2802.729,BDG2 v1.0
Eagle_food_Jennifer,2016-02-13,food_service,3307.8,-7.98,24,2521.680,BDG2 v1.0
Eagle_food_Jennifer,2016-02-14,food_service,3307.8,-12.25,24,2779.123,BDG2 v1.0
Eagle_food_Jennifer,2016-02-15,food_service,3307.8,-6.15,24,3035.952,BDG2 v1.0
Eagle_food_Jennifer,2016-02-16,food_service,3307.8,7.93,24,2773.512,BDG2 v1.0
Eagle_food_Jennifer,2016-02-17,food_service,3307.8,2.69,24,2919.618,BDG2 v1.0
Eagle_food_Jennifer,2016-02-18,food_service,3307.8,-0.65,24,3046.279,BDG2 v1.0
Eagle_food_Jennifer,2016-02-19,food_service,3307.8,-1.55,24,2946.896,BDG2 v1.0
Eagle_food_Jennifer,2016-02-20,food_service,3307.8,9.03,24,2495.239,BDG2 v1.0
Eagle_food_Jennifer,2016-02-21,food_service,3307.8,9.45,24,2693.771,BDG2 v1.0
Eagle_food_Jennifer,2016-02-22,food_service,3307.8,5.80,24,2875.121,BDG2 v1.0
Eagle_food_Jennifer,2016-02-23,food_service,3307.8,2.87,24,3077.221,BDG2 v1.0
Eagle_food_Jennifer,2016-02-24,food_service,3307.8,9.62,24,3222.391,BDG2 v1.0
Eagle_food_Jennifer,2016-02-25,food_service,3307.8,8.86,24,2997.018,BDG2 v1.0
Eagle_food_Jennifer,2016-02-26,food_service,3307.8,1.16,24,3004.330,BDG2 v1.0
Eagle_food_Jennifer,2016-02-27,food_service,3307.8,0.43,24,2792.015,BDG2 v1.0
Eagle_food_Jennifer,2016-02-28,food_service,3307.8,7.94,24,2803.874,BDG2 v1.0
Eagle_food_Jennifer,2016-02-29,food_service,3307.8,9.28,24,2974.965,BDG2 v1.0
Eagle_food_Jennifer,2016-03-01,food_service,3307.8,8.43,24,2979.078,BDG2 v1.0
Eagle_food_Jennifer,2016-03-02,food_service,3307.8,6.12,24,2886.393,BDG2 v1.0
Eagle_food_Jennifer,2016-03-03,food_service,3307.8,-0.83,24,2921.800,BDG2 v1.0
Eagle_food_Jennifer,2016-03-04,food_service,3307.8,0.16,24,2768.756,BDG2 v1.0
Eagle_food_Jennifer,2016-03-05,food_service,3307.8,0.85,24,1172.841,BDG2 v1.0
Eagle_food_Jennifer,2016-03-06,food_service,3307.8,1.61,24,1131.624,BDG2 v1.0
Eagle_food_Jennifer,2016-03-07,food_service,3307.8,6.99,24,1178.838,BDG2 v1.0
Eagle_food_Jennifer,2016-03-08,food_service,3307.8,14.54,24,1182.498,BDG2 v1.0
Eagle_food_Jennifer,2016-03-09,food_service,3307.8,15.78,24,1157.434,BDG2 v1.0
Eagle_food_Jennifer,2016-03-10,food_service,3307.8,20.56,24,1237.724,BDG2 v1.0
Eagle_food_Jennifer,2016-03-11,food_service,3307.8,15.32,24,1312.469,BDG2 v1.0
Eagle_food_Jennifer,2016-03-12,food_service,3307.8,9.83,24,1222.260,BDG2 v1.0
Eagle_food_Jennifer,2016-03-13,food_service,3307.8,12.24,24,1934.546,BDG2 v1.0
Eagle_food_Jennifer,2016-03-14,food_service,3307.8,7.18,24,3123.881,BDG2 v1.0
Eagle_food_Jennifer,2016-03-15,food_service,3307.8,8.91,24,2975.639,BDG2 v1.0
Eagle_food_Jennifer,2016-03-16,food_service,3307.8,12.13,24,2793.610,BDG2 v1.0
Eagle_food_Jennifer,2016-03-17,food_service,3307.8,11.35,24,2857.124,BDG2 v1.0
Eagle_food_Jennifer,2016-03-18,food_service,3307.8,11.12,24,3057.534,BDG2 v1.0
Eagle_food_Jennifer,2016-03-19,food_service,3307.8,4.86,24,2816.482,BDG2 v1.0
Eagle_food_Jennifer,2016-03-20,food_service,3307.8,2.75,24,2706.490,BDG2 v1.0
Eagle_food_Jennifer,2016-03-21,food_service,3307.8,4.19,24,2912.809,BDG2 v1.0
Eagle_food_Jennifer,2016-03-22,food_service,3307.8,6.80,24,2799.128,BDG2 v1.0
Eagle_food_Jennifer,2016-03-23,food_service,3307.8,14.15,24,3317.298,BDG2 v1.0
Eagle_food_Jennifer,2016-03-24,food_service,3307.8,9.60,24,3060.223,BDG2 v1.0
Eagle_food_Jennifer,2016-03-25,food_service,3307.8,16.02,24,3135.485,BDG2 v1.0
Eagle_food_Jennifer,2016-03-26,food_service,3307.8,7.15,24,2873.963,BDG2 v1.0
Eagle_food_Jennifer,2016-03-27,food_service,3307.8,7.99,24,2855.359,BDG2 v1.0
Eagle_food_Jennifer,2016-03-28,food_service,3307.8,10.36,24,2993.184,BDG2 v1.0
Eagle_food_Jennifer,2016-03-29,food_service,3307.8,9.49,24,2992.574,BDG2 v1.0
Eagle_food_Jennifer,2016-03-30,food_service,3307.8,7.25,24,3011.468,BDG2 v1.0
Eagle_food_Jennifer,2016-03-31,food_service,3307.8,15.07,24,3146.809,BDG2 v1.0
Eagle_food_Jennifer,2016-04-01,food_service,3307.8,20.52,24,3099.140,BDG2 v1.0
Eagle_food_Jennifer,2016-04-02,food_service,3307.8,12.52,24,2818.401,BDG2 v1.0
Eagle_food_Jennifer,2016-04-03,food_service,3307.8,4.38,24,2894.998,BDG2 v1.0
Eagle_food_Jennifer,2016-04-04,food_service,3307.8,6.18,24,3414.816,BDG2 v1.0
Eagle_food_Jennifer,2016-04-05,food_service,3307.8,1.16,24,3099.820,BDG2 v1.0
Eagle_food_Jennifer,2016-04-06,food_service,3307.8,3.93,24,3053.036,BDG2 v1.0
Eagle_food_Jennifer,2016-04-07,food_service,3307.8,12.00,24,3023.228,BDG2 v1.0
Eagle_food_Jennifer,2016-04-08,food_service,3307.8,7.06,24,2983.912,BDG2 v1.0
Eagle_food_Jennifer,2016-04-09,food_service,3307.8,2.25,24,2709.351,BDG2 v1.0
Eagle_food_Jennifer,2016-04-10,food_service,3307.8,3.55,24,2894.493,BDG2 v1.0
Eagle_food_Jennifer,2016-04-11,food_service,3307.8,11.55,24,2908.546,BDG2 v1.0
Eagle_food_Jennifer,2016-04-12,food_service,3307.8,12.65,24,2976.908,BDG2 v1.0
Eagle_food_Jennifer,2016-04-13,food_service,3307.8,7.96,24,3060.428,BDG2 v1.0
Eagle_food_Jennifer,2016-04-14,food_service,3307.8,9.32,24,2992.836,BDG2 v1.0
Eagle_food_Jennifer,2016-04-15,food_service,3307.8,10.10,24,3027.587,BDG2 v1.0
Eagle_food_Jennifer,2016-04-16,food_service,3307.8,11.30,24,2562.858,BDG2 v1.0
Eagle_food_Jennifer,2016-04-17,food_service,3307.8,12.97,24,2851.987,BDG2 v1.0
Eagle_food_Jennifer,2016-04-18,food_service,3307.8,17.53,24,3115.618,BDG2 v1.0
Eagle_food_Jennifer,2016-04-19,food_service,3307.8,17.50,24,2957.029,BDG2 v1.0
Eagle_food_Jennifer,2016-04-20,food_service,3307.8,13.71,24,3084.474,BDG2 v1.0
Eagle_food_Jennifer,2016-04-21,food_service,3307.8,14.79,24,3152.381,BDG2 v1.0
Eagle_food_Jennifer,2016-04-22,food_service,3307.8,19.83,24,2920.606,BDG2 v1.0
Eagle_food_Jennifer,2016-04-23,food_service,3307.8,16.95,24,2761.968,BDG2 v1.0
Eagle_food_Jennifer,2016-04-24,food_service,3307.8,12.89,24,2837.995,BDG2 v1.0
Eagle_food_Jennifer,2016-04-25,food_service,3307.8,15.54,24,3047.439,BDG2 v1.0
Eagle_food_Jennifer,2016-04-26,food_service,3307.8,17.43,24,3261.331,BDG2 v1.0
Eagle_food_Jennifer,2016-04-27,food_service,3307.8,10.35,24,3000.844,BDG2 v1.0
Eagle_food_Jennifer,2016-04-28,food_service,3307.8,8.64,23,3076.389,BDG2 v1.0
Eagle_food_Jennifer,2016-04-29,food_service,3307.8,8.65,24,3032.901,BDG2 v1.0
Eagle_food_Jennifer,2016-04-30,food_service,3307.8,10.90,24,2780.524,BDG2 v1.0
Eagle_food_Jennifer,2016-05-01,food_service,3307.8,9.01,24,2864.549,BDG2 v1.0
Eagle_food_Jennifer,2016-05-02,food_service,3307.8,11.00,24,3045.895,BDG2 v1.0
Eagle_food_Jennifer,2016-05-03,food_service,3307.8,12.52,24,3209.907,BDG2 v1.0
Eagle_food_Jennifer,2016-05-04,food_service,3307.8,10.02,24,3213.755,BDG2 v1.0
Eagle_food_Jennifer,2016-05-05,food_service,3307.8,10.94,24,499.450,BDG2 v1.0
Eagle_food_Jennifer,2016-05-06,food_service,3307.8,10.12,24,0.000,BDG2 v1.0
Eagle_food_Jennifer,2016-05-07,food_service,3307.8,11.53,24,0.000,BDG2 v1.0
Eagle_food_Jennifer,2016-05-08,food_service,3307.8,14.25,24,0.000,BDG2 v1.0
Eagle_food_Jennifer,2016-05-09,food_service,3307.8,15.03,24,0.000,BDG2 v1.0
Eagle_food_Jennifer,2016-05-10,food_service,3307.8,12.22,24,0.000,BDG2 v1.0
Eagle_food_Jennifer,2016-05-11,food_service,3307.8,15.26,24,0.000,BDG2 v1.0
Eagle_food_Jennifer,2016-05-12,food_service,3307.8,18.82,24,0.000,BDG2 v1.0
Eagle_food_Jennifer,2016-05-13,food_service,3307.8,16.76,24,0.000,BDG2 v1.0
Eagle_food_Jennifer,2016-05-14,food_service,3307.8,16.80,24,0.000,BDG2 v1.0
Eagle_food_Jennifer,2016-05-15,food_service,3307.8,10.46,24,0.000,BDG2 v1.0
Eagle_food_Jennifer,2016-05-16,food_service,3307.8,11.55,24,0.000,BDG2 v1.0
Eagle_food_Jennifer,2016-05-17,food_service,3307.8,13.22,24,0.000,BDG2 v1.0
Eagle_food_Jennifer,2016-05-18,food_service,3307.8,13.83,24,0.000,BDG2 v1.0
Eagle_food_Jennifer,2016-05-19,food_service,3307.8,16.54,24,0.000,BDG2 v1.0
Eagle_food_Jennifer,2016-05-20,food_service,3307.8,17.31,24,0.000,BDG2 v1.0
Eagle_food_Jennifer,2016-05-21,food_service,3307.8,13.80,24,0.000,BDG2 v1.0
Eagle_food_Jennifer,2016-05-22,food_service,3307.8,14.54,24,0.000,BDG2 v1.0
Eagle_food_Jennifer,2016-05-23,food_service,3307.8,16.44,24,0.000,BDG2 v1.0
Eagle_food_Jennifer,2016-05-24,food_service,3307.8,18.82,24,0.000,BDG2 v1.0
Eagle_food_Jennifer,2016-05-25,food_service,3307.8,22.45,24,0.000,BDG2 v1.0
Eagle_food_Jennifer,2016-05-26,food_service,3307.8,24.81,24,1753.508,BDG2 v1.0
Eagle_food_Jennifer,2016-05-27,food_service,3307.8,25.70,24,4522.653,BDG2 v1.0
Eagle_food_Jennifer,2016-05-28,food_service,3307.8,26.07,24,4696.760,BDG2 v1.0
Eagle_food_Jennifer,2016-05-29,food_service,3307.8,24.78,24,4403.581,BDG2 v1.0
Eagle_food_Jennifer,2016-05-30,food_service,3307.8,22.55,24,4318.446,BDG2 v1.0
Eagle_food_Jennifer,2016-05-31,food_service,3307.8,25.14,24,4578.131,BDG2 v1.0
Eagle_food_Jennifer,2016-06-01,food_service,3307.8,23.70,24,4541.126,BDG2 v1.0
Eagle_food_Jennifer,2016-06-02,food_service,3307.8,20.06,24,4675.518,BDG2 v1.0
Eagle_food_Jennifer,2016-06-03,food_service,3307.8,19.40,24,4499.744,BDG2 v1.0
Eagle_food_Jennifer,2016-06-04,food_service,3307.8,23.15,24,4624.860,BDG2 v1.0
Eagle_food_Jennifer,2016-06-05,food_service,3307.8,21.71,24,4507.528,BDG2 v1.0
Eagle_food_Jennifer,2016-06-06,food_service,3307.8,23.68,24,2658.194,BDG2 v1.0
Eagle_food_Jennifer,2016-06-07,food_service,3307.8,23.25,24,899.477,BDG2 v1.0
Eagle_food_Jennifer,2016-06-08,food_service,3307.8,16.25,24,874.568,BDG2 v1.0
Eagle_food_Jennifer,2016-06-09,food_service,3307.8,16.96,24,963.676,BDG2 v1.0
Eagle_food_Jennifer,2016-06-10,food_service,3307.8,18.68,24,869.048,BDG2 v1.0
Eagle_food_Jennifer,2016-06-11,food_service,3307.8,22.84,24,891.438,BDG2 v1.0
Eagle_food_Jennifer,2016-06-12,food_service,3307.8,26.86,24,906.197,BDG2 v1.0
Eagle_food_Jennifer,2016-06-13,food_service,3307.8,19.10,24,848.266,BDG2 v1.0
Eagle_food_Jennifer,2016-06-14,food_service,3307.8,20.63,24,876.730,BDG2 v1.0
Eagle_food_Jennifer,2016-06-15,food_service,3307.8,21.64,24,936.315,BDG2 v1.0
Eagle_food_Jennifer,2016-06-16,food_service,3307.8,20.25,24,996.609,BDG2 v1.0
Eagle_food_Jennifer,2016-06-17,food_service,3307.8,21.58,24,899.996,BDG2 v1.0
Eagle_food_Jennifer,2016-06-18,food_service,3307.8,21.81,24,867.011,BDG2 v1.0
Eagle_food_Jennifer,2016-06-19,food_service,3307.8,24.68,24,858.900,BDG2 v1.0
Eagle_food_Jennifer,2016-06-20,food_service,3307.8,25.39,24,881.574,BDG2 v1.0
Eagle_food_Jennifer,2016-06-21,food_service,3307.8,26.38,24,946.901,BDG2 v1.0
Eagle_food_Jennifer,2016-06-22,food_service,3307.8,23.79,24,928.834,BDG2 v1.0
Eagle_food_Jennifer,2016-06-23,food_service,3307.8,24.18,24,939.985,BDG2 v1.0
Eagle_food_Jennifer,2016-06-24,food_service,3307.8,23.27,24,980.887,BDG2 v1.0
Eagle_food_Jennifer,2016-06-25,food_service,3307.8,23.38,24,902.530,BDG2 v1.0
Eagle_food_Jennifer,2016-06-26,food_service,3307.8,23.54,24,936.103,BDG2 v1.0
Eagle_food_Jennifer,2016-06-27,food_service,3307.8,23.21,23,890.773,BDG2 v1.0
Eagle_food_Jennifer,2016-06-28,food_service,3307.8,23.39,24,860.998,BDG2 v1.0
Eagle_food_Jennifer,2016-06-29,food_service,3307.8,23.17,24,75.172,BDG2 v1.0
Eagle_food_Jennifer,2016-06-30,food_service,3307.8,23.61,24,938.905,BDG2 v1.0
Eagle_food_Jennifer,2016-07-01,food_service,3307.8,23.13,24,431.995,BDG2 v1.0
Eagle_food_Jennifer,2016-07-02,food_service,3307.8,22.23,24,38.788,BDG2 v1.0
Eagle_food_Jennifer,2016-07-03,food_service,3307.8,21.88,24,904.831,BDG2 v1.0
Eagle_food_Jennifer,2016-07-04,food_service,3307.8,21.93,24,890.976,BDG2 v1.0
Eagle_food_Jennifer,2016-07-05,food_service,3307.8,25.58,23,944.900,BDG2 v1.0
Eagle_food_Jennifer,2016-07-06,food_service,3307.8,28.30,24,925.009,BDG2 v1.0
Eagle_food_Jennifer,2016-07-07,food_service,3307.8,28.21,22,1101.541,BDG2 v1.0
Eagle_food_Jennifer,2016-07-08,food_service,3307.8,26.36,24,998.100,BDG2 v1.0
Eagle_food_Jennifer,2016-07-09,food_service,3307.8,21.75,23,984.355,BDG2 v1.0
Eagle_food_Jennifer,2016-07-10,food_service,3307.8,23.07,24,987.828,BDG2 v1.0
Eagle_food_Jennifer,2016-07-11,food_service,3307.8,22.50,24,999.066,BDG2 v1.0
Eagle_food_Jennifer,2016-07-12,food_service,3307.8,24.00,24,1002.904,BDG2 v1.0
Eagle_food_Jennifer,2016-07-13,food_service,3307.8,22.85,24,1107.191,BDG2 v1.0
Eagle_food_Jennifer,2016-07-14,food_service,3307.8,27.68,24,947.244,BDG2 v1.0
Eagle_food_Jennifer,2016-07-15,food_service,3307.8,28.31,24,1102.608,BDG2 v1.0
Eagle_food_Jennifer,2016-07-16,food_service,3307.8,26.04,24,998.904,BDG2 v1.0
Eagle_food_Jennifer,2016-07-17,food_service,3307.8,26.79,24,981.012,BDG2 v1.0
Eagle_food_Jennifer,2016-07-18,food_service,3307.8,26.57,24,1076.073,BDG2 v1.0
Eagle_food_Jennifer,2016-07-19,food_service,3307.8,25.31,21,1027.585,BDG2 v1.0
Eagle_food_Jennifer,2016-07-20,food_service,3307.8,24.00,24,975.537,BDG2 v1.0
Eagle_food_Jennifer,2016-07-21,food_service,3307.8,25.20,24,1154.477,BDG2 v1.0
Eagle_food_Jennifer,2016-07-22,food_service,3307.8,27.57,24,1217.988,BDG2 v1.0
Eagle_food_Jennifer,2016-07-23,food_service,3307.8,29.38,24,1017.667,BDG2 v1.0
Eagle_food_Jennifer,2016-07-24,food_service,3307.8,27.79,24,1022.764,BDG2 v1.0
Eagle_food_Jennifer,2016-07-25,food_service,3307.8,26.52,23,923.258,BDG2 v1.0
Eagle_food_Jennifer,2016-07-27,food_service,3307.8,27.59,24,310.212,BDG2 v1.0
Eagle_food_Jennifer,2016-07-28,food_service,3307.8,25.84,24,1324.101,BDG2 v1.0
Eagle_food_Jennifer,2016-07-29,food_service,3307.8,25.46,24,1070.861,BDG2 v1.0
Eagle_food_Jennifer,2016-07-30,food_service,3307.8,24.14,24,1091.752,BDG2 v1.0
Eagle_food_Jennifer,2016-07-31,food_service,3307.8,25.10,24,924.056,BDG2 v1.0
Eagle_food_Jennifer,2016-08-02,food_service,3307.8,22.72,23,878.756,BDG2 v1.0
Eagle_food_Jennifer,2016-08-03,food_service,3307.8,22.00,24,1069.727,BDG2 v1.0
Eagle_food_Jennifer,2016-08-04,food_service,3307.8,22.20,24,963.353,BDG2 v1.0
Eagle_food_Jennifer,2016-08-05,food_service,3307.8,23.44,24,982.579,BDG2 v1.0
Eagle_food_Jennifer,2016-08-06,food_service,3307.8,25.69,23,941.405,BDG2 v1.0
Eagle_food_Jennifer,2016-08-07,food_service,3307.8,24.95,24,914.393,BDG2 v1.0
Eagle_food_Jennifer,2016-08-08,food_service,3307.8,23.67,24,1125.582,BDG2 v1.0
Eagle_food_Jennifer,2016-08-09,food_service,3307.8,23.90,24,1260.863,BDG2 v1.0
Eagle_food_Jennifer,2016-08-10,food_service,3307.8,27.52,24,1281.879,BDG2 v1.0
Eagle_food_Jennifer,2016-08-11,food_service,3307.8,28.53,23,1531.736,BDG2 v1.0
Eagle_food_Jennifer,2016-08-12,food_service,3307.8,28.18,24,1372.839,BDG2 v1.0
Eagle_food_Jennifer,2016-08-13,food_service,3307.8,30.26,24,1480.875,BDG2 v1.0
Eagle_food_Jennifer,2016-08-14,food_service,3307.8,29.97,24,1569.060,BDG2 v1.0
Eagle_food_Jennifer,2016-08-15,food_service,3307.8,27.57,24,1795.691,BDG2 v1.0
Eagle_food_Jennifer,2016-08-16,food_service,3307.8,28.29,24,1597.021,BDG2 v1.0
Eagle_food_Jennifer,2016-08-17,food_service,3307.8,27.21,24,1588.496,BDG2 v1.0
Eagle_food_Jennifer,2016-08-18,food_service,3307.8,25.32,24,1518.516,BDG2 v1.0
Eagle_food_Jennifer,2016-08-19,food_service,3307.8,26.55,24,2649.622,BDG2 v1.0
Eagle_food_Jennifer,2016-08-20,food_service,3307.8,25.87,24,2957.315,BDG2 v1.0
Eagle_food_Jennifer,2016-08-21,food_service,3307.8,24.81,24,3184.860,BDG2 v1.0
Eagle_food_Jennifer,2016-08-22,food_service,3307.8,22.42,24,3243.707,BDG2 v1.0
Eagle_food_Jennifer,2016-08-23,food_service,3307.8,20.65,24,3297.191,BDG2 v1.0
Eagle_food_Jennifer,2016-08-24,food_service,3307.8,22.82,23,2770.584,BDG2 v1.0
Eagle_food_Jennifer,2016-08-26,food_service,3307.8,27.68,24,3619.271,BDG2 v1.0
Eagle_food_Jennifer,2016-08-27,food_service,3307.8,25.68,24,3334.920,BDG2 v1.0
Eagle_food_Jennifer,2016-08-28,food_service,3307.8,24.72,23,2825.230,BDG2 v1.0
Eagle_food_Jennifer,2016-08-29,food_service,3307.8,26.50,24,3393.925,BDG2 v1.0
Eagle_food_Jennifer,2016-08-30,food_service,3307.8,24.48,24,3322.144,BDG2 v1.0
Eagle_food_Jennifer,2016-08-31,food_service,3307.8,26.27,24,3231.326,BDG2 v1.0
Eagle_food_Jennifer,2016-09-01,food_service,3307.8,23.01,24,3384.568,BDG2 v1.0
Eagle_food_Jennifer,2016-09-02,food_service,3307.8,21.44,24,3256.636,BDG2 v1.0
Eagle_food_Jennifer,2016-09-03,food_service,3307.8,20.46,24,3159.755,BDG2 v1.0
Eagle_food_Jennifer,2016-09-04,food_service,3307.8,20.45,24,3098.148,BDG2 v1.0
Eagle_food_Jennifer,2016-09-05,food_service,3307.8,21.74,24,3075.682,BDG2 v1.0
Eagle_food_Jennifer,2016-09-06,food_service,3307.8,24.95,24,3381.675,BDG2 v1.0
Eagle_food_Jennifer,2016-09-07,food_service,3307.8,25.72,24,3191.412,BDG2 v1.0
Eagle_food_Jennifer,2016-09-08,food_service,3307.8,27.13,24,3549.948,BDG2 v1.0
Eagle_food_Jennifer,2016-09-09,food_service,3307.8,29.54,24,3398.134,BDG2 v1.0
Eagle_food_Jennifer,2016-09-10,food_service,3307.8,28.39,24,3185.791,BDG2 v1.0
Eagle_food_Jennifer,2016-09-11,food_service,3307.8,25.96,24,2995.607,BDG2 v1.0
Eagle_food_Jennifer,2016-09-12,food_service,3307.8,19.95,24,3372.724,BDG2 v1.0
Eagle_food_Jennifer,2016-09-13,food_service,3307.8,21.22,24,3274.288,BDG2 v1.0
Eagle_food_Jennifer,2016-09-14,food_service,3307.8,24.56,24,3300.446,BDG2 v1.0
Eagle_food_Jennifer,2016-09-15,food_service,3307.8,20.11,23,3377.367,BDG2 v1.0
Eagle_food_Jennifer,2016-09-16,food_service,3307.8,17.45,24,3218.132,BDG2 v1.0
Eagle_food_Jennifer,2016-09-17,food_service,3307.8,19.70,24,2927.524,BDG2 v1.0
Eagle_food_Jennifer,2016-09-18,food_service,3307.8,23.85,24,2774.832,BDG2 v1.0
Eagle_food_Jennifer,2016-09-19,food_service,3307.8,21.82,24,3438.532,BDG2 v1.0
Eagle_food_Jennifer,2016-09-20,food_service,3307.8,22.87,23,3250.276,BDG2 v1.0
Eagle_food_Jennifer,2016-09-21,food_service,3307.8,22.82,24,3171.055,BDG2 v1.0
Eagle_food_Jennifer,2016-09-22,food_service,3307.8,21.67,24,3085.360,BDG2 v1.0
Eagle_food_Jennifer,2016-09-23,food_service,3307.8,21.90,24,3327.513,BDG2 v1.0
Eagle_food_Jennifer,2016-09-24,food_service,3307.8,18.15,24,3054.933,BDG2 v1.0
Eagle_food_Jennifer,2016-09-25,food_service,3307.8,15.28,24,2970.352,BDG2 v1.0
Eagle_food_Jennifer,2016-09-26,food_service,3307.8,15.90,24,3193.928,BDG2 v1.0
Eagle_food_Jennifer,2016-09-27,food_service,3307.8,19.34,24,2935.233,BDG2 v1.0
Eagle_food_Jennifer,2016-09-28,food_service,3307.8,16.19,24,3053.530,BDG2 v1.0
Eagle_food_Jennifer,2016-09-29,food_service,3307.8,15.25,24,3255.873,BDG2 v1.0
Eagle_food_Jennifer,2016-09-30,food_service,3307.8,14.20,24,2287.141,BDG2 v1.0
Eagle_food_Jennifer,2016-10-01,food_service,3307.8,14.79,24,1225.119,BDG2 v1.0
Eagle_food_Jennifer,2016-10-02,food_service,3307.8,15.54,24,1199.797,BDG2 v1.0
Eagle_food_Jennifer,2016-10-03,food_service,3307.8,18.05,24,1284.809,BDG2 v1.0
Eagle_food_Jennifer,2016-10-04,food_service,3307.8,16.17,24,2335.947,BDG2 v1.0
Eagle_food_Jennifer,2016-10-05,food_service,3307.8,15.14,24,3000.870,BDG2 v1.0
Eagle_food_Jennifer,2016-10-06,food_service,3307.8,15.40,24,3117.981,BDG2 v1.0
Eagle_food_Jennifer,2016-10-07,food_service,3307.8,15.77,24,3276.213,BDG2 v1.0
Eagle_food_Jennifer,2016-10-08,food_service,3307.8,16.43,24,2666.746,BDG2 v1.0
Eagle_food_Jennifer,2016-10-09,food_service,3307.8,14.22,24,2556.608,BDG2 v1.0
Eagle_food_Jennifer,2016-10-10,food_service,3307.8,11.85,24,2676.590,BDG2 v1.0
Eagle_food_Jennifer,2016-10-11,food_service,3307.8,10.79,24,3060.678,BDG2 v1.0
Eagle_food_Jennifer,2016-10-12,food_service,3307.8,13.01,24,3060.890,BDG2 v1.0
Eagle_food_Jennifer,2016-10-13,food_service,3307.8,12.99,24,3143.192,BDG2 v1.0
Eagle_food_Jennifer,2016-10-14,food_service,3307.8,11.60,24,3242.439,BDG2 v1.0
Eagle_food_Jennifer,2016-10-15,food_service,3307.8,11.04,24,2918.876,BDG2 v1.0
Eagle_food_Jennifer,2016-10-16,food_service,3307.8,13.27,23,2638.198,BDG2 v1.0
Eagle_food_Jennifer,2016-10-17,food_service,3307.8,20.28,24,3052.872,BDG2 v1.0
Eagle_food_Jennifer,2016-10-18,food_service,3307.8,20.91,24,3259.257,BDG2 v1.0
Eagle_food_Jennifer,2016-10-19,food_service,3307.8,23.45,24,3338.696,BDG2 v1.0
Eagle_food_Jennifer,2016-10-20,food_service,3307.8,19.49,24,2993.717,BDG2 v1.0
Eagle_food_Jennifer,2016-10-21,food_service,3307.8,20.95,24,3204.709,BDG2 v1.0
Eagle_food_Jennifer,2016-10-22,food_service,3307.8,10.13,23,2511.255,BDG2 v1.0
Eagle_food_Jennifer,2016-10-23,food_service,3307.8,11.78,24,2683.876,BDG2 v1.0
Eagle_food_Jennifer,2016-10-24,food_service,3307.8,12.97,24,2936.537,BDG2 v1.0
Eagle_food_Jennifer,2016-10-25,food_service,3307.8,8.56,24,3061.461,BDG2 v1.0
Eagle_food_Jennifer,2016-10-26,food_service,3307.8,5.90,24,3145.905,BDG2 v1.0
Eagle_food_Jennifer,2016-10-27,food_service,3307.8,8.36,24,3128.870,BDG2 v1.0
Eagle_food_Jennifer,2016-10-28,food_service,3307.8,8.94,24,3031.055,BDG2 v1.0
Eagle_food_Jennifer,2016-10-29,food_service,3307.8,10.03,24,2497.084,BDG2 v1.0
Eagle_food_Jennifer,2016-10-30,food_service,3307.8,18.45,24,2546.341,BDG2 v1.0
Eagle_food_Jennifer,2016-10-31,food_service,3307.8,9.69,24,3244.919,BDG2 v1.0
Eagle_food_Jennifer,2016-11-01,food_service,3307.8,8.76,24,3203.133,BDG2 v1.0
Eagle_food_Jennifer,2016-11-02,food_service,3307.8,14.91,24,2984.962,BDG2 v1.0
Eagle_food_Jennifer,2016-11-03,food_service,3307.8,16.25,24,3052.809,BDG2 v1.0
Eagle_food_Jennifer,2016-11-04,food_service,3307.8,12.09,24,3151.878,BDG2 v1.0
Eagle_food_Jennifer,2016-11-05,food_service,3307.8,9.29,24,2609.879,BDG2 v1.0
Eagle_food_Jennifer,2016-11-06,food_service,3307.8,11.60,24,2496.766,BDG2 v1.0
Eagle_food_Jennifer,2016-11-07,food_service,3307.8,6.81,24,2735.721,BDG2 v1.0
Eagle_food_Jennifer,2016-11-08,food_service,3307.8,10.10,24,3085.322,BDG2 v1.0
Eagle_food_Jennifer,2016-11-09,food_service,3307.8,10.63,24,2962.605,BDG2 v1.0
Eagle_food_Jennifer,2016-11-10,food_service,3307.8,8.47,24,3069.185,BDG2 v1.0
Eagle_food_Jennifer,2016-11-11,food_service,3307.8,10.05,24,2935.927,BDG2 v1.0
Eagle_food_Jennifer,2016-11-12,food_service,3307.8,5.02,24,2608.464,BDG2 v1.0
Eagle_food_Jennifer,2016-11-13,food_service,3307.8,7.61,24,2599.687,BDG2 v1.0
Eagle_food_Jennifer,2016-11-14,food_service,3307.8,8.55,24,2910.441,BDG2 v1.0
Eagle_food_Jennifer,2016-11-15,food_service,3307.8,9.93,24,2978.315,BDG2 v1.0
Eagle_food_Jennifer,2016-11-16,food_service,3307.8,10.10,24,2949.730,BDG2 v1.0
Eagle_food_Jennifer,2016-11-17,food_service,3307.8,11.70,24,2968.441,BDG2 v1.0
Eagle_food_Jennifer,2016-11-18,food_service,3307.8,10.79,24,3229.947,BDG2 v1.0
Eagle_food_Jennifer,2016-11-19,food_service,3307.8,10.48,24,2771.731,BDG2 v1.0
Eagle_food_Jennifer,2016-11-20,food_service,3307.8,4.16,24,2603.040,BDG2 v1.0
Eagle_food_Jennifer,2016-11-21,food_service,3307.8,3.91,24,2921.694,BDG2 v1.0
Eagle_food_Jennifer,2016-11-22,food_service,3307.8,3.98,24,2400.908,BDG2 v1.0
Eagle_food_Jennifer,2016-11-23,food_service,3307.8,3.82,24,1158.530,BDG2 v1.0
Eagle_food_Jennifer,2016-11-24,food_service,3307.8,6.52,24,1167.585,BDG2 v1.0
Eagle_food_Jennifer,2016-11-25,food_service,3307.8,8.73,24,1184.198,BDG2 v1.0
Eagle_food_Jennifer,2016-11-26,food_service,3307.8,6.85,24,1115.767,BDG2 v1.0
Eagle_food_Jennifer,2016-11-27,food_service,3307.8,4.90,24,1638.886,BDG2 v1.0
Eagle_food_Jennifer,2016-11-28,food_service,3307.8,5.30,24,2904.938,BDG2 v1.0
Eagle_food_Jennifer,2016-11-29,food_service,3307.8,12.27,24,2946.044,BDG2 v1.0
Eagle_food_Jennifer,2016-11-30,food_service,3307.8,12.49,24,2909.765,BDG2 v1.0
Eagle_food_Jennifer,2016-12-01,food_service,3307.8,10.08,24,2148.220,BDG2 v1.0
Eagle_food_Jennifer,2016-12-02,food_service,3307.8,6.34,24,2790.039,BDG2 v1.0
Eagle_food_Jennifer,2016-12-03,food_service,3307.8,7.15,24,2625.443,BDG2 v1.0
Eagle_food_Jennifer,2016-12-04,food_service,3307.8,5.88,24,2633.724,BDG2 v1.0
Eagle_food_Jennifer,2016-12-05,food_service,3307.8,5.20,24,3096.255,BDG2 v1.0
Eagle_food_Jennifer,2016-12-06,food_service,3307.8,3.95,24,2930.377,BDG2 v1.0
Eagle_food_Jennifer,2016-12-07,food_service,3307.8,4.77,24,3018.741,BDG2 v1.0
Eagle_food_Jennifer,2016-12-10,food_service,3307.8,-0.67,24,2695.849,BDG2 v1.0
Eagle_food_Jennifer,2016-12-11,food_service,3307.8,-1.27,24,2469.565,BDG2 v1.0
Eagle_food_Jennifer,2016-12-12,food_service,3307.8,4.55,24,2913.233,BDG2 v1.0
Eagle_food_Jennifer,2016-12-13,food_service,3307.8,2.94,24,2876.604,BDG2 v1.0
Eagle_food_Jennifer,2016-12-14,food_service,3307.8,1.82,24,2774.119,BDG2 v1.0
Eagle_food_Jennifer,2016-12-15,food_service,3307.8,-4.68,24,2836.568,BDG2 v1.0
Eagle_food_Jennifer,2016-12-16,food_service,3307.8,-6.72,24,2422.560,BDG2 v1.0
Eagle_food_Jennifer,2016-12-17,food_service,3307.8,-1.30,24,1164.256,BDG2 v1.0
Eagle_food_Jennifer,2016-12-18,food_service,3307.8,7.09,24,1114.498,BDG2 v1.0
Eagle_food_Jennifer,2016-12-19,food_service,3307.8,-2.85,24,1079.363,BDG2 v1.0
Eagle_food_Jennifer,2016-12-20,food_service,3307.8,-4.09,24,1108.799,BDG2 v1.0
Eagle_food_Jennifer,2016-12-21,food_service,3307.8,0.19,24,1086.600,BDG2 v1.0
Eagle_food_Jennifer,2016-12-22,food_service,3307.8,3.62,24,1122.956,BDG2 v1.0
Eagle_food_Jennifer,2016-12-23,food_service,3307.8,3.66,24,1049.481,BDG2 v1.0
Eagle_food_Jennifer,2016-12-24,food_service,3307.8,4.81,24,1082.666,BDG2 v1.0
Eagle_food_Jennifer,2016-12-25,food_service,3307.8,4.95,24,1044.498,BDG2 v1.0
Eagle_food_Jennifer,2016-12-26,food_service,3307.8,3.06,24,1058.018,BDG2 v1.0
Eagle_food_Jennifer,2016-12-27,food_service,3307.8,12.47,24,1059.753,BDG2 v1.0
Eagle_food_Jennifer,2016-12-28,food_service,3307.8,3.46,24,1025.871,BDG2 v1.0
Eagle_food_Jennifer,2016-12-29,food_service,3307.8,2.16,23,979.882,BDG2 v1.0
Eagle_food_Jennifer,2016-12-30,food_service,3307.8,2.08,24,1069.230,BDG2 v1.0
Eagle_food_Jennifer,2016-12-31,food_service,3307.8,2.07,24,1061.153,BDG2 v1.0
Eagle_food_Jennifer,2017-01-01,food_service,3307.8,6.30,24,1072.387,BDG2 v1.0
Eagle_food_Jennifer,2017-01-02,food_service,3307.8,3.07,24,1085.527,BDG2 v1.0
Eagle_food_Jennifer,2017-01-03,food_service,3307.8,5.57,24,1132.542,BDG2 v1.0
Eagle_food_Jennifer,2017-01-04,food_service,3307.8,7.04,24,1158.615,BDG2 v1.0
Eagle_food_Jennifer,2017-01-05,food_service,3307.8,-1.42,24,1103.002,BDG2 v1.0
Eagle_food_Jennifer,2017-01-06,food_service,3307.8,-2.18,24,1085.695,BDG2 v1.0
Eagle_food_Jennifer,2017-01-07,food_service,3307.8,-5.85,24,1058.313,BDG2 v1.0
Eagle_food_Jennifer,2017-01-08,food_service,3307.8,-7.38,24,1056.741,BDG2 v1.0
Eagle_food_Jennifer,2017-01-09,food_service,3307.8,-8.83,24,1090.862,BDG2 v1.0
Eagle_food_Jennifer,2017-01-10,food_service,3307.8,-4.08,24,1151.320,BDG2 v1.0
Eagle_food_Jennifer,2017-01-11,food_service,3307.8,7.05,24,1134.309,BDG2 v1.0
Eagle_food_Jennifer,2017-01-12,food_service,3307.8,14.68,24,1181.768,BDG2 v1.0
Eagle_food_Jennifer,2017-01-13,food_service,3307.8,8.52,24,1272.840,BDG2 v1.0
Eagle_food_Jennifer,2017-01-14,food_service,3307.8,-0.42,24,1117.200,BDG2 v1.0
Eagle_food_Jennifer,2017-01-15,food_service,3307.8,-0.10,24,1890.685,BDG2 v1.0
Eagle_food_Jennifer,2017-01-16,food_service,3307.8,0.46,24,2552.187,BDG2 v1.0
Eagle_food_Jennifer,2017-01-17,food_service,3307.8,4.55,24,2744.003,BDG2 v1.0
Eagle_food_Jennifer,2017-01-18,food_service,3307.8,5.00,24,3028.386,BDG2 v1.0
Eagle_food_Jennifer,2017-01-19,food_service,3307.8,5.26,24,3158.159,BDG2 v1.0
Eagle_food_Jennifer,2017-01-20,food_service,3307.8,2.52,24,2898.521,BDG2 v1.0
Eagle_food_Jennifer,2017-01-21,food_service,3307.8,6.46,24,2679.191,BDG2 v1.0
Eagle_food_Jennifer,2017-01-22,food_service,3307.8,7.72,24,2572.406,BDG2 v1.0
Eagle_food_Jennifer,2017-01-23,food_service,3307.8,4.21,24,2926.966,BDG2 v1.0
Eagle_food_Jennifer,2017-01-24,food_service,3307.8,3.51,24,2847.870,BDG2 v1.0
Eagle_food_Jennifer,2017-01-25,food_service,3307.8,6.92,24,3414.702,BDG2 v1.0
Eagle_food_Jennifer,2017-01-26,food_service,3307.8,7.45,24,3049.931,BDG2 v1.0
Eagle_food_Jennifer,2017-01-27,food_service,3307.8,4.16,24,2866.256,BDG2 v1.0
Eagle_food_Jennifer,2017-01-28,food_service,3307.8,1.12,24,2700.702,BDG2 v1.0
Eagle_food_Jennifer,2017-01-29,food_service,3307.8,1.68,24,2807.510,BDG2 v1.0
Eagle_food_Jennifer,2017-01-30,food_service,3307.8,-0.00,24,2872.960,BDG2 v1.0
Eagle_food_Jennifer,2017-01-31,food_service,3307.8,-1.68,24,3584.688,BDG2 v1.0
Eagle_food_Jennifer,2017-02-01,food_service,3307.8,4.61,24,0.000,BDG2 v1.0
Eagle_food_Jennifer,2017-02-02,food_service,3307.8,2.97,24,621.909,BDG2 v1.0
Eagle_food_Jennifer,2017-02-03,food_service,3307.8,-1.83,24,3031.723,BDG2 v1.0
Eagle_food_Jennifer,2017-02-04,food_service,3307.8,-2.75,24,2630.636,BDG2 v1.0
Eagle_food_Jennifer,2017-02-05,food_service,3307.8,1.36,24,2542.546,BDG2 v1.0
Eagle_food_Jennifer,2017-02-06,food_service,3307.8,6.09,24,2536.078,BDG2 v1.0
Eagle_food_Jennifer,2017-02-07,food_service,3307.8,4.53,24,2979.759,BDG2 v1.0
Eagle_food_Jennifer,2017-02-08,food_service,3307.8,9.98,24,2914.828,BDG2 v1.0
Eagle_food_Jennifer,2017-02-09,food_service,3307.8,-0.97,24,2949.810,BDG2 v1.0
Eagle_food_Jennifer,2017-02-10,food_service,3307.8,-3.76,24,2773.433,BDG2 v1.0
Eagle_food_Jennifer,2017-02-11,food_service,3307.8,2.87,24,2369.279,BDG2 v1.0
Eagle_food_Jennifer,2017-02-12,food_service,3307.8,2.05,24,2730.486,BDG2 v1.0
Eagle_food_Jennifer,2017-02-13,food_service,3307.8,2.55,24,2847.961,BDG2 v1.0
Eagle_food_Jennifer,2017-02-14,food_service,3307.8,0.75,24,3127.530,BDG2 v1.0
Eagle_food_Jennifer,2017-02-15,food_service,3307.8,2.56,24,2788.663,BDG2 v1.0
Eagle_food_Jennifer,2017-02-16,food_service,3307.8,0.92,24,2811.132,BDG2 v1.0
Eagle_food_Jennifer,2017-02-17,food_service,3307.8,1.04,24,3136.513,BDG2 v1.0
Eagle_food_Jennifer,2017-02-18,food_service,3307.8,8.12,24,2477.782,BDG2 v1.0
Eagle_food_Jennifer,2017-02-19,food_service,3307.8,14.77,24,2712.437,BDG2 v1.0
Eagle_food_Jennifer,2017-02-20,food_service,3307.8,9.14,24,3139.691,BDG2 v1.0
Eagle_food_Jennifer,2017-02-21,food_service,3307.8,4.83,24,2755.080,BDG2 v1.0
Eagle_food_Jennifer,2017-02-22,food_service,3307.8,8.41,24,2806.234,BDG2 v1.0
Eagle_food_Jennifer,2017-02-23,food_service,3307.8,12.59,24,3287.350,BDG2 v1.0
Eagle_food_Jennifer,2017-02-24,food_service,3307.8,16.53,24,3053.681,BDG2 v1.0
Eagle_food_Jennifer,2017-02-25,food_service,3307.8,15.14,24,2626.824,BDG2 v1.0
Eagle_food_Jennifer,2017-02-26,food_service,3307.8,3.49,24,2422.932,BDG2 v1.0
Eagle_food_Jennifer,2017-02-27,food_service,3307.8,5.08,24,2963.269,BDG2 v1.0
Eagle_food_Jennifer,2017-02-28,food_service,3307.8,11.79,24,2818.630,BDG2 v1.0
Eagle_food_Jennifer,2017-03-01,food_service,3307.8,17.11,24,2916.970,BDG2 v1.0
Eagle_food_Jennifer,2017-03-02,food_service,3307.8,8.31,24,3032.453,BDG2 v1.0
Eagle_food_Jennifer,2017-03-03,food_service,3307.8,0.37,24,2394.036,BDG2 v1.0
Eagle_food_Jennifer,2017-03-04,food_service,3307.8,-3.71,24,1066.283,BDG2 v1.0
Eagle_food_Jennifer,2017-03-05,food_service,3307.8,-3.88,24,1055.336,BDG2 v1.0
Eagle_food_Jennifer,2017-03-06,food_service,3307.8,1.76,24,1078.187,BDG2 v1.0
Eagle_food_Jennifer,2017-03-07,food_service,3307.8,10.05,24,1105.208,BDG2 v1.0
Eagle_food_Jennifer,2017-03-08,food_service,3307.8,13.42,24,1107.681,BDG2 v1.0
Eagle_food_Jennifer,2017-03-09,food_service,3307.8,13.45,24,1152.265,BDG2 v1.0
Eagle_food_Jennifer,2017-03-10,food_service,3307.8,1.76,24,1165.197,BDG2 v1.0
Eagle_food_Jennifer,2017-03-11,food_service,3307.8,-4.74,24,1010.633,BDG2 v1.0
Eagle_food_Jennifer,2017-03-12,food_service,3307.8,-3.80,24,1748.561,BDG2 v1.0
Eagle_food_Jennifer,2017-03-13,food_service,3307.8,-2.97,24,2955.238,BDG2 v1.0
Eagle_food_Jennifer,2017-03-14,food_service,3307.8,-1.65,24,2930.034,BDG2 v1.0
Eagle_food_Jennifer,2017-03-15,food_service,3307.8,-4.62,24,2804.555,BDG2 v1.0
Eagle_food_Jennifer,2017-03-16,food_service,3307.8,-0.43,24,3101.118,BDG2 v1.0
Eagle_food_Jennifer,2017-03-17,food_service,3307.8,2.01,24,3150.198,BDG2 v1.0
Eagle_food_Jennifer,2017-03-18,food_service,3307.8,1.49,24,2565.076,BDG2 v1.0
Eagle_food_Jennifer,2017-03-19,food_service,3307.8,4.70,24,2478.761,BDG2 v1.0
Eagle_food_Jennifer,2017-03-20,food_service,3307.8,5.58,24,2912.691,BDG2 v1.0
Eagle_food_Jennifer,2017-03-21,food_service,3307.8,8.82,24,2890.638,BDG2 v1.0
Eagle_food_Jennifer,2017-03-22,food_service,3307.8,2.71,24,3139.609,BDG2 v1.0
Eagle_food_Jennifer,2017-03-23,food_service,3307.8,-0.46,24,2827.409,BDG2 v1.0
Eagle_food_Jennifer,2017-03-24,food_service,3307.8,5.88,24,2848.333,BDG2 v1.0
Eagle_food_Jennifer,2017-03-25,food_service,3307.8,11.66,24,2465.130,BDG2 v1.0
Eagle_food_Jennifer,2017-03-26,food_service,3307.8,5.21,24,2658.275,BDG2 v1.0
Eagle_food_Jennifer,2017-03-27,food_service,3307.8,8.00,24,3076.911,BDG2 v1.0
Eagle_food_Jennifer,2017-03-28,food_service,3307.8,8.45,24,3092.349,BDG2 v1.0
Eagle_food_Jennifer,2017-03-29,food_service,3307.8,9.90,24,3159.363,BDG2 v1.0
Eagle_food_Jennifer,2017-03-30,food_service,3307.8,5.72,24,3116.552,BDG2 v1.0
Eagle_food_Jennifer,2017-03-31,food_service,3307.8,4.67,24,2964.761,BDG2 v1.0
Eagle_food_Jennifer,2017-04-01,food_service,3307.8,6.45,24,1093.090,BDG2 v1.0
Eagle_food_Jennifer,2017-04-02,food_service,3307.8,10.31,24,2490.215,BDG2 v1.0
Eagle_food_Jennifer,2017-04-03,food_service,3307.8,11.87,24,2906.216,BDG2 v1.0
Eagle_food_Jennifer,2017-04-04,food_service,3307.8,14.05,24,2953.798,BDG2 v1.0
Eagle_food_Jennifer,2017-04-05,food_service,3307.8,12.55,24,2884.765,BDG2 v1.0
Eagle_food_Jennifer,2017-04-06,food_service,3307.8,8.20,23,2873.772,BDG2 v1.0
Eagle_food_Jennifer,2017-04-07,food_service,3307.8,7.18,24,2811.664,BDG2 v1.0
Eagle_food_Jennifer,2017-04-08,food_service,3307.8,8.50,24,2420.675,BDG2 v1.0
Eagle_food_Jennifer,2017-04-09,food_service,3307.8,11.50,24,2571.183,BDG2 v1.0
Eagle_food_Jennifer,2017-04-10,food_service,3307.8,16.53,24,3025.823,BDG2 v1.0
Eagle_food_Jennifer,2017-04-11,food_service,3307.8,20.18,20,2503.932,BDG2 v1.0
Eagle_food_Jennifer,2017-04-19,food_service,3307.8,10.17,23,4143.822,BDG2 v1.0
Eagle_food_Jennifer,2017-04-22,food_service,3307.8,11.83,22,4419.394,BDG2 v1.0
Eagle_food_Jennifer,2017-04-23,food_service,3307.8,11.80,23,3734.007,BDG2 v1.0
Eagle_food_Jennifer,2017-04-24,food_service,3307.8,10.74,24,4288.949,BDG2 v1.0
Eagle_food_Jennifer,2017-04-25,food_service,3307.8,11.88,23,4122.061,BDG2 v1.0
Eagle_food_Jennifer,2017-05-03,food_service,3307.8,15.60,21,4238.233,BDG2 v1.0
Eagle_food_Jennifer,2017-05-04,food_service,3307.8,11.89,21,4088.879,BDG2 v1.0
Eagle_food_Jennifer,2017-05-06,food_service,3307.8,16.12,23,4291.987,BDG2 v1.0
Eagle_food_Jennifer,2017-05-07,food_service,3307.8,10.63,23,3916.171,BDG2 v1.0
Eagle_food_Jennifer,2017-05-08,food_service,3307.8,10.08,23,4196.295,BDG2 v1.0
Eagle_food_Jennifer,2017-05-09,food_service,3307.8,11.24,22,4015.626,BDG2 v1.0
Eagle_food_Jennifer,2017-05-11,food_service,3307.8,11.55,23,4389.588,BDG2 v1.0
Eagle_food_Jennifer,2017-05-12,food_service,3307.8,11.25,24,3549.900,BDG2 v1.0
Eagle_food_Jennifer,2017-05-13,food_service,3307.8,9.70,24,2316.208,BDG2 v1.0
Eagle_food_Jennifer,2017-05-14,food_service,3307.8,12.80,24,2244.732,BDG2 v1.0
Eagle_food_Jennifer,2017-05-15,food_service,3307.8,15.49,24,2501.015,BDG2 v1.0
Eagle_food_Jennifer,2017-05-16,food_service,3307.8,19.19,24,1889.502,BDG2 v1.0
Eagle_food_Jennifer,2017-05-17,food_service,3307.8,23.43,24,776.403,BDG2 v1.0
Eagle_food_Jennifer,2017-05-18,food_service,3307.8,27.79,24,853.666,BDG2 v1.0
Eagle_food_Jennifer,2017-05-19,food_service,3307.8,27.78,24,836.706,BDG2 v1.0
Eagle_food_Jennifer,2017-05-20,food_service,3307.8,16.30,24,792.694,BDG2 v1.0
Eagle_food_Jennifer,2017-05-21,food_service,3307.8,14.76,24,765.647,BDG2 v1.0
Eagle_food_Jennifer,2017-05-22,food_service,3307.8,14.60,24,783.441,BDG2 v1.0
Eagle_food_Jennifer,2017-05-23,food_service,3307.8,16.31,24,791.139,BDG2 v1.0
Eagle_food_Jennifer,2017-05-24,food_service,3307.8,16.43,24,737.598,BDG2 v1.0
Eagle_food_Jennifer,2017-05-25,food_service,3307.8,14.32,23,706.736,BDG2 v1.0
Eagle_food_Jennifer,2017-05-26,food_service,3307.8,18.43,24,671.464,BDG2 v1.0
Eagle_food_Jennifer,2017-05-27,food_service,3307.8,18.84,24,628.678,BDG2 v1.0
Eagle_food_Jennifer,2017-05-28,food_service,3307.8,18.05,24,646.321,BDG2 v1.0
Eagle_food_Jennifer,2017-05-29,food_service,3307.8,14.64,24,622.485,BDG2 v1.0
Eagle_food_Jennifer,2017-05-30,food_service,3307.8,14.53,24,725.204,BDG2 v1.0
Eagle_food_Jennifer,2017-05-31,food_service,3307.8,19.58,24,717.142,BDG2 v1.0
Eagle_food_Jennifer,2017-06-01,food_service,3307.8,21.60,24,699.051,BDG2 v1.0
Eagle_food_Jennifer,2017-06-02,food_service,3307.8,19.60,24,703.123,BDG2 v1.0
Eagle_food_Jennifer,2017-06-03,food_service,3307.8,16.57,24,695.808,BDG2 v1.0
Eagle_food_Jennifer,2017-06-04,food_service,3307.8,16.97,24,632.597,BDG2 v1.0
Eagle_food_Jennifer,2017-06-05,food_service,3307.8,19.05,24,729.941,BDG2 v1.0
Eagle_food_Jennifer,2017-06-06,food_service,3307.8,14.71,24,721.876,BDG2 v1.0
Eagle_food_Jennifer,2017-06-07,food_service,3307.8,15.08,24,720.495,BDG2 v1.0
Eagle_food_Jennifer,2017-06-08,food_service,3307.8,15.84,24,729.390,BDG2 v1.0
Eagle_food_Jennifer,2017-06-09,food_service,3307.8,19.40,24,661.944,BDG2 v1.0
Eagle_food_Jennifer,2017-06-10,food_service,3307.8,24.10,24,667.240,BDG2 v1.0
Eagle_food_Jennifer,2017-06-11,food_service,3307.8,26.85,24,710.815,BDG2 v1.0
Eagle_food_Jennifer,2017-06-12,food_service,3307.8,28.19,24,735.339,BDG2 v1.0
Eagle_food_Jennifer,2017-06-13,food_service,3307.8,28.88,24,796.319,BDG2 v1.0
Eagle_food_Jennifer,2017-06-14,food_service,3307.8,24.89,24,774.113,BDG2 v1.0
Eagle_food_Jennifer,2017-06-15,food_service,3307.8,21.25,24,776.850,BDG2 v1.0
Eagle_food_Jennifer,2017-06-16,food_service,3307.8,19.65,23,743.996,BDG2 v1.0
Eagle_food_Jennifer,2017-06-17,food_service,3307.8,21.60,24,759.087,BDG2 v1.0
Eagle_food_Jennifer,2017-06-18,food_service,3307.8,26.32,24,696.027,BDG2 v1.0
Eagle_food_Jennifer,2017-06-19,food_service,3307.8,25.75,24,740.232,BDG2 v1.0
Eagle_food_Jennifer,2017-06-20,food_service,3307.8,24.84,24,740.919,BDG2 v1.0
Eagle_food_Jennifer,2017-06-21,food_service,3307.8,24.11,24,773.236,BDG2 v1.0
Eagle_food_Jennifer,2017-06-22,food_service,3307.8,24.48,24,817.652,BDG2 v1.0
Eagle_food_Jennifer,2017-06-23,food_service,3307.8,26.10,24,698.412,BDG2 v1.0
Eagle_food_Jennifer,2017-06-24,food_service,3307.8,25.65,24,611.569,BDG2 v1.0
Eagle_food_Jennifer,2017-06-25,food_service,3307.8,24.44,24,552.960,BDG2 v1.0
Eagle_food_Jennifer,2017-06-26,food_service,3307.8,21.92,24,623.271,BDG2 v1.0
Eagle_food_Jennifer,2017-06-27,food_service,3307.8,20.21,24,623.162,BDG2 v1.0
Eagle_food_Jennifer,2017-06-28,food_service,3307.8,20.57,24,617.130,BDG2 v1.0
Eagle_food_Jennifer,2017-06-29,food_service,3307.8,23.72,24,759.195,BDG2 v1.0
Eagle_food_Jennifer,2017-06-30,food_service,3307.8,26.95,24,815.537,BDG2 v1.0
Eagle_food_Jennifer,2017-07-01,food_service,3307.8,25.48,24,720.667,BDG2 v1.0
Eagle_food_Jennifer,2017-07-02,food_service,3307.8,26.21,24,701.386,BDG2 v1.0
Eagle_food_Jennifer,2017-07-03,food_service,3307.8,26.97,24,698.693,BDG2 v1.0
Eagle_food_Jennifer,2017-07-04,food_service,3307.8,25.66,24,648.285,BDG2 v1.0
Eagle_food_Jennifer,2017-07-05,food_service,3307.8,24.06,24,668.660,BDG2 v1.0
Eagle_food_Jennifer,2017-07-06,food_service,3307.8,21.69,23,671.698,BDG2 v1.0
Eagle_food_Jennifer,2017-07-07,food_service,3307.8,23.49,24,705.616,BDG2 v1.0
Eagle_food_Jennifer,2017-07-08,food_service,3307.8,24.02,24,687.578,BDG2 v1.0
Eagle_food_Jennifer,2017-07-09,food_service,3307.8,23.17,24,649.359,BDG2 v1.0
Eagle_food_Jennifer,2017-07-10,food_service,3307.8,23.33,24,653.590,BDG2 v1.0
Eagle_food_Jennifer,2017-07-11,food_service,3307.8,26.76,24,680.140,BDG2 v1.0
Eagle_food_Jennifer,2017-07-12,food_service,3307.8,28.23,22,645.145,BDG2 v1.0
Eagle_food_Jennifer,2017-07-13,food_service,3307.8,27.55,23,690.407,BDG2 v1.0
Eagle_food_Jennifer,2017-07-14,food_service,3307.8,21.67,24,780.845,BDG2 v1.0
Eagle_food_Jennifer,2017-07-15,food_service,3307.8,24.92,24,748.544,BDG2 v1.0
Eagle_food_Jennifer,2017-07-16,food_service,3307.8,24.55,24,730.750,BDG2 v1.0
Eagle_food_Jennifer,2017-07-17,food_service,3307.8,25.21,24,774.936,BDG2 v1.0
Eagle_food_Jennifer,2017-07-18,food_service,3307.8,26.50,24,837.893,BDG2 v1.0
Eagle_food_Jennifer,2017-07-19,food_service,3307.8,28.40,24,782.567,BDG2 v1.0
Eagle_food_Jennifer,2017-07-20,food_service,3307.8,28.80,23,796.447,BDG2 v1.0
Eagle_food_Jennifer,2017-07-21,food_service,3307.8,27.63,24,841.011,BDG2 v1.0
Eagle_food_Jennifer,2017-07-22,food_service,3307.8,27.25,24,815.092,BDG2 v1.0
Eagle_food_Jennifer,2017-07-23,food_service,3307.8,24.07,24,788.551,BDG2 v1.0
Eagle_food_Jennifer,2017-07-24,food_service,3307.8,22.40,24,790.805,BDG2 v1.0
Eagle_food_Jennifer,2017-07-25,food_service,3307.8,19.81,24,856.526,BDG2 v1.0
Eagle_food_Jennifer,2017-07-26,food_service,3307.8,21.03,24,777.295,BDG2 v1.0
Eagle_food_Jennifer,2017-07-27,food_service,3307.8,22.09,24,795.851,BDG2 v1.0
Eagle_food_Jennifer,2017-07-28,food_service,3307.8,24.70,24,793.221,BDG2 v1.0
Eagle_food_Jennifer,2017-07-29,food_service,3307.8,21.68,24,773.997,BDG2 v1.0
Eagle_food_Jennifer,2017-07-30,food_service,3307.8,21.43,24,763.578,BDG2 v1.0
Eagle_food_Jennifer,2017-07-31,food_service,3307.8,23.75,24,721.941,BDG2 v1.0
Eagle_food_Jennifer,2017-08-01,food_service,3307.8,26.24,24,771.801,BDG2 v1.0
Eagle_food_Jennifer,2017-08-02,food_service,3307.8,23.66,23,722.235,BDG2 v1.0
Eagle_food_Jennifer,2017-08-03,food_service,3307.8,22.93,24,779.655,BDG2 v1.0
Eagle_food_Jennifer,2017-08-04,food_service,3307.8,25.07,24,799.235,BDG2 v1.0
Eagle_food_Jennifer,2017-08-05,food_service,3307.8,22.27,24,772.964,BDG2 v1.0
Eagle_food_Jennifer,2017-08-06,food_service,3307.8,19.99,24,739.753,BDG2 v1.0
Eagle_food_Jennifer,2017-08-07,food_service,3307.8,18.94,24,762.956,BDG2 v1.0
Eagle_food_Jennifer,2017-08-08,food_service,3307.8,21.64,24,796.923,BDG2 v1.0
Eagle_food_Jennifer,2017-08-09,food_service,3307.8,22.72,24,900.074,BDG2 v1.0
Eagle_food_Jennifer,2017-08-10,food_service,3307.8,23.01,24,905.714,BDG2 v1.0
Eagle_food_Jennifer,2017-08-11,food_service,3307.8,23.27,24,807.652,BDG2 v1.0
Eagle_food_Jennifer,2017-08-12,food_service,3307.8,22.76,24,819.700,BDG2 v1.0
Eagle_food_Jennifer,2017-08-13,food_service,3307.8,23.98,24,914.213,BDG2 v1.0
Eagle_food_Jennifer,2017-08-14,food_service,3307.8,22.43,24,856.143,BDG2 v1.0
Eagle_food_Jennifer,2017-08-15,food_service,3307.8,22.25,24,1059.837,BDG2 v1.0
Eagle_food_Jennifer,2017-08-16,food_service,3307.8,24.68,24,1086.879,BDG2 v1.0
Eagle_food_Jennifer,2017-08-17,food_service,3307.8,24.50,24,1443.307,BDG2 v1.0
Eagle_food_Jennifer,2017-08-18,food_service,3307.8,25.01,24,2255.906,BDG2 v1.0
Eagle_food_Jennifer,2017-08-19,food_service,3307.8,26.36,24,2512.930,BDG2 v1.0
Eagle_food_Jennifer,2017-08-20,food_service,3307.8,23.22,24,2516.217,BDG2 v1.0
Eagle_food_Jennifer,2017-08-21,food_service,3307.8,24.32,24,2899.724,BDG2 v1.0
Eagle_food_Jennifer,2017-08-22,food_service,3307.8,27.39,24,2949.706,BDG2 v1.0
Eagle_food_Jennifer,2017-08-23,food_service,3307.8,24.22,24,2836.325,BDG2 v1.0
Eagle_food_Jennifer,2017-08-24,food_service,3307.8,21.07,24,3107.286,BDG2 v1.0
Eagle_food_Jennifer,2017-08-25,food_service,3307.8,20.53,24,2924.966,BDG2 v1.0
Eagle_food_Jennifer,2017-08-26,food_service,3307.8,20.60,24,3081.174,BDG2 v1.0
Eagle_food_Jennifer,2017-08-27,food_service,3307.8,18.87,24,2822.434,BDG2 v1.0
Eagle_food_Jennifer,2017-08-28,food_service,3307.8,18.72,24,2867.746,BDG2 v1.0
Eagle_food_Jennifer,2017-08-29,food_service,3307.8,17.33,24,3094.716,BDG2 v1.0
Eagle_food_Jennifer,2017-08-30,food_service,3307.8,19.84,24,2928.735,BDG2 v1.0
Eagle_food_Jennifer,2017-08-31,food_service,3307.8,21.50,24,2990.390,BDG2 v1.0
Eagle_food_Jennifer,2017-09-01,food_service,3307.8,16.49,24,2661.425,BDG2 v1.0
Eagle_food_Jennifer,2017-09-02,food_service,3307.8,14.77,24,2788.168,BDG2 v1.0
Eagle_food_Jennifer,2017-09-03,food_service,3307.8,18.48,24,2588.050,BDG2 v1.0
Eagle_food_Jennifer,2017-09-04,food_service,3307.8,20.46,24,2801.764,BDG2 v1.0
Eagle_food_Jennifer,2017-09-05,food_service,3307.8,23.19,24,2804.605,BDG2 v1.0
Eagle_food_Jennifer,2017-09-06,food_service,3307.8,17.87,24,2628.986,BDG2 v1.0
Eagle_food_Jennifer,2017-09-07,food_service,3307.8,17.60,24,2847.304,BDG2 v1.0
Eagle_food_Jennifer,2017-09-08,food_service,3307.8,16.97,24,2900.394,BDG2 v1.0
Eagle_food_Jennifer,2017-09-09,food_service,3307.8,15.34,24,2516.503,BDG2 v1.0
Eagle_food_Jennifer,2017-09-10,food_service,3307.8,16.65,24,2630.951,BDG2 v1.0
Eagle_food_Jennifer,2017-09-11,food_service,3307.8,17.29,24,2672.992,BDG2 v1.0
Eagle_food_Jennifer,2017-09-12,food_service,3307.8,19.07,24,2775.068,BDG2 v1.0
Eagle_food_Jennifer,2017-09-13,food_service,3307.8,19.94,24,2799.488,BDG2 v1.0
Eagle_food_Jennifer,2017-09-14,food_service,3307.8,23.23,24,2199.575,BDG2 v1.0
Eagle_food_Jennifer,2017-09-15,food_service,3307.8,22.50,24,0.000,BDG2 v1.0
Eagle_food_Jennifer,2017-09-16,food_service,3307.8,23.15,24,0.000,BDG2 v1.0
Eagle_food_Jennifer,2017-09-17,food_service,3307.8,21.75,24,0.000,BDG2 v1.0
Eagle_food_Jennifer,2017-09-18,food_service,3307.8,21.11,24,0.000,BDG2 v1.0
Eagle_food_Jennifer,2017-09-19,food_service,3307.8,22.50,24,0.000,BDG2 v1.0
Eagle_food_Jennifer,2017-09-20,food_service,3307.8,23.80,24,0.000,BDG2 v1.0
Eagle_food_Jennifer,2017-09-21,food_service,3307.8,23.54,24,0.000,BDG2 v1.0
Eagle_food_Jennifer,2017-09-22,food_service,3307.8,23.08,24,0.000,BDG2 v1.0
Eagle_food_Jennifer,2017-09-23,food_service,3307.8,24.05,24,0.000,BDG2 v1.0
Eagle_food_Jennifer,2017-09-24,food_service,3307.8,25.36,24,0.000,BDG2 v1.0
Eagle_food_Jennifer,2017-09-25,food_service,3307.8,24.81,24,0.000,BDG2 v1.0
Eagle_food_Jennifer,2017-09-26,food_service,3307.8,22.85,24,0.000,BDG2 v1.0
Eagle_food_Jennifer,2017-09-27,food_service,3307.8,24.65,24,0.000,BDG2 v1.0
Eagle_food_Jennifer,2017-09-28,food_service,3307.8,21.71,24,0.000,BDG2 v1.0
Eagle_food_Jennifer,2017-09-29,food_service,3307.8,15.39,24,0.000,BDG2 v1.0
Eagle_food_Jennifer,2017-09-30,food_service,3307.8,14.47,24,0.000,BDG2 v1.0
Eagle_food_Jennifer,2017-10-01,food_service,3307.8,13.42,24,0.000,BDG2 v1.0
Eagle_food_Jennifer,2017-10-02,food_service,3307.8,15.03,24,0.000,BDG2 v1.0
Eagle_food_Jennifer,2017-10-03,food_service,3307.8,15.02,24,0.000,BDG2 v1.0
Eagle_food_Jennifer,2017-10-04,food_service,3307.8,16.48,24,1249.752,BDG2 v1.0
Eagle_food_Jennifer,2017-10-05,food_service,3307.8,21.25,24,2932.958,BDG2 v1.0
Eagle_food_Jennifer,2017-10-06,food_service,3307.8,22.50,24,2729.372,BDG2 v1.0
Eagle_food_Jennifer,2017-10-07,food_service,3307.8,22.72,24,2785.174,BDG2 v1.0
Eagle_food_Jennifer,2017-10-08,food_service,3307.8,23.77,24,2692.817,BDG2 v1.0
Eagle_food_Jennifer,2017-10-09,food_service,3307.8,24.00,24,2926.843,BDG2 v1.0
Eagle_food_Jennifer,2017-10-10,food_service,3307.8,23.12,24,3011.706,BDG2 v1.0
Eagle_food_Jennifer,2017-10-11,food_service,3307.8,19.51,24,2952.989,BDG2 v1.0
Eagle_food_Jennifer,2017-10-12,food_service,3307.8,15.35,24,2997.493,BDG2 v1.0
Eagle_food_Jennifer,2017-10-13,food_service,3307.8,14.72,24,2572.452,BDG2 v1.0
Eagle_food_Jennifer,2017-10-14,food_service,3307.8,18.20,24,2685.466,BDG2 v1.0
Eagle_food_Jennifer,2017-10-15,food_service,3307.8,19.44,24,2550.217,BDG2 v1.0
Eagle_food_Jennifer,2017-10-16,food_service,3307.8,14.12,24,2812.035,BDG2 v1.0
Eagle_food_Jennifer,2017-10-17,food_service,3307.8,9.10,24,2724.689,BDG2 v1.0
Eagle_food_Jennifer,2017-10-18,food_service,3307.8,13.06,24,2995.123,BDG2 v1.0
Eagle_food_Jennifer,2017-10-19,food_service,3307.8,14.45,24,3866.131,BDG2 v1.0
Eagle_food_Jennifer,2017-10-20,food_service,3307.8,16.79,24,3866.131,BDG2 v1.0
Eagle_food_Jennifer,2017-10-21,food_service,3307.8,15.99,24,3866.131,BDG2 v1.0
Eagle_food_Jennifer,2017-10-22,food_service,3307.8,15.22,24,3866.131,BDG2 v1.0
Eagle_food_Jennifer,2017-10-23,food_service,3307.8,18.93,24,3866.131,BDG2 v1.0
Eagle_food_Jennifer,2017-10-24,food_service,3307.8,21.10,24,3866.131,BDG2 v1.0
Eagle_food_Jennifer,2017-10-25,food_service,3307.8,15.14,24,3866.131,BDG2 v1.0
Eagle_food_Jennifer,2017-10-26,food_service,3307.8,10.30,24,966.533,BDG2 v1.0
Eagle_food_Jennifer,2017-10-27,food_service,3307.8,10.32,24,0.000,BDG2 v1.0
Eagle_food_Jennifer,2017-10-28,food_service,3307.8,13.50,24,0.000,BDG2 v1.0
Eagle_food_Jennifer,2017-10-29,food_service,3307.8,16.37,24,0.000,BDG2 v1.0
Eagle_food_Jennifer,2017-10-30,food_service,3307.8,10.90,24,0.000,BDG2 v1.0
Eagle_food_Jennifer,2017-10-31,food_service,3307.8,9.45,24,0.000,BDG2 v1.0
Eagle_food_Jennifer,2017-11-01,food_service,3307.8,9.42,24,0.000,BDG2 v1.0
Eagle_food_Jennifer,2017-11-02,food_service,3307.8,18.08,24,0.000,BDG2 v1.0
Eagle_food_Jennifer,2017-11-03,food_service,3307.8,16.62,24,0.000,BDG2 v1.0
Eagle_food_Jennifer,2017-11-04,food_service,3307.8,9.68,24,0.000,BDG2 v1.0
Eagle_food_Jennifer,2017-11-05,food_service,3307.8,14.27,24,0.000,BDG2 v1.0
Eagle_food_Jennifer,2017-11-06,food_service,3307.8,16.20,24,0.000,BDG2 v1.0
Eagle_food_Jennifer,2017-11-07,food_service,3307.8,5.97,24,0.000,BDG2 v1.0
Eagle_food_Jennifer,2017-11-08,food_service,3307.8,6.22,24,0.000,BDG2 v1.0
Eagle_food_Jennifer,2017-11-09,food_service,3307.8,8.90,24,0.000,BDG2 v1.0
Eagle_food_Jennifer,2017-11-10,food_service,3307.8,2.60,24,0.000,BDG2 v1.0
Eagle_food_Jennifer,2017-11-11,food_service,3307.8,-1.34,24,0.000,BDG2 v1.0
Eagle_food_Jennifer,2017-11-12,food_service,3307.8,1.23,24,0.000,BDG2 v1.0
Eagle_food_Jennifer,2017-11-13,food_service,3307.8,4.90,24,0.000,BDG2 v1.0
Eagle_food_Jennifer,2017-11-14,food_service,3307.8,4.67,24,0.000,BDG2 v1.0
Eagle_food_Jennifer,2017-11-15,food_service,3307.8,6.08,24,0.000,BDG2 v1.0
Eagle_food_Jennifer,2017-11-16,food_service,3307.8,9.63,24,0.000,BDG2 v1.0
Eagle_food_Jennifer,2017-11-17,food_service,3307.8,5.90,24,0.000,BDG2 v1.0
Eagle_food_Jennifer,2017-11-18,food_service,3307.8,4.66,24,0.000,BDG2 v1.0
Eagle_food_Jennifer,2017-11-19,food_service,3307.8,10.75,24,0.000,BDG2 v1.0
Eagle_food_Jennifer,2017-11-20,food_service,3307.8,4.84,24,0.000,BDG2 v1.0
Eagle_food_Jennifer,2017-11-21,food_service,3307.8,7.07,24,0.000,BDG2 v1.0
Eagle_food_Jennifer,2017-11-22,food_service,3307.8,7.45,24,0.000,BDG2 v1.0
Eagle_food_Jennifer,2017-11-23,food_service,3307.8,1.30,24,0.000,BDG2 v1.0
Eagle_food_Jennifer,2017-11-24,food_service,3307.8,3.43,24,0.000,BDG2 v1.0
Eagle_food_Jennifer,2017-11-25,food_service,3307.8,7.12,24,0.000,BDG2 v1.0
Eagle_food_Jennifer,2017-11-26,food_service,3307.8,7.40,24,0.000,BDG2 v1.0
Eagle_food_Jennifer,2017-11-27,food_service,3307.8,6.20,24,0.000,BDG2 v1.0
Eagle_food_Jennifer,2017-11-28,food_service,3307.8,7.10,24,0.000,BDG2 v1.0
Eagle_food_Jennifer,2017-11-29,food_service,3307.8,10.49,24,0.000,BDG2 v1.0
Eagle_food_Jennifer,2017-11-30,food_service,3307.8,6.27,24,0.000,BDG2 v1.0
Eagle_food_Jennifer,2017-12-01,food_service,3307.8,7.30,24,0.000,BDG2 v1.0
Eagle_food_Jennifer,2017-12-02,food_service,3307.8,3.83,24,0.000,BDG2 v1.0
Eagle_food_Jennifer,2017-12-03,food_service,3307.8,4.33,24,0.000,BDG2 v1.0
Eagle_food_Jennifer,2017-12-04,food_service,3307.8,4.18,24,0.000,BDG2 v1.0
Eagle_food_Jennifer,2017-12-05,food_service,3307.8,13.08,24,0.000,BDG2 v1.0
Eagle_food_Jennifer,2017-12-06,food_service,3307.8,6.46,24,1484.408,BDG2 v1.0
Eagle_food_Jennifer,2017-12-07,food_service,3307.8,3.64,24,3238.709,BDG2 v1.0
Eagle_food_Jennifer,2017-12-08,food_service,3307.8,1.47,24,3238.709,BDG2 v1.0
Eagle_food_Jennifer,2017-12-09,food_service,3307.8,-0.32,24,3238.709,BDG2 v1.0
Eagle_food_Jennifer,2017-12-10,food_service,3307.8,0.26,24,3238.709,BDG2 v1.0
Eagle_food_Jennifer,2017-12-11,food_service,3307.8,1.71,24,3238.709,BDG2 v1.0
Eagle_food_Jennifer,2017-12-12,food_service,3307.8,3.69,24,3238.709,BDG2 v1.0
Eagle_food_Jennifer,2017-12-13,food_service,3307.8,-3.86,24,3238.709,BDG2 v1.0
Eagle_food_Jennifer,2017-12-14,food_service,3307.8,-2.99,24,3238.709,BDG2 v1.0
Eagle_food_Jennifer,2017-12-15,food_service,3307.8,-5.72,24,3238.709,BDG2 v1.0
Eagle_food_Jennifer,2017-12-16,food_service,3307.8,-0.59,24,3238.709,BDG2 v1.0
Eagle_food_Jennifer,2017-12-17,food_service,3307.8,1.84,24,3238.709,BDG2 v1.0
Eagle_food_Jennifer,2017-12-18,food_service,3307.8,5.30,24,3238.709,BDG2 v1.0
Eagle_food_Jennifer,2017-12-19,food_service,3307.8,9.23,24,3238.709,BDG2 v1.0
Eagle_food_Jennifer,2017-12-20,food_service,3307.8,6.45,24,3238.709,BDG2 v1.0
Eagle_food_Jennifer,2017-12-21,food_service,3307.8,0.78,24,3238.709,BDG2 v1.0
Eagle_food_Jennifer,2017-12-22,food_service,3307.8,3.97,24,3238.709,BDG2 v1.0
Eagle_food_Jennifer,2017-12-23,food_service,3307.8,8.78,24,3238.709,BDG2 v1.0
Eagle_food_Jennifer,2017-12-24,food_service,3307.8,3.11,24,3238.709,BDG2 v1.0
Eagle_food_Jennifer,2017-12-25,food_service,3307.8,1.02,24,3238.709,BDG2 v1.0
Eagle_food_Jennifer,2017-12-26,food_service,3307.8,-3.38,24,3238.709,BDG2 v1.0
Eagle_food_Jennifer,2017-12-27,food_service,3307.8,-6.14,24,3238.709,BDG2 v1.0
Eagle_food_Jennifer,2017-12-28,food_service,3307.8,-9.05,24,3238.709,BDG2 v1.0
Eagle_food_Jennifer,2017-12-29,food_service,3307.8,-8.72,24,3238.709,BDG2 v1.0
Eagle_food_Jennifer,2017-12-30,food_service,3307.8,-7.25,24,3238.709,BDG2 v1.0
Eagle_food_Jennifer,2017-12-31,food_service,3307.8,-10.00,24,3153.999,BDG2 v1.0
Eagle_food_Kay,2016-01-01,food_service,6491.7,3.19,24,2008.800,BDG2 v1.0
Eagle_food_Kay,2016-01-02,food_service,6491.7,1.46,24,1979.986,BDG2 v1.0
Eagle_food_Kay,2016-01-03,food_service,6491.7,1.90,24,1940.400,BDG2 v1.0
Eagle_food_Kay,2016-01-04,food_service,6491.7,-3.21,24,2743.200,BDG2 v1.0
Eagle_food_Kay,2016-01-05,food_service,6491.7,-7.64,24,2969.983,BDG2 v1.0
Eagle_food_Kay,2016-01-06,food_service,6491.7,-3.71,24,2980.805,BDG2 v1.0
Eagle_food_Kay,2016-01-07,food_service,6491.7,0.72,24,3168.000,BDG2 v1.0
Eagle_food_Kay,2016-01-08,food_service,6491.7,3.82,24,3168.000,BDG2 v1.0
Eagle_food_Kay,2016-01-09,food_service,6491.7,6.77,24,2055.607,BDG2 v1.0
Eagle_food_Kay,2016-01-10,food_service,6491.7,11.47,24,1706.397,BDG2 v1.0
Eagle_food_Kay,2016-01-11,food_service,6491.7,-1.15,24,2664.000,BDG2 v1.0
Eagle_food_Kay,2016-01-12,food_service,6491.7,-1.72,24,3132.000,BDG2 v1.0
Eagle_food_Kay,2016-01-13,food_service,6491.7,-4.60,23,3297.680,BDG2 v1.0
Eagle_food_Kay,2016-01-14,food_service,6491.7,-0.79,24,2728.766,BDG2 v1.0
Eagle_food_Kay,2016-01-15,food_service,6491.7,3.90,24,3258.000,BDG2 v1.0
Eagle_food_Kay,2016-01-16,food_service,6491.7,6.76,24,3474.000,BDG2 v1.0
Eagle_food_Kay,2016-01-17,food_service,6491.7,0.69,24,4589.959,BDG2 v1.0
Eagle_food_Kay,2016-01-18,food_service,6491.7,-5.42,24,5291.975,BDG2 v1.0
Eagle_food_Kay,2016-01-19,food_service,6491.7,-6.23,24,5378.400,BDG2 v1.0
Eagle_food_Kay,2016-01-20,food_service,6491.7,-1.60,24,5382.000,BDG2 v1.0
Eagle_food_Kay,2016-01-21,food_service,6491.7,-1.43,24,5515.212,BDG2 v1.0
Eagle_food_Kay,2016-01-22,food_service,6491.7,-4.76,24,5382.000,BDG2 v1.0
Eagle_food_Kay,2016-01-23,food_service,6491.7,-3.67,24,5468.400,BDG2 v1.0
Eagle_food_Kay,2016-01-24,food_service,6491.7,-2.76,24,5263.200,BDG2 v1.0
Eagle_food_Kay,2016-01-25,food_service,6491.7,-2.43,24,5349.682,BDG2 v1.0
Eagle_food_Kay,2016-01-26,food_service,6491.7,2.02,24,5432.400,BDG2 v1.0
Eagle_food_Kay,2016-01-27,food_service,6491.7,4.28,24,5317.200,BDG2 v1.0
Eagle_food_Kay,2016-01-28,food_service,6491.7,-1.14,22,4762.800,BDG2 v1.0
Eagle_food_Kay,2016-01-29,food_service,6491.7,0.22,24,5086.828,BDG2 v1.0
Eagle_food_Kay,2016-01-30,food_service,6491.7,-0.48,24,5209.200,BDG2 v1.0
Eagle_food_Kay,2016-01-31,food_service,6491.7,4.69,24,5090.400,BDG2 v1.0
Eagle_food_Kay,2016-02-01,food_service,6491.7,8.22,24,5382.052,BDG2 v1.0
Eagle_food_Kay,2016-02-02,food_service,6491.7,4.75,24,5320.817,BDG2 v1.0
Eagle_food_Kay,2016-02-03,food_service,6491.7,9.03,24,5252.400,BDG2 v1.0
Eagle_food_Kay,2016-02-04,food_service,6491.7,9.56,24,5461.200,BDG2 v1.0
Eagle_food_Kay,2016-02-05,food_service,6491.7,2.03,24,5238.000,BDG2 v1.0
Eagle_food_Kay,2016-02-06,food_service,6491.7,-0.23,24,4766.409,BDG2 v1.0
Eagle_food_Kay,2016-02-07,food_service,6491.7,1.47,24,4626.000,BDG2 v1.0
Eagle_food_Kay,2016-02-08,food_service,6491.7,2.52,24,5155.200,BDG2 v1.0
Eagle_food_Kay,2016-02-09,food_service,6491.7,-0.63,24,5220.000,BDG2 v1.0
Eagle_food_Kay,2016-02-10,food_service,6491.7,-0.08,24,5266.807,BDG2 v1.0
Eagle_food_Kay,2016-02-11,food_service,6491.7,-5.21,24,5580.000,BDG2 v1.0
Eagle_food_Kay,2016-02-12,food_service,6491.7,-6.70,24,5353.200,BDG2 v1.0
Eagle_food_Kay,2016-02-13,food_service,6491.7,-7.98,24,5011.222,BDG2 v1.0
Eagle_food_Kay,2016-02-14,food_service,6491.7,-12.25,24,4982.421,BDG2 v1.0
Eagle_food_Kay,2016-02-15,food_service,6491.7,-6.15,24,5497.200,BDG2 v1.0
Eagle_food_Kay,2016-02-16,food_service,6491.7,7.93,24,5432.400,BDG2 v1.0
Eagle_food_Kay,2016-02-17,food_service,6491.7,2.69,23,5176.807,BDG2 v1.0
Eagle_food_Kay,2016-02-18,food_service,6491.7,-0.65,24,5525.923,BDG2 v1.0
Eagle_food_Kay,2016-02-19,food_service,6491.7,-1.55,24,5457.600,BDG2 v1.0
Eagle_food_Kay,2016-02-20,food_service,6491.7,9.03,24,4773.600,BDG2 v1.0
Eagle_food_Kay,2016-02-21,food_service,6491.7,9.45,24,4899.578,BDG2 v1.0
Eagle_food_Kay,2016-02-22,food_service,6491.7,5.80,24,5309.947,BDG2 v1.0
Eagle_food_Kay,2016-02-23,food_service,6491.7,2.87,24,5439.600,BDG2 v1.0
Eagle_food_Kay,2016-02-24,food_service,6491.7,9.62,24,5353.200,BDG2 v1.0
Eagle_food_Kay,2016-02-25,food_service,6491.7,8.86,24,5086.773,BDG2 v1.0
Eagle_food_Kay,2016-02-26,food_service,6491.7,1.16,24,5374.835,BDG2 v1.0
Eagle_food_Kay,2016-02-27,food_service,6491.7,0.43,24,5058.000,BDG2 v1.0
Eagle_food_Kay,2016-02-28,food_service,6491.7,7.94,24,4752.000,BDG2 v1.0
Eagle_food_Kay,2016-02-29,food_service,6491.7,9.28,24,5400.066,BDG2 v1.0
Eagle_food_Kay,2016-03-01,food_service,6491.7,8.43,24,5331.571,BDG2 v1.0
Eagle_food_Kay,2016-03-02,food_service,6491.7,6.12,24,5173.200,BDG2 v1.0
Eagle_food_Kay,2016-03-03,food_service,6491.7,-0.83,24,5432.426,BDG2 v1.0
Eagle_food_Kay,2016-03-04,food_service,6491.7,0.16,24,5238.014,BDG2 v1.0
Eagle_food_Kay,2016-03-05,food_service,6491.7,0.85,24,3398.380,BDG2 v1.0
Eagle_food_Kay,2016-03-06,food_service,6491.7,1.61,24,3229.200,BDG2 v1.0
Eagle_food_Kay,2016-03-07,food_service,6491.7,6.99,24,3592.800,BDG2 v1.0
Eagle_food_Kay,2016-03-08,food_service,6491.7,14.54,24,3304.803,BDG2 v1.0
Eagle_food_Kay,2016-03-09,food_service,6491.7,15.78,23,3135.600,BDG2 v1.0
Eagle_food_Kay,2016-03-10,food_service,6491.7,20.56,24,3420.000,BDG2 v1.0
Eagle_food_Kay,2016-03-11,food_service,6491.7,15.32,24,3380.400,BDG2 v1.0
Eagle_food_Kay,2016-03-12,food_service,6491.7,9.83,24,3128.416,BDG2 v1.0
Eagle_food_Kay,2016-03-13,food_service,6491.7,12.24,24,4122.000,BDG2 v1.0
Eagle_food_Kay,2016-03-14,food_service,6491.7,7.18,24,5536.800,BDG2 v1.0
Eagle_food_Kay,2016-03-15,food_service,6491.7,8.91,24,5698.800,BDG2 v1.0
Eagle_food_Kay,2016-03-16,food_service,6491.7,12.13,24,5450.372,BDG2 v1.0
Eagle_food_Kay,2016-03-17,food_service,6491.7,11.35,24,5479.200,BDG2 v1.0
Eagle_food_Kay,2016-03-18,food_service,6491.7,11.12,24,5436.000,BDG2 v1.0
Eagle_food_Kay,2016-03-19,food_service,6491.7,4.86,24,5126.400,BDG2 v1.0
Eagle_food_Kay,2016-03-20,food_service,6491.7,2.75,24,5075.969,BDG2 v1.0
Eagle_food_Kay,2016-03-21,food_service,6491.7,4.19,24,5526.000,BDG2 v1.0
Eagle_food_Kay,2016-03-22,food_service,6491.7,6.80,24,5670.000,BDG2 v1.0
Eagle_food_Kay,2016-03-23,food_service,6491.7,14.15,24,6739.200,BDG2 v1.0
Eagle_food_Kay,2016-03-24,food_service,6491.7,9.60,24,5281.151,BDG2 v1.0
Eagle_food_Kay,2016-03-25,food_service,6491.7,16.02,24,5320.800,BDG2 v1.0
Eagle_food_Kay,2016-03-26,food_service,6491.7,7.15,24,4935.600,BDG2 v1.0
Eagle_food_Kay,2016-03-27,food_service,6491.7,7.99,24,5014.855,BDG2 v1.0
Eagle_food_Kay,2016-03-28,food_service,6491.7,10.36,24,5482.715,BDG2 v1.0
Eagle_food_Kay,2016-03-29,food_service,6491.7,9.49,24,5414.400,BDG2 v1.0
Eagle_food_Kay,2016-03-30,food_service,6491.7,7.25,24,5497.200,BDG2 v1.0
Eagle_food_Kay,2016-03-31,food_service,6491.7,15.07,24,5504.378,BDG2 v1.0
Eagle_food_Kay,2016-04-01,food_service,6491.7,20.52,24,5454.053,BDG2 v1.0
Eagle_food_Kay,2016-04-02,food_service,6491.7,12.52,24,5047.200,BDG2 v1.0
Eagle_food_Kay,2016-04-03,food_service,6491.7,4.38,24,5299.200,BDG2 v1.0
Eagle_food_Kay,2016-04-04,food_service,6491.7,6.18,24,4870.781,BDG2 v1.0
Eagle_food_Kay,2016-04-05,food_service,6491.7,1.16,24,5594.400,BDG2 v1.0
Eagle_food_Kay,2016-04-06,food_service,6491.7,3.93,24,5569.200,BDG2 v1.0
Eagle_food_Kay,2016-04-07,food_service,6491.7,12.00,24,5677.169,BDG2 v1.0
Eagle_food_Kay,2016-04-08,food_service,6491.7,7.06,24,5378.401,BDG2 v1.0
Eagle_food_Kay,2016-04-09,food_service,6491.7,2.25,24,5166.000,BDG2 v1.0
Eagle_food_Kay,2016-04-10,food_service,6491.7,3.55,24,4993.200,BDG2 v1.0
Eagle_food_Kay,2016-04-11,food_service,6491.7,11.55,24,5306.402,BDG2 v1.0
Eagle_food_Kay,2016-04-12,food_service,6491.7,12.65,24,5644.825,BDG2 v1.0
Eagle_food_Kay,2016-04-13,food_service,6491.7,7.96,24,5486.400,BDG2 v1.0
Eagle_food_Kay,2016-04-14,food_service,6491.7,9.32,24,5400.000,BDG2 v1.0
Eagle_food_Kay,2016-04-15,food_service,6491.7,10.10,24,5410.703,BDG2 v1.0
Eagle_food_Kay,2016-04-16,food_service,6491.7,11.30,20,3603.636,BDG2 v1.0
Eagle_food_Kay,2016-04-17,food_service,6491.7,12.97,24,5025.600,BDG2 v1.0
Eagle_food_Kay,2016-04-18,food_service,6491.7,17.53,24,5468.400,BDG2 v1.0
Eagle_food_Kay,2016-04-19,food_service,6491.7,17.50,24,5695.118,BDG2 v1.0
Eagle_food_Kay,2016-04-20,food_service,6491.7,13.71,24,5497.172,BDG2 v1.0
Eagle_food_Kay,2016-04-21,food_service,6491.7,14.79,23,5094.000,BDG2 v1.0
Eagle_food_Kay,2016-04-22,food_service,6491.7,19.83,24,5425.200,BDG2 v1.0
Eagle_food_Kay,2016-04-23,food_service,6491.7,16.95,24,5115.617,BDG2 v1.0
Eagle_food_Kay,2016-04-24,food_service,6491.7,12.89,24,5076.010,BDG2 v1.0
Eagle_food_Kay,2016-04-25,food_service,6491.7,15.54,24,5454.000,BDG2 v1.0
Eagle_food_Kay,2016-04-26,food_service,6491.7,17.43,24,5407.200,BDG2 v1.0
Eagle_food_Kay,2016-04-27,food_service,6491.7,10.35,24,5461.322,BDG2 v1.0
Eagle_food_Kay,2016-04-28,food_service,6491.7,8.64,24,5317.200,BDG2 v1.0
Eagle_food_Kay,2016-04-29,food_service,6491.7,8.65,24,5425.200,BDG2 v1.0
Eagle_food_Kay,2016-04-30,food_service,6491.7,10.90,24,5230.800,BDG2 v1.0
Eagle_food_Kay,2016-05-01,food_service,6491.7,9.01,24,5324.449,BDG2 v1.0
Eagle_food_Kay,2016-05-02,food_service,6491.7,11.00,24,5468.400,BDG2 v1.0
Eagle_food_Kay,2016-05-03,food_service,6491.7,12.52,24,5252.400,BDG2 v1.0
Eagle_food_Kay,2016-05-04,food_service,6491.7,10.02,24,5346.106,BDG2 v1.0
Eagle_food_Kay,2016-05-05,food_service,6491.7,10.94,24,5742.005,BDG2 v1.0
Eagle_food_Kay,2016-05-06,food_service,6491.7,10.12,24,5457.600,BDG2 v1.0
Eagle_food_Kay,2016-05-07,food_service,6491.7,11.53,24,5223.600,BDG2 v1.0
Eagle_food_Kay,2016-05-08,food_service,6491.7,14.25,24,5094.000,BDG2 v1.0
Eagle_food_Kay,2016-05-09,food_service,6491.7,15.03,24,5364.001,BDG2 v1.0
Eagle_food_Kay,2016-05-10,food_service,6491.7,12.22,24,5209.200,BDG2 v1.0
Eagle_food_Kay,2016-05-11,food_service,6491.7,15.26,24,5396.400,BDG2 v1.0
Eagle_food_Kay,2016-05-12,food_service,6491.7,18.82,24,5457.600,BDG2 v1.0
Eagle_food_Kay,2016-05-13,food_service,6491.7,16.76,24,5122.819,BDG2 v1.0
Eagle_food_Kay,2016-05-14,food_service,6491.7,16.80,24,3193.200,BDG2 v1.0
Eagle_food_Kay,2016-05-15,food_service,6491.7,10.46,24,2656.800,BDG2 v1.0
Eagle_food_Kay,2016-05-16,food_service,6491.7,11.55,24,2952.000,BDG2 v1.0
Eagle_food_Kay,2016-05-17,food_service,6491.7,13.22,24,2840.376,BDG2 v1.0
Eagle_food_Kay,2016-05-18,food_service,6491.7,13.83,24,2883.600,BDG2 v1.0
Eagle_food_Kay,2016-05-19,food_service,6491.7,16.54,24,2710.800,BDG2 v1.0
Eagle_food_Kay,2016-05-20,food_service,6491.7,17.31,24,2646.000,BDG2 v1.0
Eagle_food_Kay,2016-05-21,food_service,6491.7,13.80,24,2696.360,BDG2 v1.0
Eagle_food_Kay,2016-05-22,food_service,6491.7,14.54,24,2376.000,BDG2 v1.0
Eagle_food_Kay,2016-05-23,food_service,6491.7,16.44,24,2509.200,BDG2 v1.0
Eagle_food_Kay,2016-05-24,food_service,6491.7,18.82,24,2638.709,BDG2 v1.0
Eagle_food_Kay,2016-05-25,food_service,6491.7,22.45,24,2649.596,BDG2 v1.0
Eagle_food_Kay,2016-05-26,food_service,6491.7,24.81,24,2628.000,BDG2 v1.0
Eagle_food_Kay,2016-05-27,food_service,6491.7,25.70,24,2617.200,BDG2 v1.0
Eagle_food_Kay,2016-05-28,food_service,6491.7,26.07,24,1778.405,BDG2 v1.0
Eagle_food_Kay,2016-05-29,food_service,6491.7,24.78,24,1616.392,BDG2 v1.0
Eagle_food_Kay,2016-05-30,food_service,6491.7,22.55,24,1666.800,BDG2 v1.0
Eagle_food_Kay,2016-05-31,food_service,6491.7,25.14,24,2401.200,BDG2 v1.0
Eagle_food_Kay,2016-06-01,food_service,6491.7,23.70,24,2469.607,BDG2 v1.0
Eagle_food_Kay,2016-06-02,food_service,6491.7,20.06,24,2570.418,BDG2 v1.0
Eagle_food_Kay,2016-06-03,food_service,6491.7,19.40,24,2397.600,BDG2 v1.0
Eagle_food_Kay,2016-06-04,food_service,6491.7,23.15,24,1627.200,BDG2 v1.0
Eagle_food_Kay,2016-06-05,food_service,6491.7,21.71,24,2159.953,BDG2 v1.0
Eagle_food_Kay,2016-06-06,food_service,6491.7,23.68,24,2505.600,BDG2 v1.0
Eagle_food_Kay,2016-06-07,food_service,6491.7,23.25,24,2318.400,BDG2 v1.0
Eagle_food_Kay,2016-06-08,food_service,6491.7,16.25,24,2430.000,BDG2 v1.0
Eagle_food_Kay,2016-06-09,food_service,6491.7,16.96,24,2570.392,BDG2 v1.0
Eagle_food_Kay,2016-06-10,food_service,6491.7,18.68,24,2613.600,BDG2 v1.0
Eagle_food_Kay,2016-06-11,food_service,6491.7,22.84,24,2397.600,BDG2 v1.0
Eagle_food_Kay,2016-06-12,food_service,6491.7,26.86,24,2581.200,BDG2 v1.0
Eagle_food_Kay,2016-06-13,food_service,6491.7,19.10,24,3488.423,BDG2 v1.0
Eagle_food_Kay,2016-06-14,food_service,6491.7,20.63,24,3578.400,BDG2 v1.0
Eagle_food_Kay,2016-06-15,food_service,6491.7,21.64,24,3837.600,BDG2 v1.0
Eagle_food_Kay,2016-06-16,food_service,6491.7,20.25,24,3823.200,BDG2 v1.0
Eagle_food_Kay,2016-06-17,food_service,6491.7,21.58,24,3643.249,BDG2 v1.0
Eagle_food_Kay,2016-06-18,food_service,6491.7,21.81,24,3272.400,BDG2 v1.0
Eagle_food_Kay,2016-06-19,food_service,6491.7,24.68,24,3319.200,BDG2 v1.0
Eagle_food_Kay,2016-06-20,food_service,6491.7,25.39,24,3942.000,BDG2 v1.0
Eagle_food_Kay,2016-06-21,food_service,6491.7,26.38,24,3873.544,BDG2 v1.0
Eagle_food_Kay,2016-06-22,food_service,6491.7,23.79,24,3787.200,BDG2 v1.0
Eagle_food_Kay,2016-06-23,food_service,6491.7,24.18,24,3772.800,BDG2 v1.0
Eagle_food_Kay,2016-06-24,food_service,6491.7,23.27,24,3726.000,BDG2 v1.0
Eagle_food_Kay,2016-06-25,food_service,6491.7,23.38,24,3416.439,BDG2 v1.0
Eagle_food_Kay,2016-06-26,food_service,6491.7,23.54,24,3531.600,BDG2 v1.0
Eagle_food_Kay,2016-06-27,food_service,6491.7,23.21,24,3924.000,BDG2 v1.0
Eagle_food_Kay,2016-06-28,food_service,6491.7,23.39,24,3960.000,BDG2 v1.0
Eagle_food_Kay,2016-06-29,food_service,6491.7,23.17,24,4021.221,BDG2 v1.0
Eagle_food_Kay,2016-06-30,food_service,6491.7,23.61,24,4003.200,BDG2 v1.0
Eagle_food_Kay,2016-07-01,food_service,6491.7,23.13,24,3787.200,BDG2 v1.0
Eagle_food_Kay,2016-07-02,food_service,6491.7,22.23,24,3149.991,BDG2 v1.0
Eagle_food_Kay,2016-07-03,food_service,6491.7,21.88,24,3362.343,BDG2 v1.0
Eagle_food_Kay,2016-07-04,food_service,6491.7,21.93,24,3560.400,BDG2 v1.0
Eagle_food_Kay,2016-07-05,food_service,6491.7,25.58,24,3654.000,BDG2 v1.0
Eagle_food_Kay,2016-07-06,food_service,6491.7,28.30,24,3643.166,BDG2 v1.0
Eagle_food_Kay,2016-07-07,food_service,6491.7,28.21,24,4006.863,BDG2 v1.0
Eagle_food_Kay,2016-07-08,food_service,6491.7,26.36,24,3931.200,BDG2 v1.0
Eagle_food_Kay,2016-07-09,food_service,6491.7,21.75,24,3560.400,BDG2 v1.0
Eagle_food_Kay,2016-07-10,food_service,6491.7,23.07,24,3445.226,BDG2 v1.0
Eagle_food_Kay,2016-07-11,food_service,6491.7,22.50,24,3945.628,BDG2 v1.0
Eagle_food_Kay,2016-07-12,food_service,6491.7,24.00,24,3906.000,BDG2 v1.0
Eagle_food_Kay,2016-07-13,food_service,6491.7,22.85,24,3931.316,BDG2 v1.0
Eagle_food_Kay,2016-07-14,food_service,6491.7,27.68,24,3873.733,BDG2 v1.0
Eagle_food_Kay,2016-07-15,food_service,6491.7,28.31,24,3815.978,BDG2 v1.0
Eagle_food_Kay,2016-07-16,food_service,6491.7,26.04,24,1861.200,BDG2 v1.0
Eagle_food_Kay,2016-07-17,food_service,6491.7,26.79,24,1641.600,BDG2 v1.0
Eagle_food_Kay,2016-07-18,food_service,6491.7,26.57,24,1641.600,BDG2 v1.0
Eagle_food_Kay,2016-07-19,food_service,6491.7,25.31,24,3877.200,BDG2 v1.0
Eagle_food_Kay,2016-07-20,food_service,6491.7,24.00,24,4118.400,BDG2 v1.0
Eagle_food_Kay,2016-07-21,food_service,6491.7,25.20,24,4021.200,BDG2 v1.0
Eagle_food_Kay,2016-07-22,food_service,6491.7,27.57,24,3995.983,BDG2 v1.0
Eagle_food_Kay,2016-07-23,food_service,6491.7,29.38,24,3596.400,BDG2 v1.0
Eagle_food_Kay,2016-07-24,food_service,6491.7,27.79,24,3492.000,BDG2 v1.0
Eagle_food_Kay,2016-07-25,food_service,6491.7,26.52,24,4100.400,BDG2 v1.0
Eagle_food_Kay,2016-07-26,food_service,6491.7,26.94,24,4111.100,BDG2 v1.0
Eagle_food_Kay,2016-07-27,food_service,6491.7,27.59,24,3790.800,BDG2 v1.0
Eagle_food_Kay,2016-07-28,food_service,6491.7,25.84,24,3582.000,BDG2 v1.0
Eagle_food_Kay,2016-07-29,food_service,6491.7,25.46,24,3664.800,BDG2 v1.0
Eagle_food_Kay,2016-07-30,food_service,6491.7,24.14,24,3383.932,BDG2 v1.0
Eagle_food_Kay,2016-07-31,food_service,6491.7,25.10,24,3567.600,BDG2 v1.0
Eagle_food_Kay,2016-08-01,food_service,6491.7,23.07,24,3740.400,BDG2 v1.0
Eagle_food_Kay,2016-08-02,food_service,6491.7,22.72,24,3970.800,BDG2 v1.0
Eagle_food_Kay,2016-08-03,food_service,6491.7,22.00,24,3463.168,BDG2 v1.0
Eagle_food_Kay,2016-08-04,food_service,6491.7,22.20,24,3578.400,BDG2 v1.0
Eagle_food_Kay,2016-08-05,food_service,6491.7,23.44,24,3657.600,BDG2 v1.0
Eagle_food_Kay,2016-08-06,food_service,6491.7,25.69,24,2534.400,BDG2 v1.0
Eagle_food_Kay,2016-08-07,food_service,6491.7,24.95,24,3333.628,BDG2 v1.0
Eagle_food_Kay,2016-08-08,food_service,6491.7,23.67,24,3636.000,BDG2 v1.0
Eagle_food_Kay,2016-08-09,food_service,6491.7,23.90,22,3970.800,BDG2 v1.0
Eagle_food_Kay,2016-08-10,food_service,6491.7,27.52,24,3945.600,BDG2 v1.0
Eagle_food_Kay,2016-08-13,food_service,6491.7,30.26,24,2980.800,BDG2 v1.0
Eagle_food_Kay,2016-08-14,food_service,6491.7,29.97,24,3520.785,BDG2 v1.0
Eagle_food_Kay,2016-08-15,food_service,6491.7,27.57,24,3430.816,BDG2 v1.0
Eagle_food_Kay,2016-08-16,food_service,6491.7,28.29,24,3315.600,BDG2 v1.0
Eagle_food_Kay,2016-08-17,food_service,6491.7,27.21,24,3495.600,BDG2 v1.0
Eagle_food_Kay,2016-08-18,food_service,6491.7,25.32,24,3653.974,BDG2 v1.0
Eagle_food_Kay,2016-08-19,food_service,6491.7,26.55,24,4946.459,BDG2 v1.0
Eagle_food_Kay,2016-08-20,food_service,6491.7,25.87,24,5151.600,BDG2 v1.0
Eagle_food_Kay,2016-08-21,food_service,6491.7,24.81,24,5169.600,BDG2 v1.0
Eagle_food_Kay,2016-08-22,food_service,6491.7,22.42,24,5551.138,BDG2 v1.0
Eagle_food_Kay,2016-08-23,food_service,6491.7,20.65,23,5299.202,BDG2 v1.0
Eagle_food_Kay,2016-08-24,food_service,6491.7,22.82,24,5536.800,BDG2 v1.0
Eagle_food_Kay,2016-08-25,food_service,6491.7,24.45,24,5702.400,BDG2 v1.0
Eagle_food_Kay,2016-08-26,food_service,6491.7,27.68,24,5828.397,BDG2 v1.0
Eagle_food_Kay,2016-08-27,food_service,6491.7,25.68,24,5101.166,BDG2 v1.0
Eagle_food_Kay,2016-08-28,food_service,6491.7,24.72,24,5738.400,BDG2 v1.0
Eagle_food_Kay,2016-08-29,food_service,6491.7,26.50,24,6019.200,BDG2 v1.0
Eagle_food_Kay,2016-08-30,food_service,6491.7,24.48,24,5932.847,BDG2 v1.0
Eagle_food_Kay,2016-08-31,food_service,6491.7,26.27,24,5835.586,BDG2 v1.0
Eagle_food_Kay,2016-09-01,food_service,6491.7,23.01,24,5954.400,BDG2 v1.0
Eagle_food_Kay,2016-09-02,food_service,6491.7,21.44,24,5799.600,BDG2 v1.0
Eagle_food_Kay,2016-09-03,food_service,6491.7,20.46,24,5050.822,BDG2 v1.0
Eagle_food_Kay,2016-09-04,food_service,6491.7,20.45,24,5436.014,BDG2 v1.0
Eagle_food_Kay,2016-09-05,food_service,6491.7,21.74,24,5468.400,BDG2 v1.0
Eagle_food_Kay,2016-09-06,food_service,6491.7,24.95,24,5832.000,BDG2 v1.0
Eagle_food_Kay,2016-09-07,food_service,6491.7,25.72,24,5561.993,BDG2 v1.0
Eagle_food_Kay,2016-09-08,food_service,6491.7,27.13,24,5626.800,BDG2 v1.0
Eagle_food_Kay,2016-09-09,food_service,6491.7,29.54,24,5576.400,BDG2 v1.0
Eagle_food_Kay,2016-09-10,food_service,6491.7,28.39,24,5187.600,BDG2 v1.0
Eagle_food_Kay,2016-09-11,food_service,6491.7,25.96,24,5234.330,BDG2 v1.0
Eagle_food_Kay,2016-09-12,food_service,6491.7,19.95,24,5583.600,BDG2 v1.0
Eagle_food_Kay,2016-09-13,food_service,6491.7,21.22,24,5634.000,BDG2 v1.0
Eagle_food_Kay,2016-09-14,food_service,6491.7,24.56,24,5688.000,BDG2 v1.0
Eagle_food_Kay,2016-09-15,food_service,6491.7,20.11,24,5738.417,BDG2 v1.0
Eagle_food_Kay,2016-09-16,food_service,6491.7,17.45,23,5317.200,BDG2 v1.0
Eagle_food_Kay,2016-09-17,food_service,6491.7,19.70,24,4870.800,BDG2 v1.0
Eagle_food_Kay,2016-09-18,food_service,6491.7,23.85,24,5101.200,BDG2 v1.0
Eagle_food_Kay,2016-09-19,food_service,6491.7,21.82,24,5493.515,BDG2 v1.0
Eagle_food_Kay,2016-09-20,food_service,6491.7,22.87,23,5162.400,BDG2 v1.0
Eagle_food_Kay,2016-09-21,food_service,6491.7,22.82,24,5652.000,BDG2 v1.0
Eagle_food_Kay,2016-09-22,food_service,6491.7,21.67,24,5677.200,BDG2 v1.0
Eagle_food_Kay,2016-09-23,food_service,6491.7,21.90,24,5673.664,BDG2 v1.0
Eagle_food_Kay,2016-09-24,food_service,6491.7,18.15,24,5288.400,BDG2 v1.0
Eagle_food_Kay,2016-09-25,food_service,6491.7,15.28,24,5320.800,BDG2 v1.0
Eagle_food_Kay,2016-09-26,food_service,6491.7,15.90,24,5554.849,BDG2 v1.0
Eagle_food_Kay,2016-09-27,food_service,6491.7,19.34,24,5605.222,BDG2 v1.0
Eagle_food_Kay,2016-09-28,food_service,6491.7,16.19,24,5504.400,BDG2 v1.0
Eagle_food_Kay,2016-09-29,food_service,6491.7,15.25,24,5706.000,BDG2 v1.0
Eagle_food_Kay,2016-09-30,food_service,6491.7,14.20,24,5673.574,BDG2 v1.0
Eagle_food_Kay,2016-10-01,food_service,6491.7,14.79,24,4748.403,BDG2 v1.0
Eagle_food_Kay,2016-10-02,food_service,6491.7,15.54,24,4276.800,BDG2 v1.0
Eagle_food_Kay,2016-10-03,food_service,6491.7,18.05,24,5173.200,BDG2 v1.0
Eagle_food_Kay,2016-10-04,food_service,6491.7,16.17,24,5201.888,BDG2 v1.0
Eagle_food_Kay,2016-10-05,food_service,6491.7,15.14,24,5504.389,BDG2 v1.0
Eagle_food_Kay,2016-10-06,food_service,6491.7,15.40,24,5234.400,BDG2 v1.0
Eagle_food_Kay,2016-10-07,food_service,6491.7,15.77,24,5504.400,BDG2 v1.0
Eagle_food_Kay,2016-10-08,food_service,6491.7,16.43,24,4834.778,BDG2 v1.0
Eagle_food_Kay,2016-10-09,food_service,6491.7,14.22,24,5111.959,BDG2 v1.0
Eagle_food_Kay,2016-10-10,food_service,6491.7,11.85,24,5374.800,BDG2 v1.0
Eagle_food_Kay,2016-10-11,food_service,6491.7,10.79,24,5583.600,BDG2 v1.0
Eagle_food_Kay,2016-10-12,food_service,6491.7,13.01,24,5849.952,BDG2 v1.0
Eagle_food_Kay,2016-10-13,food_service,6491.7,12.99,24,5594.351,BDG2 v1.0
Eagle_food_Kay,2016-10-14,food_service,6491.7,11.60,24,5407.200,BDG2 v1.0
Eagle_food_Kay,2016-10-15,food_service,6491.7,11.04,24,5202.000,BDG2 v1.0
Eagle_food_Kay,2016-10-16,food_service,6491.7,13.27,24,5356.751,BDG2 v1.0
Eagle_food_Kay,2016-10-17,food_service,6491.7,20.28,24,5309.990,BDG2 v1.0
Eagle_food_Kay,2016-10-18,food_service,6491.7,20.91,24,5479.200,BDG2 v1.0
Eagle_food_Kay,2016-10-19,food_service,6491.7,23.45,24,5353.200,BDG2 v1.0
Eagle_food_Kay,2016-10-20,food_service,6491.7,19.49,24,5327.974,BDG2 v1.0
Eagle_food_Kay,2016-10-21,food_service,6491.7,20.95,24,5320.800,BDG2 v1.0
Eagle_food_Kay,2016-10-22,food_service,6491.7,10.13,24,4932.000,BDG2 v1.0
Eagle_food_Kay,2016-10-23,food_service,6491.7,11.78,24,5389.200,BDG2 v1.0
Eagle_food_Kay,2016-10-24,food_service,6491.7,12.97,24,5158.769,BDG2 v1.0
Eagle_food_Kay,2016-10-25,food_service,6491.7,8.56,24,5500.800,BDG2 v1.0
Eagle_food_Kay,2016-10-26,food_service,6491.7,5.90,24,5533.200,BDG2 v1.0
Eagle_food_Kay,2016-10-27,food_service,6491.7,8.36,24,5497.200,BDG2 v1.0
Eagle_food_Kay,2016-10-28,food_service,6491.7,8.94,24,5540.294,BDG2 v1.0
Eagle_food_Kay,2016-10-29,food_service,6491.7,10.03,24,5166.000,BDG2 v1.0
Eagle_food_Kay,2016-10-30,food_service,6491.7,18.45,24,5148.000,BDG2 v1.0
Eagle_food_Kay,2016-10-31,food_service,6491.7,9.69,24,5547.600,BDG2 v1.0
Eagle_food_Kay,2016-11-01,food_service,6491.7,8.76,24,5504.426,BDG2 v1.0
Eagle_food_Kay,2016-11-02,food_service,6491.7,14.91,24,5454.000,BDG2 v1.0
Eagle_food_Kay,2016-11-03,food_service,6491.7,16.25,24,5335.200,BDG2 v1.0
Eagle_food_Kay,2016-11-04,food_service,6491.7,12.09,24,5576.351,BDG2 v1.0
Eagle_food_Kay,2016-11-05,food_service,6491.7,9.29,24,5068.823,BDG2 v1.0
Eagle_food_Kay,2016-11-06,food_service,6491.7,11.60,24,4824.016,BDG2 v1.0
Eagle_food_Kay,2016-11-07,food_service,6491.7,6.81,24,5785.200,BDG2 v1.0
Eagle_food_Kay,2016-11-08,food_service,6491.7,10.10,24,5630.374,BDG2 v1.0
Eagle_food_Kay,2016-11-09,food_service,6491.7,10.63,24,5576.405,BDG2 v1.0
Eagle_food_Kay,2016-11-10,food_service,6491.7,8.47,24,5569.200,BDG2 v1.0
Eagle_food_Kay,2016-11-11,food_service,6491.7,10.05,24,5392.780,BDG2 v1.0
Eagle_food_Kay,2016-11-12,food_service,6491.7,5.02,24,5137.151,BDG2 v1.0
Eagle_food_Kay,2016-11-13,food_service,6491.7,7.61,24,5011.223,BDG2 v1.0
Eagle_food_Kay,2016-11-14,food_service,6491.7,8.55,24,5626.800,BDG2 v1.0
Eagle_food_Kay,2016-11-15,food_service,6491.7,9.93,24,5551.200,BDG2 v1.0
Eagle_food_Kay,2016-11-16,food_service,6491.7,10.10,24,5738.477,BDG2 v1.0
Eagle_food_Kay,2016-11-17,food_service,6491.7,11.70,24,5576.387,BDG2 v1.0
Eagle_food_Kay,2016-11-18,food_service,6491.7,10.79,24,5598.000,BDG2 v1.0
Eagle_food_Kay,2016-11-19,food_service,6491.7,10.48,24,5040.000,BDG2 v1.0
Eagle_food_Kay,2016-11-20,food_service,6491.7,4.16,24,5108.397,BDG2 v1.0
Eagle_food_Kay,2016-11-21,food_service,6491.7,3.91,24,5835.629,BDG2 v1.0
Eagle_food_Kay,2016-11-22,food_service,6491.7,3.98,24,5403.600,BDG2 v1.0
Eagle_food_Kay,2016-11-23,food_service,6491.7,3.82,24,3744.000,BDG2 v1.0
Eagle_food_Kay,2016-11-24,food_service,6491.7,6.52,24,3419.971,BDG2 v1.0
Eagle_food_Kay,2016-11-25,food_service,6491.7,8.73,24,3527.998,BDG2 v1.0
Eagle_food_Kay,2016-11-26,food_service,6491.7,6.85,24,3276.000,BDG2 v1.0
Eagle_food_Kay,2016-11-27,food_service,6491.7,4.90,24,4428.000,BDG2 v1.0
Eagle_food_Kay,2016-11-28,food_service,6491.7,5.30,24,5608.777,BDG2 v1.0
Eagle_food_Kay,2016-11-29,food_service,6491.7,12.27,24,5493.634,BDG2 v1.0
Eagle_food_Kay,2016-11-30,food_service,6491.7,12.49,24,5468.400,BDG2 v1.0
Eagle_food_Kay,2016-12-01,food_service,6491.7,10.08,24,5371.156,BDG2 v1.0
Eagle_food_Kay,2016-12-02,food_service,6491.7,6.34,24,5734.776,BDG2 v1.0
Eagle_food_Kay,2016-12-03,food_service,6491.7,7.15,24,5115.574,BDG2 v1.0
Eagle_food_Kay,2016-12-04,food_service,6491.7,5.88,24,5162.400,BDG2 v1.0
Eagle_food_Kay,2016-12-05,food_service,6491.7,5.20,24,5796.000,BDG2 v1.0
Eagle_food_Kay,2016-12-06,food_service,6491.7,3.95,24,5767.276,BDG2 v1.0
Eagle_food_Kay,2016-12-07,food_service,6491.7,4.77,24,5958.029,BDG2 v1.0
Eagle_food_Kay,2016-12-08,food_service,6491.7,2.34,24,5774.400,BDG2 v1.0
Eagle_food_Kay,2016-12-09,food_service,6491.7,0.35,24,5518.821,BDG2 v1.0
Eagle_food_Kay,2016-12-10,food_service,6491.7,-0.67,24,5781.628,BDG2 v1.0
Eagle_food_Kay,2016-12-11,food_service,6491.7,-1.27,24,5216.400,BDG2 v1.0
Eagle_food_Kay,2016-12-12,food_service,6491.7,4.55,24,5965.200,BDG2 v1.0
Eagle_food_Kay,2016-12-13,food_service,6491.7,2.94,24,5709.600,BDG2 v1.0
Eagle_food_Kay,2016-12-14,food_service,6491.7,1.82,24,5403.722,BDG2 v1.0
Eagle_food_Kay,2016-12-15,food_service,6491.7,-4.68,24,5486.400,BDG2 v1.0
Eagle_food_Kay,2016-12-16,food_service,6491.7,-6.72,24,5450.400,BDG2 v1.0
Eagle_food_Kay,2016-12-17,food_service,6491.7,-1.30,24,3466.800,BDG2 v1.0
Eagle_food_Kay,2016-12-18,food_service,6491.7,7.09,24,2959.207,BDG2 v1.0
Eagle_food_Kay,2016-12-19,food_service,6491.7,-2.85,24,3340.800,BDG2 v1.0
Eagle_food_Kay,2016-12-20,food_service,6491.7,-4.09,24,3297.600,BDG2 v1.0
Eagle_food_Kay,2016-12-21,food_service,6491.7,0.19,24,3330.000,BDG2 v1.0
Eagle_food_Kay,2016-12-22,food_service,6491.7,3.62,24,3225.610,BDG2 v1.0
Eagle_food_Kay,2016-12-23,food_service,6491.7,3.66,24,3236.400,BDG2 v1.0
Eagle_food_Kay,2016-12-24,food_service,6491.7,4.81,24,2836.800,BDG2 v1.0
Eagle_food_Kay,2016-12-25,food_service,6491.7,4.95,24,2844.025,BDG2 v1.0
Eagle_food_Kay,2016-12-26,food_service,6491.7,3.06,24,3092.397,BDG2 v1.0
Eagle_food_Kay,2016-12-27,food_service,6491.7,12.47,24,3276.000,BDG2 v1.0
Eagle_food_Kay,2016-12-28,food_service,6491.7,3.46,24,3225.600,BDG2 v1.0
Eagle_food_Kay,2016-12-29,food_service,6491.7,2.16,24,3286.805,BDG2 v1.0
Eagle_food_Kay,2016-12-30,food_service,6491.7,2.08,24,3261.589,BDG2 v1.0
Eagle_food_Kay,2016-12-31,food_service,6491.7,2.07,24,2959.200,BDG2 v1.0
Eagle_food_Kay,2017-01-01,food_service,6491.7,6.30,24,2829.600,BDG2 v1.0
Eagle_food_Kay,2017-01-02,food_service,6491.7,3.07,24,3106.800,BDG2 v1.0
Eagle_food_Kay,2017-01-03,food_service,6491.7,5.57,20,2502.177,BDG2 v1.0
Eagle_food_Kay,2017-01-05,food_service,6491.7,-1.42,22,2430.009,BDG2 v1.0
Eagle_food_Kay,2017-01-06,food_service,6491.7,-2.18,24,2782.759,BDG2 v1.0
Eagle_food_Kay,2017-01-07,food_service,6491.7,-5.85,24,2501.936,BDG2 v1.0
Eagle_food_Kay,2017-01-08,food_service,6491.7,-7.38,24,2501.975,BDG2 v1.0
Eagle_food_Kay,2017-01-09,food_service,6491.7,-8.83,24,2617.248,BDG2 v1.0
Eagle_food_Kay,2017-01-10,food_service,6491.7,-4.08,24,2563.147,BDG2 v1.0
Eagle_food_Kay,2017-01-11,food_service,6491.7,7.05,24,2840.234,BDG2 v1.0
Eagle_food_Kay,2017-01-12,food_service,6491.7,14.68,22,2825.965,BDG2 v1.0
Eagle_food_Kay,2017-01-13,food_service,6491.7,8.52,24,3319.253,BDG2 v1.0
Eagle_food_Kay,2017-01-14,food_service,6491.7,-0.42,23,3308.489,BDG2 v1.0
Eagle_food_Kay,2017-01-15,food_service,6491.7,-0.10,22,3506.421,BDG2 v1.0
Eagle_food_Kay,2017-01-16,food_service,6491.7,0.46,24,4989.660,BDG2 v1.0
Eagle_food_Kay,2017-01-17,food_service,6491.7,4.55,24,3369.521,BDG2 v1.0
Eagle_food_Kay,2017-01-18,food_service,6491.7,5.00,23,5158.991,BDG2 v1.0
Eagle_food_Kay,2017-01-19,food_service,6491.7,5.26,24,5406.934,BDG2 v1.0
Eagle_food_Kay,2017-01-20,food_service,6491.7,2.52,22,4024.966,BDG2 v1.0
Eagle_food_Kay,2017-01-21,food_service,6491.7,6.46,22,3488.363,BDG2 v1.0
Eagle_food_Kay,2017-01-22,food_service,6491.7,7.72,24,5126.426,BDG2 v1.0
Eagle_food_Kay,2017-01-23,food_service,6491.7,4.21,24,5281.247,BDG2 v1.0
Eagle_food_Kay,2017-01-24,food_service,6491.7,3.51,21,3981.596,BDG2 v1.0
Eagle_food_Kay,2017-01-25,food_service,6491.7,6.92,21,3542.462,BDG2 v1.0
Eagle_food_Kay,2017-01-26,food_service,6491.7,7.45,22,3815.962,BDG2 v1.0
Eagle_food_Kay,2017-01-27,food_service,6491.7,4.16,21,3664.617,BDG2 v1.0
Eagle_food_Kay,2017-01-28,food_service,6491.7,1.12,21,3898.830,BDG2 v1.0
Eagle_food_Kay,2017-01-29,food_service,6491.7,1.68,21,3365.838,BDG2 v1.0
Eagle_food_Kay,2017-01-30,food_service,6491.7,-0.00,22,3769.019,BDG2 v1.0
Eagle_food_Kay,2017-01-31,food_service,6491.7,-1.68,21,3898.902,BDG2 v1.0
Eagle_food_Kay,2017-02-01,food_service,6491.7,4.61,20,3733.210,BDG2 v1.0
Eagle_food_Kay,2017-02-03,food_service,6491.7,-1.83,22,3999.580,BDG2 v1.0
Eagle_food_Kay,2017-02-04,food_service,6491.7,-2.75,24,5371.027,BDG2 v1.0
Eagle_food_Kay,2017-02-05,food_service,6491.7,1.36,24,5529.811,BDG2 v1.0
Eagle_food_Kay,2017-02-06,food_service,6491.7,6.09,23,5136.920,BDG2 v1.0
Eagle_food_Kay,2017-02-08,food_service,6491.7,9.98,21,3700.842,BDG2 v1.0
Eagle_food_Kay,2017-02-09,food_service,6491.7,-0.97,22,3729.497,BDG2 v1.0
Eagle_food_Kay,2017-02-10,food_service,6491.7,-3.76,23,4262.580,BDG2 v1.0
Eagle_food_Kay,2017-02-11,food_service,6491.7,2.87,24,5255.878,BDG2 v1.0
Eagle_food_Kay,2017-02-12,food_service,6491.7,2.05,24,5043.616,BDG2 v1.0
Eagle_food_Kay,2017-02-13,food_service,6491.7,2.55,24,5551.043,BDG2 v1.0
Eagle_food_Kay,2017-02-14,food_service,6491.7,0.75,24,5525.907,BDG2 v1.0
Eagle_food_Kay,2017-02-15,food_service,6491.7,2.56,24,5439.522,BDG2 v1.0
Eagle_food_Kay,2017-02-16,food_service,6491.7,0.92,24,5425.411,BDG2 v1.0
Eagle_food_Kay,2017-02-17,food_service,6491.7,1.04,23,4014.124,BDG2 v1.0
Eagle_food_Kay,2017-02-18,food_service,6491.7,8.12,24,4283.816,BDG2 v1.0
Eagle_food_Kay,2017-02-19,food_service,6491.7,14.77,24,2357.965,BDG2 v1.0
Eagle_food_Kay,2017-02-20,food_service,6491.7,9.14,24,2721.570,BDG2 v1.0
Eagle_food_Kay,2017-02-21,food_service,6491.7,4.83,24,2844.018,BDG2 v1.0
Eagle_food_Kay,2017-02-22,food_service,6491.7,8.41,24,2725.122,BDG2 v1.0
Eagle_food_Kay,2017-02-23,food_service,6491.7,12.59,24,4525.079,BDG2 v1.0
Eagle_food_Kay,2017-02-24,food_service,6491.7,16.53,22,4179.567,BDG2 v1.0
Eagle_food_Kay,2017-02-25,food_service,6491.7,15.14,24,4899.562,BDG2 v1.0
Eagle_food_Kay,2017-02-26,food_service,6491.7,3.49,23,4262.370,BDG2 v1.0
Eagle_food_Kay,2017-02-27,food_service,6491.7,5.08,22,4345.241,BDG2 v1.0
Eagle_food_Kay,2017-02-28,food_service,6491.7,11.79,22,4489.179,BDG2 v1.0
Eagle_food_Kay,2017-03-01,food_service,6491.7,17.11,22,3524.550,BDG2 v1.0
Eagle_food_Kay,2017-03-02,food_service,6491.7,8.31,23,5061.225,BDG2 v1.0
Eagle_food_Kay,2017-03-03,food_service,6491.7,0.37,24,5396.451,BDG2 v1.0
Eagle_food_Kay,2017-03-04,food_service,6491.7,-3.71,24,3704.444,BDG2 v1.0
Eagle_food_Kay,2017-03-05,food_service,6491.7,-3.88,24,3366.070,BDG2 v1.0
Eagle_food_Kay,2017-03-06,food_service,6491.7,1.76,24,3668.449,BDG2 v1.0
Eagle_food_Kay,2017-03-09,food_service,6491.7,13.45,24,3614.353,BDG2 v1.0
Eagle_food_Kay,2017-03-16,food_service,6491.7,-0.43,23,3531.689,BDG2 v1.0
Eagle_food_Kay,2017-03-17,food_service,6491.7,2.01,24,5536.737,BDG2 v1.0
Eagle_food_Kay,2017-03-18,food_service,6491.7,1.49,24,5356.851,BDG2 v1.0
Eagle_food_Kay,2017-03-19,food_service,6491.7,4.70,24,5187.386,BDG2 v1.0
Eagle_food_Kay,2017-03-20,food_service,6491.7,5.58,24,5450.449,BDG2 v1.0
Eagle_food_Kay,2017-03-21,food_service,6491.7,8.82,24,5378.452,BDG2 v1.0
Eagle_food_Kay,2017-03-22,food_service,6491.7,2.71,24,5630.433,BDG2 v1.0
Eagle_food_Kay,2017-03-23,food_service,6491.7,-0.46,24,5558.475,BDG2 v1.0
Eagle_food_Kay,2017-03-24,food_service,6491.7,5.88,24,5421.572,BDG2 v1.0
Eagle_food_Kay,2017-03-25,food_service,6491.7,11.66,24,4989.531,BDG2 v1.0
Eagle_food_Kay,2017-03-26,food_service,6491.7,5.21,24,5018.538,BDG2 v1.0
Eagle_food_Kay,2017-03-27,food_service,6491.7,8.00,24,5565.322,BDG2 v1.0
Eagle_food_Kay,2017-03-28,food_service,6491.7,8.45,24,5493.526,BDG2 v1.0
Eagle_food_Kay,2017-03-29,food_service,6491.7,9.90,24,5417.774,BDG2 v1.0
Eagle_food_Kay,2017-03-30,food_service,6491.7,5.72,24,5367.560,BDG2 v1.0
Eagle_food_Kay,2017-03-31,food_service,6491.7,4.67,24,5396.547,BDG2 v1.0
Eagle_food_Kay,2017-04-02,food_service,6491.7,10.31,24,4971.325,BDG2 v1.0
Eagle_food_Kay,2017-04-03,food_service,6491.7,11.87,24,5482.567,BDG2 v1.0
Eagle_food_Kay,2017-04-04,food_service,6491.7,14.05,24,5727.482,BDG2 v1.0
Eagle_food_Kay,2017-04-05,food_service,6491.7,12.55,24,5623.483,BDG2 v1.0
Eagle_food_Kay,2017-04-06,food_service,6491.7,8.20,24,5425.162,BDG2 v1.0
Eagle_food_Kay,2017-04-07,food_service,6491.7,7.18,22,4968.030,BDG2 v1.0
Eagle_food_Kay,2017-04-08,food_service,6491.7,8.50,24,5000.127,BDG2 v1.0
Eagle_food_Kay,2017-04-09,food_service,6491.7,11.50,24,5256.016,BDG2 v1.0
Eagle_food_Kay,2017-04-10,food_service,6491.7,16.53,24,5486.917,BDG2 v1.0
Eagle_food_Kay,2017-04-11,food_service,6491.7,20.18,24,5698.434,BDG2 v1.0
Eagle_food_Kay,2017-04-13,food_service,6491.7,13.40,23,3239.954,BDG2 v1.0
Eagle_food_Kay,2017-04-14,food_service,6491.7,12.62,24,5450.462,BDG2 v1.0
Eagle_food_Kay,2017-04-15,food_service,6491.7,12.97,24,4838.594,BDG2 v1.0
Eagle_food_Kay,2017-04-16,food_service,6491.7,21.57,24,4928.409,BDG2 v1.0
Eagle_food_Kay,2017-04-17,food_service,6491.7,19.45,24,5515.183,BDG2 v1.0
Eagle_food_Kay,2017-04-18,food_service,6491.7,13.55,24,5501.024,BDG2 v1.0
Eagle_food_Kay,2017-04-19,food_service,6491.7,10.17,24,5752.894,BDG2 v1.0
Eagle_food_Kay,2017-04-20,food_service,6491.7,14.71,24,5741.948,BDG2 v1.0
Eagle_food_Kay,2017-04-21,food_service,6491.7,12.36,24,5461.055,BDG2 v1.0
Eagle_food_Kay,2017-04-22,food_service,6491.7,11.83,24,5093.672,BDG2 v1.0
Eagle_food_Kay,2017-04-23,food_service,6491.7,11.80,24,4975.378,BDG2 v1.0
Eagle_food_Kay,2017-04-24,food_service,6491.7,10.74,24,5439.910,BDG2 v1.0
Eagle_food_Kay,2017-04-25,food_service,6491.7,11.88,24,5867.788,BDG2 v1.0
Eagle_food_Kay,2017-04-26,food_service,6491.7,14.87,24,5504.334,BDG2 v1.0
Eagle_food_Kay,2017-04-27,food_service,6491.7,18.65,24,5741.817,BDG2 v1.0
Eagle_food_Kay,2017-04-28,food_service,6491.7,21.76,24,5777.833,BDG2 v1.0
Eagle_food_Kay,2017-04-29,food_service,6491.7,23.02,24,5133.470,BDG2 v1.0
Eagle_food_Kay,2017-04-30,food_service,6491.7,16.26,24,4903.190,BDG2 v1.0
Eagle_food_Kay,2017-05-01,food_service,6491.7,17.55,24,5367.659,BDG2 v1.0
Eagle_food_Kay,2017-05-02,food_service,6491.7,21.23,24,5515.303,BDG2 v1.0
Eagle_food_Kay,2017-05-03,food_service,6491.7,15.60,24,5504.628,BDG2 v1.0
Eagle_food_Kay,2017-05-04,food_service,6491.7,11.89,24,5194.768,BDG2 v1.0
Eagle_food_Kay,2017-05-05,food_service,6491.7,14.62,24,5536.568,BDG2 v1.0
Eagle_food_Kay,2017-05-06,food_service,6491.7,16.12,24,5050.832,BDG2 v1.0
Eagle_food_Kay,2017-05-07,food_service,6491.7,10.63,24,5137.107,BDG2 v1.0
Eagle_food_Kay,2017-05-08,food_service,6491.7,10.08,24,5882.135,BDG2 v1.0
Eagle_food_Kay,2017-05-09,food_service,6491.7,11.24,24,5742.140,BDG2 v1.0
Eagle_food_Kay,2017-05-10,food_service,6491.7,13.03,24,5723.842,BDG2 v1.0
Eagle_food_Kay,2017-05-11,food_service,6491.7,11.55,24,5047.096,BDG2 v1.0
Eagle_food_Kay,2017-05-12,food_service,6491.7,11.25,24,5364.018,BDG2 v1.0
Eagle_food_Kay,2017-05-13,food_service,6491.7,9.70,24,3466.748,BDG2 v1.0
Eagle_food_Kay,2017-05-14,food_service,6491.7,12.80,24,2843.964,BDG2 v1.0
Eagle_food_Kay,2017-05-15,food_service,6491.7,15.49,24,3290.254,BDG2 v1.0
Eagle_food_Kay,2017-05-16,food_service,6491.7,19.19,24,3185.886,BDG2 v1.0
Eagle_food_Kay,2017-05-17,food_service,6491.7,23.43,24,3711.528,BDG2 v1.0
Eagle_food_Kay,2017-05-18,food_service,6491.7,27.79,24,3153.643,BDG2 v1.0
Eagle_food_Kay,2017-05-19,food_service,6491.7,27.78,24,3175.238,BDG2 v1.0
Eagle_food_Kay,2017-05-20,food_service,6491.7,16.30,24,2941.213,BDG2 v1.0
Eagle_food_Kay,2017-05-21,food_service,6491.7,14.76,24,2764.748,BDG2 v1.0
Eagle_food_Kay,2017-05-22,food_service,6491.7,14.60,24,3067.226,BDG2 v1.0
Eagle_food_Kay,2017-05-23,food_service,6491.7,16.31,24,2969.979,BDG2 v1.0
Eagle_food_Kay,2017-05-24,food_service,6491.7,16.43,24,2916.090,BDG2 v1.0
Eagle_food_Kay,2017-05-25,food_service,6491.7,14.32,24,2912.294,BDG2 v1.0
Eagle_food_Kay,2017-05-26,food_service,6491.7,18.43,24,2998.643,BDG2 v1.0
Eagle_food_Kay,2017-05-27,food_service,6491.7,18.84,24,2671.195,BDG2 v1.0
Eagle_food_Kay,2017-05-28,food_service,6491.7,18.05,24,2653.251,BDG2 v1.0
Eagle_food_Kay,2017-05-29,food_service,6491.7,14.64,24,2815.093,BDG2 v1.0
Eagle_food_Kay,2017-05-30,food_service,6491.7,14.53,24,2966.549,BDG2 v1.0
Eagle_food_Kay,2017-05-31,food_service,6491.7,19.58,24,2941.202,BDG2 v1.0
Eagle_food_Kay,2017-06-01,food_service,6491.7,21.60,24,3002.417,BDG2 v1.0
Eagle_food_Kay,2017-06-02,food_service,6491.7,19.60,24,2926.809,BDG2 v1.0
Eagle_food_Kay,2017-06-03,food_service,6491.7,16.57,24,2617.247,BDG2 v1.0
Eagle_food_Kay,2017-06-04,food_service,6491.7,16.97,24,2498.431,BDG2 v1.0
Eagle_food_Kay,2017-06-05,food_service,6491.7,19.05,24,2811.571,BDG2 v1.0
Eagle_food_Kay,2017-06-06,food_service,6491.7,14.71,24,3002.252,BDG2 v1.0
Eagle_food_Kay,2017-06-07,food_service,6491.7,15.08,24,2941.240,BDG2 v1.0
Eagle_food_Kay,2017-06-08,food_service,6491.7,15.84,24,3038.489,BDG2 v1.0
Eagle_food_Kay,2017-06-09,food_service,6491.7,19.40,24,3099.511,BDG2 v1.0
Eagle_food_Kay,2017-06-10,food_service,6491.7,24.10,24,2818.819,BDG2 v1.0
Eagle_food_Kay,2017-06-11,food_service,6491.7,26.85,24,3351.604,BDG2 v1.0
Eagle_food_Kay,2017-06-12,food_service,6491.7,28.19,24,3884.244,BDG2 v1.0
Eagle_food_Kay,2017-06-13,food_service,6491.7,28.88,24,4028.187,BDG2 v1.0
Eagle_food_Kay,2017-06-14,food_service,6491.7,24.89,24,3895.108,BDG2 v1.0
Eagle_food_Kay,2017-06-15,food_service,6491.7,21.25,24,4031.968,BDG2 v1.0
Eagle_food_Kay,2017-06-16,food_service,6491.7,19.65,24,3905.941,BDG2 v1.0
Eagle_food_Kay,2017-06-17,food_service,6491.7,21.60,24,3549.587,BDG2 v1.0
Eagle_food_Kay,2017-06-18,food_service,6491.7,26.32,24,3653.959,BDG2 v1.0
Eagle_food_Kay,2017-06-19,food_service,6491.7,25.75,24,4082.474,BDG2 v1.0
Eagle_food_Kay,2017-06-20,food_service,6491.7,24.84,24,4229.794,BDG2 v1.0
Eagle_food_Kay,2017-06-21,food_service,6491.7,24.11,24,4453.069,BDG2 v1.0
Eagle_food_Kay,2017-06-22,food_service,6491.7,24.48,24,4453.031,BDG2 v1.0
Eagle_food_Kay,2017-06-23,food_service,6491.7,26.10,24,4251.544,BDG2 v1.0
Eagle_food_Kay,2017-06-24,food_service,6491.7,25.65,24,3693.553,BDG2 v1.0
Eagle_food_Kay,2017-06-25,food_service,6491.7,24.44,24,4024.737,BDG2 v1.0
Eagle_food_Kay,2017-06-26,food_service,6491.7,21.92,24,4121.920,BDG2 v1.0
Eagle_food_Kay,2017-06-27,food_service,6491.7,20.21,24,4085.828,BDG2 v1.0
Eagle_food_Kay,2017-06-28,food_service,6491.7,20.57,24,4172.280,BDG2 v1.0
Eagle_food_Kay,2017-06-29,food_service,6491.7,23.72,24,4337.955,BDG2 v1.0
Eagle_food_Kay,2017-06-30,food_service,6491.7,26.95,24,4154.299,BDG2 v1.0
Eagle_food_Kay,2017-07-01,food_service,6491.7,25.48,24,3715.103,BDG2 v1.0
Eagle_food_Kay,2017-07-02,food_service,6491.7,26.21,24,3617.896,BDG2 v1.0
Eagle_food_Kay,2017-07-03,food_service,6491.7,26.97,24,4125.352,BDG2 v1.0
Eagle_food_Kay,2017-07-04,food_service,6491.7,25.66,24,3862.681,BDG2 v1.0
Eagle_food_Kay,2017-07-05,food_service,6491.7,24.06,24,4093.162,BDG2 v1.0
Eagle_food_Kay,2017-07-06,food_service,6491.7,21.69,24,4233.566,BDG2 v1.0
Eagle_food_Kay,2017-07-07,food_service,6491.7,23.49,24,4413.750,BDG2 v1.0
Eagle_food_Kay,2017-07-08,food_service,6491.7,24.02,24,4136.469,BDG2 v1.0
Eagle_food_Kay,2017-07-09,food_service,6491.7,23.17,24,4204.798,BDG2 v1.0
Eagle_food_Kay,2017-07-10,food_service,6491.7,23.33,24,4280.346,BDG2 v1.0
Eagle_food_Kay,2017-07-11,food_service,6491.7,26.76,24,4255.199,BDG2 v1.0
Eagle_food_Kay,2017-07-12,food_service,6491.7,28.23,23,3812.384,BDG2 v1.0
Eagle_food_Kay,2017-07-13,food_service,6491.7,27.55,23,3931.230,BDG2 v1.0
Eagle_food_Kay,2017-07-14,food_service,6491.7,21.67,24,4287.739,BDG2 v1.0
Eagle_food_Kay,2017-07-15,food_service,6491.7,24.92,24,4190.318,BDG2 v1.0
Eagle_food_Kay,2017-07-16,food_service,6491.7,24.55,24,3898.736,BDG2 v1.0
Eagle_food_Kay,2017-07-17,food_service,6491.7,25.21,24,3978.092,BDG2 v1.0
Eagle_food_Kay,2017-07-18,food_service,6491.7,26.50,24,4428.053,BDG2 v1.0
Eagle_food_Kay,2017-07-19,food_service,6491.7,28.40,24,5602.057,BDG2 v1.0
Eagle_food_Kay,2017-07-20,food_service,6491.7,28.80,24,4305.535,BDG2 v1.0
Eagle_food_Kay,2017-07-21,food_service,6491.7,27.63,24,4010.325,BDG2 v1.0
Eagle_food_Kay,2017-07-22,food_service,6491.7,27.25,24,3931.147,BDG2 v1.0
Eagle_food_Kay,2017-07-23,food_service,6491.7,24.07,24,3707.879,BDG2 v1.0
Eagle_food_Kay,2017-07-24,food_service,6491.7,22.40,24,4269.713,BDG2 v1.0
Eagle_food_Kay,2017-07-25,food_service,6491.7,19.81,24,4330.810,BDG2 v1.0
Eagle_food_Kay,2017-07-26,food_service,6491.7,21.03,24,4024.690,BDG2 v1.0
Eagle_food_Kay,2017-07-27,food_service,6491.7,22.09,24,3992.250,BDG2 v1.0
Eagle_food_Kay,2017-07-28,food_service,6491.7,24.70,24,4075.351,BDG2 v1.0
Eagle_food_Kay,2017-07-29,food_service,6491.7,21.68,24,3614.469,BDG2 v1.0
Eagle_food_Kay,2017-07-30,food_service,6491.7,21.43,24,3664.820,BDG2 v1.0
Eagle_food_Kay,2017-07-31,food_service,6491.7,23.75,24,4039.131,BDG2 v1.0
Eagle_food_Kay,2017-08-01,food_service,6491.7,26.24,24,4240.685,BDG2 v1.0
Eagle_food_Kay,2017-08-02,food_service,6491.7,23.66,24,3776.461,BDG2 v1.0
Eagle_food_Kay,2017-08-03,food_service,6491.7,22.93,24,4024.881,BDG2 v1.0
Eagle_food_Kay,2017-08-04,food_service,6491.7,25.07,24,3938.492,BDG2 v1.0
Eagle_food_Kay,2017-08-05,food_service,6491.7,22.27,24,3466.695,BDG2 v1.0
Eagle_food_Kay,2017-08-06,food_service,6491.7,19.99,24,3481.139,BDG2 v1.0
Eagle_food_Kay,2017-08-07,food_service,6491.7,18.94,24,3628.760,BDG2 v1.0
Eagle_food_Kay,2017-08-08,food_service,6491.7,21.64,24,3880.837,BDG2 v1.0
Eagle_food_Kay,2017-08-09,food_service,6491.7,22.72,24,3815.901,BDG2 v1.0
Eagle_food_Kay,2017-08-10,food_service,6491.7,23.01,24,4453.138,BDG2 v1.0
Eagle_food_Kay,2017-08-11,food_service,6491.7,23.27,24,3276.049,BDG2 v1.0
Eagle_food_Kay,2017-08-12,food_service,6491.7,22.76,24,2995.176,BDG2 v1.0
Eagle_food_Kay,2017-08-13,food_service,6491.7,23.98,24,3801.600,BDG2 v1.0
Eagle_food_Kay,2017-08-14,food_service,6491.7,22.43,24,3934.768,BDG2 v1.0
Eagle_food_Kay,2017-08-15,food_service,6491.7,22.25,24,3823.291,BDG2 v1.0
Eagle_food_Kay,2017-08-16,food_service,6491.7,24.68,24,3970.847,BDG2 v1.0
Eagle_food_Kay,2017-08-17,food_service,6491.7,24.50,24,4388.327,BDG2 v1.0
Eagle_food_Kay,2017-08-18,food_service,6491.7,25.01,24,5147.918,BDG2 v1.0
Eagle_food_Kay,2017-08-19,food_service,6491.7,26.36,24,4859.952,BDG2 v1.0
Eagle_food_Kay,2017-08-20,food_service,6491.7,23.22,24,4932.005,BDG2 v1.0
Eagle_food_Kay,2017-08-21,food_service,6491.7,24.32,24,5342.123,BDG2 v1.0
Eagle_food_Kay,2017-08-22,food_service,6491.7,27.39,24,5313.595,BDG2 v1.0
Eagle_food_Kay,2017-08-23,food_service,6491.7,24.22,24,5414.477,BDG2 v1.0
Eagle_food_Kay,2017-08-24,food_service,6491.7,21.07,24,5572.685,BDG2 v1.0
Eagle_food_Kay,2017-08-25,food_service,6491.7,20.53,24,5453.964,BDG2 v1.0
Eagle_food_Kay,2017-08-26,food_service,6491.7,20.60,24,5212.828,BDG2 v1.0
Eagle_food_Kay,2017-08-27,food_service,6491.7,18.87,24,5090.570,BDG2 v1.0
Eagle_food_Kay,2017-08-28,food_service,6491.7,18.72,24,5522.480,BDG2 v1.0
Eagle_food_Kay,2017-08-29,food_service,6491.7,17.33,24,5554.381,BDG2 v1.0
Eagle_food_Kay,2017-08-30,food_service,6491.7,19.84,24,5472.077,BDG2 v1.0
Eagle_food_Kay,2017-08-31,food_service,6491.7,21.50,24,5533.344,BDG2 v1.0
Eagle_food_Kay,2017-09-01,food_service,6491.7,16.49,24,5436.021,BDG2 v1.0
Eagle_food_Kay,2017-09-02,food_service,6491.7,14.77,24,5129.953,BDG2 v1.0
Eagle_food_Kay,2017-09-03,food_service,6491.7,18.48,24,5022.006,BDG2 v1.0
Eagle_food_Kay,2017-09-04,food_service,6491.7,20.46,24,5533.311,BDG2 v1.0
Eagle_food_Kay,2017-09-05,food_service,6491.7,23.19,24,5616.049,BDG2 v1.0
Eagle_food_Kay,2017-09-06,food_service,6491.7,17.87,24,5461.212,BDG2 v1.0
Eagle_food_Kay,2017-09-07,food_service,6491.7,17.60,24,5345.985,BDG2 v1.0
Eagle_food_Kay,2017-09-08,food_service,6491.7,16.97,24,5180.400,BDG2 v1.0
Eagle_food_Kay,2017-09-09,food_service,6491.7,15.34,24,4895.925,BDG2 v1.0
Eagle_food_Kay,2017-09-10,food_service,6491.7,16.65,24,4892.412,BDG2 v1.0
Eagle_food_Kay,2017-09-11,food_service,6491.7,17.29,24,5068.670,BDG2 v1.0
Eagle_food_Kay,2017-09-12,food_service,6491.7,19.07,24,5579.967,BDG2 v1.0
Eagle_food_Kay,2017-09-13,food_service,6491.7,19.94,24,5320.793,BDG2 v1.0
Eagle_food_Kay,2017-09-14,food_service,6491.7,23.23,24,5238.170,BDG2 v1.0
Eagle_food_Kay,2017-09-15,food_service,6491.7,22.50,24,5227.117,BDG2 v1.0
Eagle_food_Kay,2017-09-16,food_service,6491.7,23.15,24,5028.992,BDG2 v1.0
Eagle_food_Kay,2017-09-17,food_service,6491.7,21.75,24,4827.574,BDG2 v1.0
Eagle_food_Kay,2017-09-18,food_service,6491.7,21.11,24,5511.686,BDG2 v1.0
Eagle_food_Kay,2017-09-19,food_service,6491.7,22.50,24,5781.914,BDG2 v1.0
Eagle_food_Kay,2017-09-20,food_service,6491.7,23.80,24,5450.321,BDG2 v1.0
Eagle_food_Kay,2017-09-21,food_service,6491.7,23.54,24,5525.904,BDG2 v1.0
Eagle_food_Kay,2017-09-22,food_service,6491.7,23.08,24,5374.704,BDG2 v1.0
Eagle_food_Kay,2017-09-23,food_service,6491.7,24.05,24,5187.384,BDG2 v1.0
Eagle_food_Kay,2017-09-24,food_service,6491.7,25.36,24,5137.145,BDG2 v1.0
Eagle_food_Kay,2017-09-25,food_service,6491.7,24.81,24,5295.522,BDG2 v1.0
Eagle_food_Kay,2017-09-26,food_service,6491.7,22.85,23,5399.796,BDG2 v1.0
Eagle_food_Kay,2017-09-28,food_service,6491.7,21.71,24,5313.611,BDG2 v1.0
Eagle_food_Kay,2017-09-29,food_service,6491.7,15.39,24,5432.181,BDG2 v1.0
Eagle_food_Kay,2017-09-30,food_service,6491.7,14.47,24,4471.174,BDG2 v1.0
Eagle_food_Kay,2017-10-01,food_service,6491.7,13.42,24,4100.401,BDG2 v1.0
Eagle_food_Kay,2017-10-02,food_service,6491.7,15.03,24,5054.429,BDG2 v1.0
Eagle_food_Kay,2017-10-03,food_service,6491.7,15.02,24,5043.715,BDG2 v1.0
Eagle_food_Kay,2017-10-04,food_service,6491.7,16.48,24,5529.583,BDG2 v1.0
Eagle_food_Kay,2017-10-05,food_service,6491.7,21.25,24,5551.008,BDG2 v1.0
Eagle_food_Kay,2017-10-06,food_service,6491.7,22.50,24,5436.241,BDG2 v1.0
Eagle_food_Kay,2017-10-07,food_service,6491.7,22.72,24,4949.820,BDG2 v1.0
Eagle_food_Kay,2017-10-08,food_service,6491.7,23.77,24,4949.891,BDG2 v1.0
Eagle_food_Kay,2017-10-09,food_service,6491.7,24.00,24,5623.294,BDG2 v1.0
Eagle_food_Kay,2017-10-10,food_service,6491.7,23.12,24,5713.000,BDG2 v1.0
Eagle_food_Kay,2017-10-11,food_service,6491.7,19.51,24,5309.938,BDG2 v1.0
Eagle_food_Kay,2017-10-12,food_service,6491.7,15.35,23,5169.407,BDG2 v1.0
Eagle_food_Kay,2017-10-13,food_service,6491.7,14.72,24,5302.812,BDG2 v1.0
Eagle_food_Kay,2017-10-14,food_service,6491.7,18.20,24,4939.293,BDG2 v1.0
Eagle_food_Kay,2017-10-15,food_service,6491.7,19.44,24,4831.099,BDG2 v1.0
Eagle_food_Kay,2017-10-16,food_service,6491.7,14.12,24,5238.011,BDG2 v1.0
Eagle_food_Kay,2017-10-17,food_service,6491.7,9.10,24,5417.733,BDG2 v1.0
Eagle_food_Kay,2017-10-18,food_service,6491.7,13.06,24,5417.868,BDG2 v1.0
Eagle_food_Kay,2017-10-19,food_service,6491.7,14.45,24,5435.969,BDG2 v1.0
Eagle_food_Kay,2017-10-20,food_service,6491.7,16.79,24,5320.780,BDG2 v1.0
Eagle_food_Kay,2017-10-21,food_service,6491.7,15.99,24,4859.924,BDG2 v1.0
Eagle_food_Kay,2017-10-22,food_service,6491.7,15.22,24,4982.447,BDG2 v1.0
Eagle_food_Kay,2017-10-23,food_service,6491.7,18.93,24,5400.098,BDG2 v1.0
Eagle_food_Kay,2017-10-24,food_service,6491.7,21.10,24,5313.352,BDG2 v1.0
Eagle_food_Kay,2017-10-25,food_service,6491.7,15.14,24,5176.791,BDG2 v1.0
Eagle_food_Kay,2017-10-26,food_service,6491.7,10.30,24,5515.271,BDG2 v1.0
Eagle_food_Kay,2017-10-27,food_service,6491.7,10.32,24,5392.916,BDG2 v1.0
Eagle_food_Kay,2017-10-28,food_service,6491.7,13.50,24,4942.909,BDG2 v1.0
Eagle_food_Kay,2017-10-29,food_service,6491.7,16.37,24,4867.370,BDG2 v1.0
Eagle_food_Kay,2017-10-30,food_service,6491.7,10.90,24,5439.698,BDG2 v1.0
Eagle_food_Kay,2017-10-31,food_service,6491.7,9.45,24,5432.246,BDG2 v1.0
Eagle_food_Kay,2017-11-01,food_service,6491.7,9.42,24,5410.757,BDG2 v1.0
Eagle_food_Kay,2017-11-02,food_service,6491.7,18.08,24,5511.503,BDG2 v1.0
Eagle_food_Kay,2017-11-03,food_service,6491.7,16.62,24,5475.473,BDG2 v1.0
Eagle_food_Kay,2017-11-04,food_service,6491.7,9.68,24,5216.349,BDG2 v1.0
Eagle_food_Kay,2017-11-05,food_service,6491.7,14.27,24,4921.291,BDG2 v1.0
Eagle_food_Kay,2017-11-06,food_service,6491.7,16.20,24,5608.714,BDG2 v1.0
Eagle_food_Kay,2017-11-07,food_service,6491.7,5.97,24,5831.895,BDG2 v1.0
Eagle_food_Kay,2017-11-08,food_service,6491.7,6.22,24,5536.827,BDG2 v1.0
Eagle_food_Kay,2017-11-09,food_service,6491.7,8.90,24,5601.541,BDG2 v1.0
Eagle_food_Kay,2017-11-10,food_service,6491.7,2.60,24,5072.203,BDG2 v1.0
Eagle_food_Kay,2017-11-11,food_service,6491.7,-1.34,24,5000.336,BDG2 v1.0
Eagle_food_Kay,2017-11-12,food_service,6491.7,1.23,24,5018.217,BDG2 v1.0
Eagle_food_Kay,2017-11-13,food_service,6491.7,4.90,24,5623.351,BDG2 v1.0
Eagle_food_Kay,2017-11-14,food_service,6491.7,4.67,24,5742.048,BDG2 v1.0
Eagle_food_Kay,2017-11-15,food_service,6491.7,6.08,24,5500.907,BDG2 v1.0
Eagle_food_Kay,2017-11-16,food_service,6491.7,9.63,24,5500.570,BDG2 v1.0
Eagle_food_Kay,2017-11-17,food_service,6491.7,5.90,24,5569.235,BDG2 v1.0
Eagle_food_Kay,2017-11-18,food_service,6491.7,4.66,24,5219.785,BDG2 v1.0
Eagle_food_Kay,2017-11-19,food_service,6491.7,10.75,24,4989.723,BDG2 v1.0
Eagle_food_Kay,2017-11-20,food_service,6491.7,4.84,24,5594.416,BDG2 v1.0
Eagle_food_Kay,2017-11-21,food_service,6491.7,7.07,24,5349.585,BDG2 v1.0
Eagle_food_Kay,2017-11-22,food_service,6491.7,7.45,24,3650.417,BDG2 v1.0
Eagle_food_Kay,2017-11-23,food_service,6491.7,1.30,24,3304.875,BDG2 v1.0
Eagle_food_Kay,2017-11-24,food_service,6491.7,3.43,24,3524.448,BDG2 v1.0
Eagle_food_Kay,2017-11-25,food_service,6491.7,7.12,24,3333.357,BDG2 v1.0
Eagle_food_Kay,2017-11-26,food_service,6491.7,7.40,24,4593.588,BDG2 v1.0
Eagle_food_Kay,2017-11-27,food_service,6491.7,6.20,24,5572.947,BDG2 v1.0
Eagle_food_Kay,2017-11-28,food_service,6491.7,7.10,24,5464.859,BDG2 v1.0
Eagle_food_Kay,2017-11-29,food_service,6491.7,10.49,24,5551.139,BDG2 v1.0
Eagle_food_Kay,2017-11-30,food_service,6491.7,6.27,24,5796.308,BDG2 v1.0
Eagle_food_Kay,2017-12-01,food_service,6491.7,7.30,24,5536.941,BDG2 v1.0
Eagle_food_Kay,2017-12-02,food_service,6491.7,3.83,24,5216.536,BDG2 v1.0
Eagle_food_Kay,2017-12-03,food_service,6491.7,4.33,24,5313.829,BDG2 v1.0
Eagle_food_Kay,2017-12-04,food_service,6491.7,4.18,24,5583.687,BDG2 v1.0
Eagle_food_Kay,2017-12-05,food_service,6491.7,13.08,24,5687.913,BDG2 v1.0
Eagle_food_Kay,2017-12-06,food_service,6491.7,6.46,24,5597.769,BDG2 v1.0
Eagle_food_Kay,2017-12-07,food_service,6491.7,3.64,24,5633.928,BDG2 v1.0
Eagle_food_Kay,2017-12-08,food_service,6491.7,1.47,24,5497.147,BDG2 v1.0
Eagle_food_Kay,2017-12-09,food_service,6491.7,-0.32,24,5291.842,BDG2 v1.0
Eagle_food_Kay,2017-12-10,food_service,6491.7,0.26,24,5331.625,BDG2 v1.0
Eagle_food_Kay,2017-12-11,food_service,6491.7,1.71,24,5453.924,BDG2 v1.0
Eagle_food_Kay,2017-12-12,food_service,6491.7,3.69,24,5464.697,BDG2 v1.0
Eagle_food_Kay,2017-12-13,food_service,6491.7,-3.86,24,5558.283,BDG2 v1.0
Eagle_food_Kay,2017-12-14,food_service,6491.7,-2.99,24,5626.728,BDG2 v1.0
Eagle_food_Kay,2017-12-15,food_service,6491.7,-5.72,24,5313.528,BDG2 v1.0
Eagle_food_Kay,2017-12-16,food_service,6491.7,-0.59,24,3315.766,BDG2 v1.0
Eagle_food_Kay,2017-12-17,food_service,6491.7,1.84,24,2372.345,BDG2 v1.0
Eagle_food_Kay,2017-12-18,food_service,6491.7,5.30,24,2174.481,BDG2 v1.0
Eagle_food_Kay,2017-12-19,food_service,6491.7,9.23,24,1997.987,BDG2 v1.0
Eagle_food_Kay,2017-12-20,food_service,6491.7,6.45,24,1897.149,BDG2 v1.0
Eagle_food_Kay,2017-12-21,food_service,6491.7,0.78,24,2087.953,BDG2 v1.0
Eagle_food_Kay,2017-12-22,food_service,6491.7,3.97,24,2105.988,BDG2 v1.0
Eagle_food_Kay,2017-12-23,food_service,6491.7,8.78,24,1785.576,BDG2 v1.0
Eagle_food_Kay,2017-12-24,food_service,6491.7,3.11,24,1933.204,BDG2 v1.0
Eagle_food_Kay,2017-12-25,food_service,6491.7,1.02,24,2015.986,BDG2 v1.0
Eagle_food_Kay,2017-12-26,food_service,6491.7,-3.38,24,2070.058,BDG2 v1.0
Eagle_food_Kay,2017-12-27,food_service,6491.7,-6.14,24,2095.128,BDG2 v1.0
Eagle_food_Kay,2017-12-28,food_service,6491.7,-9.05,24,2052.019,BDG2 v1.0
Eagle_food_Kay,2017-12-29,food_service,6491.7,-8.72,24,2026.735,BDG2 v1.0
Eagle_food_Kay,2017-12-30,food_service,6491.7,-7.25,24,1925.982,BDG2 v1.0
Eagle_food_Kay,2017-12-31,food_service,6491.7,-10.00,24,1904.444,BDG2 v1.0
Fox_food_Francesco,2016-01-01,food_service,2310.2,10.20,24,829.220,BDG2 v1.0
Fox_food_Francesco,2016-01-02,food_service,2310.2,14.50,24,868.690,BDG2 v1.0
Fox_food_Francesco,2016-01-03,food_service,2310.2,15.99,24,901.650,BDG2 v1.0
Fox_food_Francesco,2016-01-04,food_service,2310.2,14.12,24,1022.880,BDG2 v1.0
Fox_food_Francesco,2016-01-05,food_service,2310.2,12.45,24,1063.570,BDG2 v1.0
Fox_food_Francesco,2016-01-06,food_service,2310.2,12.73,24,1036.460,BDG2 v1.0
Fox_food_Francesco,2016-01-07,food_service,2310.2,10.16,24,1059.270,BDG2 v1.0
Fox_food_Francesco,2016-01-08,food_service,2310.2,9.89,24,1036.570,BDG2 v1.0
Fox_food_Francesco,2016-01-09,food_service,2310.2,9.77,24,970.560,BDG2 v1.0
Fox_food_Francesco,2016-01-10,food_service,2310.2,9.72,24,1193.560,BDG2 v1.0
Fox_food_Francesco,2016-01-11,food_service,2310.2,9.92,24,1792.400,BDG2 v1.0
Fox_food_Francesco,2016-01-12,food_service,2310.2,11.19,24,1740.530,BDG2 v1.0
Fox_food_Francesco,2016-01-13,food_service,2310.2,11.58,24,1758.110,BDG2 v1.0
Fox_food_Francesco,2016-01-14,food_service,2310.2,11.33,24,1652.900,BDG2 v1.0
Fox_food_Francesco,2016-01-15,food_service,2310.2,10.43,24,1510.170,BDG2 v1.0
Fox_food_Francesco,2016-01-16,food_service,2310.2,11.05,24,1338.270,BDG2 v1.0
Fox_food_Francesco,2016-01-17,food_service,2310.2,12.62,24,1311.120,BDG2 v1.0
Fox_food_Francesco,2016-01-18,food_service,2310.2,12.91,24,1345.870,BDG2 v1.0
Fox_food_Francesco,2016-01-19,food_service,2310.2,13.79,24,1615.280,BDG2 v1.0
Fox_food_Francesco,2016-01-20,food_service,2310.2,14.62,24,1631.630,BDG2 v1.0
Fox_food_Francesco,2016-01-21,food_service,2310.2,14.70,24,1639.880,BDG2 v1.0
Fox_food_Francesco,2016-01-22,food_service,2310.2,16.01,24,1494.230,BDG2 v1.0
Fox_food_Francesco,2016-01-23,food_service,2310.2,15.99,24,1294.850,BDG2 v1.0
Fox_food_Francesco,2016-01-24,food_service,2310.2,13.52,24,1330.780,BDG2 v1.0
Fox_food_Francesco,2016-01-25,food_service,2310.2,13.44,24,1554.130,BDG2 v1.0
Fox_food_Francesco,2016-01-26,food_service,2310.2,13.95,24,1567.690,BDG2 v1.0
Fox_food_Francesco,2016-01-27,food_service,2310.2,14.56,24,1556.360,BDG2 v1.0
Fox_food_Francesco,2016-01-28,food_service,2310.2,14.42,24,1621.730,BDG2 v1.0
Fox_food_Francesco,2016-01-29,food_service,2310.2,14.33,24,1493.280,BDG2 v1.0
Fox_food_Francesco,2016-01-30,food_service,2310.2,15.56,24,1302.980,BDG2 v1.0
Fox_food_Francesco,2016-01-31,food_service,2310.2,16.98,24,1295.780,BDG2 v1.0
Fox_food_Francesco,2016-02-01,food_service,2310.2,10.37,24,1592.910,BDG2 v1.0
Fox_food_Francesco,2016-02-02,food_service,2310.2,8.01,24,1600.340,BDG2 v1.0
Fox_food_Francesco,2016-02-03,food_service,2310.2,8.20,24,1651.390,BDG2 v1.0
Fox_food_Francesco,2016-02-04,food_service,2310.2,10.71,24,1638.730,BDG2 v1.0
Fox_food_Francesco,2016-02-05,food_service,2310.2,13.50,24,1527.270,BDG2 v1.0
Fox_food_Francesco,2016-02-06,food_service,2310.2,14.90,24,1372.390,BDG2 v1.0
Fox_food_Francesco,2016-02-07,food_service,2310.2,16.99,24,1326.040,BDG2 v1.0
Fox_food_Francesco,2016-02-08,food_service,2310.2,20.16,24,1641.640,BDG2 v1.0
Fox_food_Francesco,2016-02-09,food_service,2310.2,22.28,24,1640.860,BDG2 v1.0
Fox_food_Francesco,2016-02-10,food_service,2310.2,21.73,24,1672.990,BDG2 v1.0
Fox_food_Francesco,2016-02-11,food_service,2310.2,20.93,24,1623.190,BDG2 v1.0
Fox_food_Francesco,2016-02-12,food_service,2310.2,20.83,24,1571.360,BDG2 v1.0
Fox_food_Francesco,2016-02-13,food_service,2310.2,20.97,24,1369.370,BDG2 v1.0
Fox_food_Francesco,2016-02-14,food_service,2310.2,20.00,24,1331.840,BDG2 v1.0
Fox_food_Francesco,2016-02-15,food_service,2310.2,20.79,24,1710.430,BDG2 v1.0
Fox_food_Francesco,2016-02-16,food_service,2310.2,21.78,24,1664.420,BDG2 v1.0
Fox_food_Francesco,2016-02-17,food_service,2310.2,22.55,24,1681.020,BDG2 v1.0
Fox_food_Francesco,2016-02-18,food_service,2310.2,21.28,24,1726.140,BDG2 v1.0
Fox_food_Francesco,2016-02-19,food_service,2310.2,20.59,24,1675.700,BDG2 v1.0
Fox_food_Francesco,2016-02-20,food_service,2310.2,20.99,24,1288.600,BDG2 v1.0
Fox_food_Francesco,2016-02-21,food_service,2310.2,21.26,24,1335.980,BDG2 v1.0
Fox_food_Francesco,2016-02-22,food_service,2310.2,20.60,24,1650.200,BDG2 v1.0
Fox_food_Francesco,2016-02-23,food_service,2310.2,19.09,24,1671.450,BDG2 v1.0
Fox_food_Francesco,2016-02-24,food_service,2310.2,18.81,24,1721.800,BDG2 v1.0
Fox_food_Francesco,2016-02-25,food_service,2310.2,20.07,24,1651.840,BDG2 v1.0
Fox_food_Francesco,2016-02-26,food_service,2310.2,22.30,24,1649.660,BDG2 v1.0
Fox_food_Francesco,2016-02-27,food_service,2310.2,22.10,24,1344.930,BDG2 v1.0
Fox_food_Francesco,2016-02-28,food_service,2310.2,21.88,24,1481.880,BDG2 v1.0
Fox_food_Francesco,2016-02-29,food_service,2310.2,22.78,24,1684.690,BDG2 v1.0
Fox_food_Francesco,2016-03-01,food_service,2310.2,23.22,24,1659.140,BDG2 v1.0
Fox_food_Francesco,2016-03-02,food_service,2310.2,23.22,24,1783.830,BDG2 v1.0
Fox_food_Francesco,2016-03-03,food_service,2310.2,23.43,24,1703.680,BDG2 v1.0
Fox_food_Francesco,2016-03-04,food_service,2310.2,23.47,24,1385.290,BDG2 v1.0
Fox_food_Francesco,2016-03-05,food_service,2310.2,21.57,24,858.160,BDG2 v1.0
Fox_food_Francesco,2016-03-06,food_service,2310.2,21.08,24,862.760,BDG2 v1.0
Fox_food_Francesco,2016-03-07,food_service,2310.2,16.61,24,940.520,BDG2 v1.0
Fox_food_Francesco,2016-03-08,food_service,2310.2,16.07,24,952.850,BDG2 v1.0
Fox_food_Francesco,2016-03-09,food_service,2310.2,18.64,24,942.410,BDG2 v1.0
Fox_food_Francesco,2016-03-10,food_service,2310.2,21.25,24,959.500,BDG2 v1.0
Fox_food_Francesco,2016-03-11,food_service,2310.2,21.72,24,931.550,BDG2 v1.0
Fox_food_Francesco,2016-03-12,food_service,2310.2,17.50,24,932.990,BDG2 v1.0
Fox_food_Francesco,2016-03-13,food_service,2310.2,18.03,24,1182.630,BDG2 v1.0
Fox_food_Francesco,2016-03-14,food_service,2310.2,19.64,24,1743.000,BDG2 v1.0
Fox_food_Francesco,2016-03-15,food_service,2310.2,21.32,24,1766.860,BDG2 v1.0
Fox_food_Francesco,2016-03-16,food_service,2310.2,22.51,24,1719.570,BDG2 v1.0
Fox_food_Francesco,2016-03-17,food_service,2310.2,22.55,24,1740.980,BDG2 v1.0
Fox_food_Francesco,2016-03-18,food_service,2310.2,22.82,24,1592.200,BDG2 v1.0
Fox_food_Francesco,2016-03-19,food_service,2310.2,24.07,24,1372.540,BDG2 v1.0
Fox_food_Francesco,2016-03-20,food_service,2310.2,24.61,24,1364.440,BDG2 v1.0
Fox_food_Francesco,2016-03-21,food_service,2310.2,25.52,24,1669.040,BDG2 v1.0
Fox_food_Francesco,2016-03-22,food_service,2310.2,24.00,24,1739.570,BDG2 v1.0
Fox_food_Francesco,2016-03-23,food_service,2310.2,19.12,23,1599.660,BDG2 v1.0
Fox_food_Francesco,2016-03-24,food_service,2310.2,19.30,24,1664.440,BDG2 v1.0
Fox_food_Francesco,2016-03-25,food_service,2310.2,20.95,24,1566.230,BDG2 v1.0
Fox_food_Francesco,2016-03-26,food_service,2310.2,22.43,24,1326.070,BDG2 v1.0
Fox_food_Francesco,2016-03-27,food_service,2310.2,22.52,24,1325.890,BDG2 v1.0
Fox_food_Francesco,2016-03-28,food_service,2310.2,22.64,24,1683.900,BDG2 v1.0
Fox_food_Francesco,2016-03-29,food_service,2310.2,17.24,24,1654.420,BDG2 v1.0
Fox_food_Francesco,2016-03-30,food_service,2310.2,15.90,24,1667.160,BDG2 v1.0
Fox_food_Francesco,2016-03-31,food_service,2310.2,16.40,24,1603.280,BDG2 v1.0
Fox_food_Francesco,2016-04-01,food_service,2310.2,18.82,24,1520.670,BDG2 v1.0
Fox_food_Francesco,2016-04-02,food_service,2310.2,21.67,24,1339.370,BDG2 v1.0
Fox_food_Francesco,2016-04-03,food_service,2310.2,23.50,24,1318.840,BDG2 v1.0
Fox_food_Francesco,2016-04-04,food_service,2310.2,24.89,24,1596.950,BDG2 v1.0
Fox_food_Francesco,2016-04-05,food_service,2310.2,25.39,24,1613.290,BDG2 v1.0
Fox_food_Francesco,2016-04-06,food_service,2310.2,27.81,24,1597.850,BDG2 v1.0
Fox_food_Francesco,2016-04-07,food_service,2310.2,27.16,24,1599.120,BDG2 v1.0
Fox_food_Francesco,2016-04-08,food_service,2310.2,21.60,24,1605.970,BDG2 v1.0
Fox_food_Francesco,2016-04-09,food_service,2310.2,22.39,24,1408.490,BDG2 v1.0
Fox_food_Francesco,2016-04-10,food_service,2310.2,17.92,24,1365.270,BDG2 v1.0
Fox_food_Francesco,2016-04-11,food_service,2310.2,18.16,24,1672.150,BDG2 v1.0
Fox_food_Francesco,2016-04-12,food_service,2310.2,21.45,24,1649.520,BDG2 v1.0
Fox_food_Francesco,2016-04-13,food_service,2310.2,23.62,24,1670.280,BDG2 v1.0
Fox_food_Francesco,2016-04-14,food_service,2310.2,25.05,24,1598.290,BDG2 v1.0
Fox_food_Francesco,2016-04-15,food_service,2310.2,23.31,24,1499.420,BDG2 v1.0
Fox_food_Francesco,2016-04-16,food_service,2310.2,21.07,24,1332.030,BDG2 v1.0
Fox_food_Francesco,2016-04-17,food_service,2310.2,22.69,24,1329.260,BDG2 v1.0
Fox_food_Francesco,2016-04-18,food_service,2310.2,23.61,24,1544.840,BDG2 v1.0
Fox_food_Francesco,2016-04-19,food_service,2310.2,25.32,24,1584.920,BDG2 v1.0
Fox_food_Francesco,2016-04-20,food_service,2310.2,26.48,24,1588.920,BDG2 v1.0
Fox_food_Francesco,2016-04-21,food_service,2310.2,27.71,24,1593.110,BDG2 v1.0
Fox_food_Francesco,2016-04-22,food_service,2310.2,28.56,24,1473.980,BDG2 v1.0
Fox_food_Francesco,2016-04-23,food_service,2310.2,26.61,24,1321.370,BDG2 v1.0
Fox_food_Francesco,2016-04-24,food_service,2310.2,24.28,24,1305.120,BDG2 v1.0
Fox_food_Francesco,2016-04-25,food_service,2310.2,23.80,24,1553.280,BDG2 v1.0
Fox_food_Francesco,2016-04-26,food_service,2310.2,19.88,24,1629.990,BDG2 v1.0
Fox_food_Francesco,2016-04-27,food_service,2310.2,22.34,24,1539.120,BDG2 v1.0
Fox_food_Francesco,2016-04-28,food_service,2310.2,21.31,24,1555.860,BDG2 v1.0
Fox_food_Francesco,2016-04-29,food_service,2310.2,21.93,24,1536.260,BDG2 v1.0
Fox_food_Francesco,2016-04-30,food_service,2310.2,21.38,24,1362.060,BDG2 v1.0
Fox_food_Francesco,2016-05-01,food_service,2310.2,20.42,24,1330.600,BDG2 v1.0
Fox_food_Francesco,2016-05-02,food_service,2310.2,24.05,24,1487.200,BDG2 v1.0
Fox_food_Francesco,2016-05-03,food_service,2310.2,26.78,24,1537.040,BDG2 v1.0
Fox_food_Francesco,2016-05-04,food_service,2310.2,30.38,24,1558.170,BDG2 v1.0
Fox_food_Francesco,2016-05-05,food_service,2310.2,29.14,24,1552.490,BDG2 v1.0
Fox_food_Francesco,2016-05-06,food_service,2310.2,22.17,24,1398.850,BDG2 v1.0
Fox_food_Francesco,2016-05-07,food_service,2310.2,20.15,24,1084.040,BDG2 v1.0
Fox_food_Francesco,2016-05-08,food_service,2310.2,21.67,24,758.790,BDG2 v1.0
Fox_food_Francesco,2016-05-09,food_service,2310.2,23.58,23,706.140,BDG2 v1.0
Fox_food_Francesco,2016-05-10,food_service,2310.2,26.47,24,795.830,BDG2 v1.0
Fox_food_Francesco,2016-05-11,food_service,2310.2,28.17,24,801.040,BDG2 v1.0
Fox_food_Francesco,2016-05-12,food_service,2310.2,30.47,24,786.620,BDG2 v1.0
Fox_food_Francesco,2016-05-13,food_service,2310.2,31.55,24,775.530,BDG2 v1.0
Fox_food_Francesco,2016-05-14,food_service,2310.2,32.08,24,793.140,BDG2 v1.0
Fox_food_Francesco,2016-05-15,food_service,2310.2,29.38,24,791.090,BDG2 v1.0
Fox_food_Francesco,2016-05-16,food_service,2310.2,27.46,24,714.300,BDG2 v1.0
Fox_food_Francesco,2016-05-17,food_service,2310.2,26.77,24,832.190,BDG2 v1.0
Fox_food_Francesco,2016-05-18,food_service,2310.2,25.53,24,811.550,BDG2 v1.0
Fox_food_Francesco,2016-05-19,food_service,2310.2,27.60,24,830.120,BDG2 v1.0
Fox_food_Francesco,2016-05-20,food_service,2310.2,30.11,24,880.620,BDG2 v1.0
Fox_food_Francesco,2016-05-21,food_service,2310.2,28.06,24,823.150,BDG2 v1.0
Fox_food_Francesco,2016-05-22,food_service,2310.2,26.12,24,830.660,BDG2 v1.0
Fox_food_Francesco,2016-05-23,food_service,2310.2,26.11,23,1096.210,BDG2 v1.0
Fox_food_Francesco,2016-05-24,food_service,2310.2,26.05,24,1193.780,BDG2 v1.0
Fox_food_Francesco,2016-05-25,food_service,2310.2,25.80,24,1198.700,BDG2 v1.0
Fox_food_Francesco,2016-05-26,food_service,2310.2,24.37,24,1306.300,BDG2 v1.0
Fox_food_Francesco,2016-05-27,food_service,2310.2,26.76,24,813.770,BDG2 v1.0
Fox_food_Francesco,2016-05-28,food_service,2310.2,29.10,24,812.930,BDG2 v1.0
Fox_food_Francesco,2016-05-29,food_service,2310.2,29.81,24,807.350,BDG2 v1.0
Fox_food_Francesco,2016-05-30,food_service,2310.2,28.58,24,804.440,BDG2 v1.0
Fox_food_Francesco,2016-05-31,food_service,2310.2,29.61,24,870.150,BDG2 v1.0
Fox_food_Francesco,2016-06-01,food_service,2310.2,32.25,24,869.470,BDG2 v1.0
Fox_food_Francesco,2016-06-02,food_service,2310.2,33.92,24,795.450,BDG2 v1.0
Fox_food_Francesco,2016-06-03,food_service,2310.2,36.04,24,804.180,BDG2 v1.0
Fox_food_Francesco,2016-06-04,food_service,2310.2,37.51,24,807.780,BDG2 v1.0
Fox_food_Francesco,2016-06-05,food_service,2310.2,37.56,24,850.770,BDG2 v1.0
Fox_food_Francesco,2016-06-06,food_service,2310.2,36.41,24,968.160,BDG2 v1.0
Fox_food_Francesco,2016-06-07,food_service,2310.2,34.28,24,938.630,BDG2 v1.0
Fox_food_Francesco,2016-06-08,food_service,2310.2,34.84,24,959.810,BDG2 v1.0
Fox_food_Francesco,2016-06-09,food_service,2310.2,34.09,24,960.130,BDG2 v1.0
Fox_food_Francesco,2016-06-10,food_service,2310.2,32.52,24,1244.990,BDG2 v1.0
Fox_food_Francesco,2016-06-11,food_service,2310.2,32.18,24,1027.210,BDG2 v1.0
Fox_food_Francesco,2016-06-12,food_service,2310.2,32.57,24,992.960,BDG2 v1.0
Fox_food_Francesco,2016-06-13,food_service,2310.2,32.06,24,940.460,BDG2 v1.0
Fox_food_Francesco,2016-06-14,food_service,2310.2,31.36,24,965.440,BDG2 v1.0
Fox_food_Francesco,2016-06-15,food_service,2310.2,31.88,24,926.350,BDG2 v1.0
Fox_food_Francesco,2016-06-16,food_service,2310.2,32.30,24,1181.430,BDG2 v1.0
Fox_food_Francesco,2016-06-17,food_service,2310.2,33.51,24,986.630,BDG2 v1.0
Fox_food_Francesco,2016-06-18,food_service,2310.2,35.48,24,811.310,BDG2 v1.0
Fox_food_Francesco,2016-06-19,food_service,2310.2,39.00,24,1006.140,BDG2 v1.0
Fox_food_Francesco,2016-06-20,food_service,2310.2,39.91,24,1381.990,BDG2 v1.0
Fox_food_Francesco,2016-06-21,food_service,2310.2,38.27,24,1329.120,BDG2 v1.0
Fox_food_Francesco,2016-06-22,food_service,2310.2,38.26,24,1389.130,BDG2 v1.0
Fox_food_Francesco,2016-06-23,food_service,2310.2,37.73,24,1335.030,BDG2 v1.0
Fox_food_Francesco,2016-06-24,food_service,2310.2,37.56,24,1265.650,BDG2 v1.0
Fox_food_Francesco,2016-06-25,food_service,2310.2,36.67,24,1066.450,BDG2 v1.0
Fox_food_Francesco,2016-06-26,food_service,2310.2,36.11,24,1095.400,BDG2 v1.0
Fox_food_Francesco,2016-06-27,food_service,2310.2,37.06,24,1218.860,BDG2 v1.0
Fox_food_Francesco,2016-06-28,food_service,2310.2,38.25,24,1244.470,BDG2 v1.0
Fox_food_Francesco,2016-06-29,food_service,2310.2,36.41,24,1277.220,BDG2 v1.0
Fox_food_Francesco,2016-06-30,food_service,2310.2,30.99,24,1362.560,BDG2 v1.0
Fox_food_Francesco,2016-07-01,food_service,2310.2,30.97,24,1133.160,BDG2 v1.0
Fox_food_Francesco,2016-07-02,food_service,2310.2,33.61,24,843.820,BDG2 v1.0
Fox_food_Francesco,2016-07-03,food_service,2310.2,35.99,24,854.660,BDG2 v1.0
Fox_food_Francesco,2016-07-04,food_service,2310.2,37.33,24,807.330,BDG2 v1.0
Fox_food_Francesco,2016-07-05,food_service,2310.2,37.04,24,937.210,BDG2 v1.0
Fox_food_Francesco,2016-07-06,food_service,2310.2,35.98,24,885.990,BDG2 v1.0
Fox_food_Francesco,2016-07-07,food_service,2310.2,35.50,24,896.450,BDG2 v1.0
Fox_food_Francesco,2016-07-08,food_service,2310.2,36.66,24,879.780,BDG2 v1.0
Fox_food_Francesco,2016-07-09,food_service,2310.2,37.78,24,848.710,BDG2 v1.0
Fox_food_Francesco,2016-07-10,food_service,2310.2,37.57,24,951.750,BDG2 v1.0
Fox_food_Francesco,2016-07-11,food_service,2310.2,36.69,24,1023.590,BDG2 v1.0
Fox_food_Francesco,2016-07-12,food_service,2310.2,35.84,24,1058.670,BDG2 v1.0
Fox_food_Francesco,2016-07-13,food_service,2310.2,36.65,24,1091.430,BDG2 v1.0
Fox_food_Francesco,2016-07-14,food_service,2310.2,37.82,24,1300.300,BDG2 v1.0
Fox_food_Francesco,2016-07-15,food_service,2310.2,38.28,24,968.020,BDG2 v1.0
Fox_food_Francesco,2016-07-16,food_service,2310.2,37.30,24,916.710,BDG2 v1.0
Fox_food_Francesco,2016-07-17,food_service,2310.2,36.41,24,970.460,BDG2 v1.0
Fox_food_Francesco,2016-07-18,food_service,2310.2,34.27,24,1091.580,BDG2 v1.0
Fox_food_Francesco,2016-07-19,food_service,2310.2,34.94,24,1096.230,BDG2 v1.0
Fox_food_Francesco,2016-07-20,food_service,2310.2,35.46,24,1063.150,BDG2 v1.0
Fox_food_Francesco,2016-07-21,food_service,2310.2,37.78,24,1034.000,BDG2 v1.0
Fox_food_Francesco,2016-07-22,food_service,2310.2,38.74,24,1021.870,BDG2 v1.0
Fox_food_Francesco,2016-07-23,food_service,2310.2,38.17,24,966.280,BDG2 v1.0
Fox_food_Francesco,2016-07-24,food_service,2310.2,37.25,24,1016.570,BDG2 v1.0
Fox_food_Francesco,2016-07-25,food_service,2310.2,36.25,24,1179.440,BDG2 v1.0
Fox_food_Francesco,2016-07-26,food_service,2310.2,38.09,24,1513.570,BDG2 v1.0
Fox_food_Francesco,2016-07-27,food_service,2310.2,38.47,24,1404.660,BDG2 v1.0
Fox_food_Francesco,2016-07-28,food_service,2310.2,37.77,24,1432.040,BDG2 v1.0
Fox_food_Francesco,2016-07-29,food_service,2310.2,37.72,24,1346.440,BDG2 v1.0
Fox_food_Francesco,2016-07-30,food_service,2310.2,32.47,24,972.930,BDG2 v1.0
Fox_food_Francesco,2016-07-31,food_service,2310.2,33.59,24,924.530,BDG2 v1.0
Fox_food_Francesco,2016-08-01,food_service,2310.2,31.53,24,998.460,BDG2 v1.0
Fox_food_Francesco,2016-08-02,food_service,2310.2,31.03,24,1006.580,BDG2 v1.0
Fox_food_Francesco,2016-08-03,food_service,2310.2,30.84,24,1194.200,BDG2 v1.0
Fox_food_Francesco,2016-08-04,food_service,2310.2,32.55,24,1130.830,BDG2 v1.0
Fox_food_Francesco,2016-08-05,food_service,2310.2,32.28,24,1031.280,BDG2 v1.0
Fox_food_Francesco,2016-08-06,food_service,2310.2,34.88,24,1057.170,BDG2 v1.0
Fox_food_Francesco,2016-08-07,food_service,2310.2,36.74,24,956.190,BDG2 v1.0
Fox_food_Francesco,2016-08-08,food_service,2310.2,37.75,24,1105.830,BDG2 v1.0
Fox_food_Francesco,2016-08-09,food_service,2310.2,32.97,24,1155.130,BDG2 v1.0
Fox_food_Francesco,2016-08-10,food_service,2310.2,32.58,24,1189.660,BDG2 v1.0
Fox_food_Francesco,2016-08-11,food_service,2310.2,31.00,24,1306.490,BDG2 v1.0
Fox_food_Francesco,2016-08-12,food_service,2310.2,34.67,24,1278.860,BDG2 v1.0
Fox_food_Francesco,2016-08-13,food_service,2310.2,35.62,24,1556.110,BDG2 v1.0
Fox_food_Francesco,2016-08-14,food_service,2310.2,35.16,24,1438.560,BDG2 v1.0
Fox_food_Francesco,2016-08-15,food_service,2310.2,36.70,24,1736.580,BDG2 v1.0
Fox_food_Francesco,2016-08-16,food_service,2310.2,37.06,24,1822.390,BDG2 v1.0
Fox_food_Francesco,2016-08-17,food_service,2310.2,36.85,24,1861.620,BDG2 v1.0
Fox_food_Francesco,2016-08-18,food_service,2310.2,34.49,24,1891.470,BDG2 v1.0
Fox_food_Francesco,2016-08-19,food_service,2310.2,33.92,24,1744.540,BDG2 v1.0
Fox_food_Francesco,2016-08-20,food_service,2310.2,32.11,24,1555.130,BDG2 v1.0
Fox_food_Francesco,2016-08-21,food_service,2310.2,31.71,24,1596.520,BDG2 v1.0
Fox_food_Francesco,2016-08-22,food_service,2310.2,31.30,24,1859.870,BDG2 v1.0
Fox_food_Francesco,2016-08-23,food_service,2310.2,30.25,24,1946.630,BDG2 v1.0
Fox_food_Francesco,2016-08-24,food_service,2310.2,31.78,24,1897.930,BDG2 v1.0
Fox_food_Francesco,2016-08-25,food_service,2310.2,32.15,24,2010.630,BDG2 v1.0
Fox_food_Francesco,2016-08-26,food_service,2310.2,32.52,24,1908.770,BDG2 v1.0
Fox_food_Francesco,2016-08-27,food_service,2310.2,32.08,24,1695.600,BDG2 v1.0
Fox_food_Francesco,2016-08-28,food_service,2310.2,31.74,24,1654.240,BDG2 v1.0
Fox_food_Francesco,2016-08-29,food_service,2310.2,34.17,24,1966.030,BDG2 v1.0
Fox_food_Francesco,2016-08-30,food_service,2310.2,35.18,24,2092.540,BDG2 v1.0
Fox_food_Francesco,2016-08-31,food_service,2310.2,34.83,24,2045.060,BDG2 v1.0
Fox_food_Francesco,2016-09-01,food_service,2310.2,34.50,24,2068.280,BDG2 v1.0
Fox_food_Francesco,2016-09-02,food_service,2310.2,34.28,24,2019.580,BDG2 v1.0
Fox_food_Francesco,2016-09-03,food_service,2310.2,34.78,24,1722.520,BDG2 v1.0
Fox_food_Francesco,2016-09-04,food_service,2310.2,32.36,24,1670.330,BDG2 v1.0
Fox_food_Francesco,2016-09-05,food_service,2310.2,31.75,24,1789.260,BDG2 v1.0
Fox_food_Francesco,2016-09-06,food_service,2310.2,32.52,24,1931.350,BDG2 v1.0
Fox_food_Francesco,2016-09-07,food_service,2310.2,28.88,24,1862.690,BDG2 v1.0
Fox_food_Francesco,2016-09-08,food_service,2310.2,29.07,24,1871.390,BDG2 v1.0
Fox_food_Francesco,2016-09-09,food_service,2310.2,32.88,24,1657.710,BDG2 v1.0
Fox_food_Francesco,2016-09-10,food_service,2310.2,34.20,24,1516.690,BDG2 v1.0
Fox_food_Francesco,2016-09-11,food_service,2310.2,33.93,24,1462.240,BDG2 v1.0
Fox_food_Francesco,2016-09-12,food_service,2310.2,32.83,24,1796.480,BDG2 v1.0
Fox_food_Francesco,2016-09-13,food_service,2310.2,30.82,24,1866.830,BDG2 v1.0
Fox_food_Francesco,2016-09-14,food_service,2310.2,30.85,24,1855.400,BDG2 v1.0
Fox_food_Francesco,2016-09-15,food_service,2310.2,29.63,24,1799.440,BDG2 v1.0
Fox_food_Francesco,2016-09-16,food_service,2310.2,29.26,24,1680.040,BDG2 v1.0
Fox_food_Francesco,2016-09-17,food_service,2310.2,30.15,24,1642.030,BDG2 v1.0
Fox_food_Francesco,2016-09-18,food_service,2310.2,31.64,24,1489.010,BDG2 v1.0
Fox_food_Francesco,2016-09-19,food_service,2310.2,30.74,24,1832.150,BDG2 v1.0
Fox_food_Francesco,2016-09-20,food_service,2310.2,29.65,24,1858.720,BDG2 v1.0
Fox_food_Francesco,2016-09-21,food_service,2310.2,30.60,24,1852.250,BDG2 v1.0
Fox_food_Francesco,2016-09-22,food_service,2310.2,26.67,24,1876.210,BDG2 v1.0
Fox_food_Francesco,2016-09-23,food_service,2310.2,25.84,24,1656.230,BDG2 v1.0
Fox_food_Francesco,2016-09-24,food_service,2310.2,25.09,24,1389.180,BDG2 v1.0
Fox_food_Francesco,2016-09-25,food_service,2310.2,28.38,24,1429.780,BDG2 v1.0
Fox_food_Francesco,2016-09-26,food_service,2310.2,28.27,24,1774.850,BDG2 v1.0
Fox_food_Francesco,2016-09-27,food_service,2310.2,26.13,24,1814.260,BDG2 v1.0
Fox_food_Francesco,2016-09-28,food_service,2310.2,28.93,24,1877.320,BDG2 v1.0
Fox_food_Francesco,2016-09-29,food_service,2310.2,29.23,24,1924.420,BDG2 v1.0
Fox_food_Francesco,2016-09-30,food_service,2310.2,29.47,24,1800.970,BDG2 v1.0
Fox_food_Francesco,2016-10-01,food_service,2310.2,29.65,24,1819.850,BDG2 v1.0
Fox_food_Francesco,2016-10-02,food_service,2310.2,24.74,24,1578.120,BDG2 v1.0
Fox_food_Francesco,2016-10-03,food_service,2310.2,23.98,24,1817.930,BDG2 v1.0
Fox_food_Francesco,2016-10-04,food_service,2310.2,23.12,24,1784.310,BDG2 v1.0
Fox_food_Francesco,2016-10-05,food_service,2310.2,24.69,24,1887.240,BDG2 v1.0
Fox_food_Francesco,2016-10-06,food_service,2310.2,25.65,24,1965.230,BDG2 v1.0
Fox_food_Francesco,2016-10-07,food_service,2310.2,26.92,24,1750.490,BDG2 v1.0
Fox_food_Francesco,2016-10-08,food_service,2310.2,30.14,24,1645.460,BDG2 v1.0
Fox_food_Francesco,2016-10-09,food_service,2310.2,29.65,24,1487.550,BDG2 v1.0
Fox_food_Francesco,2016-10-10,food_service,2310.2,29.13,24,1631.840,BDG2 v1.0
Fox_food_Francesco,2016-10-11,food_service,2310.2,28.26,24,1580.770,BDG2 v1.0
Fox_food_Francesco,2016-10-12,food_service,2310.2,26.55,24,1939.840,BDG2 v1.0
Fox_food_Francesco,2016-10-13,food_service,2310.2,26.34,24,1943.360,BDG2 v1.0
Fox_food_Francesco,2016-10-14,food_service,2310.2,27.09,24,1808.730,BDG2 v1.0
Fox_food_Francesco,2016-10-15,food_service,2310.2,26.91,24,1574.250,BDG2 v1.0
Fox_food_Francesco,2016-10-16,food_service,2310.2,26.59,24,1631.700,BDG2 v1.0
Fox_food_Francesco,2016-10-17,food_service,2310.2,25.82,24,1965.350,BDG2 v1.0
Fox_food_Francesco,2016-10-18,food_service,2310.2,25.81,24,1957.370,BDG2 v1.0
Fox_food_Francesco,2016-10-19,food_service,2310.2,26.00,24,1962.800,BDG2 v1.0
Fox_food_Francesco,2016-10-20,food_service,2310.2,27.22,24,2020.800,BDG2 v1.0
Fox_food_Francesco,2016-10-21,food_service,2310.2,28.82,24,1863.590,BDG2 v1.0
Fox_food_Francesco,2016-10-22,food_service,2310.2,29.10,24,1578.530,BDG2 v1.0
Fox_food_Francesco,2016-10-23,food_service,2310.2,27.94,24,1657.590,BDG2 v1.0
Fox_food_Francesco,2016-10-24,food_service,2310.2,27.28,24,1980.560,BDG2 v1.0
Fox_food_Francesco,2016-10-25,food_service,2310.2,27.78,24,2049.560,BDG2 v1.0
Fox_food_Francesco,2016-10-26,food_service,2310.2,27.64,24,2037.240,BDG2 v1.0
Fox_food_Francesco,2016-10-27,food_service,2310.2,29.12,24,1957.410,BDG2 v1.0
Fox_food_Francesco,2016-10-28,food_service,2310.2,28.70,24,1953.190,BDG2 v1.0
Fox_food_Francesco,2016-10-29,food_service,2310.2,27.62,24,1622.390,BDG2 v1.0
Fox_food_Francesco,2016-10-30,food_service,2310.2,27.15,24,1644.780,BDG2 v1.0
Fox_food_Francesco,2016-10-31,food_service,2310.2,25.21,24,2081.570,BDG2 v1.0
Fox_food_Francesco,2016-11-01,food_service,2310.2,23.20,24,2009.530,BDG2 v1.0
Fox_food_Francesco,2016-11-02,food_service,2310.2,22.30,24,2047.820,BDG2 v1.0
Fox_food_Francesco,2016-11-03,food_service,2310.2,22.42,24,2015.230,BDG2 v1.0
Fox_food_Francesco,2016-11-04,food_service,2310.2,20.59,24,1918.260,BDG2 v1.0
Fox_food_Francesco,2016-11-05,food_service,2310.2,21.81,24,1691.150,BDG2 v1.0
Fox_food_Francesco,2016-11-06,food_service,2310.2,22.12,24,1667.610,BDG2 v1.0
Fox_food_Francesco,2016-11-07,food_service,2310.2,22.75,24,2037.880,BDG2 v1.0
Fox_food_Francesco,2016-11-08,food_service,2310.2,25.68,24,2059.270,BDG2 v1.0
Fox_food_Francesco,2016-11-09,food_service,2310.2,24.09,24,2023.990,BDG2 v1.0
Fox_food_Francesco,2016-11-10,food_service,2310.2,22.45,24,2109.230,BDG2 v1.0
Fox_food_Francesco,2016-11-11,food_service,2310.2,22.73,24,1550.310,BDG2 v1.0
Fox_food_Francesco,2016-11-12,food_service,2310.2,22.32,24,1458.070,BDG2 v1.0
Fox_food_Francesco,2016-11-13,food_service,2310.2,21.89,24,1488.690,BDG2 v1.0
Fox_food_Francesco,2016-11-14,food_service,2310.2,21.94,24,1857.500,BDG2 v1.0
Fox_food_Francesco,2016-11-15,food_service,2310.2,22.08,24,1919.740,BDG2 v1.0
Fox_food_Francesco,2016-11-16,food_service,2310.2,20.54,24,1887.330,BDG2 v1.0
Fox_food_Francesco,2016-11-17,food_service,2310.2,17.81,24,1868.120,BDG2 v1.0
Fox_food_Francesco,2016-11-18,food_service,2310.2,16.55,24,1707.640,BDG2 v1.0
Fox_food_Francesco,2016-11-19,food_service,2310.2,20.62,24,1471.870,BDG2 v1.0
Fox_food_Francesco,2016-11-20,food_service,2310.2,19.38,24,1453.020,BDG2 v1.0
Fox_food_Francesco,2016-11-21,food_service,2310.2,17.36,24,1879.160,BDG2 v1.0
Fox_food_Francesco,2016-11-22,food_service,2310.2,15.75,24,1790.130,BDG2 v1.0
Fox_food_Francesco,2016-11-23,food_service,2310.2,16.78,24,1416.510,BDG2 v1.0
Fox_food_Francesco,2016-11-24,food_service,2310.2,16.95,24,899.760,BDG2 v1.0
Fox_food_Francesco,2016-11-25,food_service,2310.2,18.00,24,919.130,BDG2 v1.0
Fox_food_Francesco,2016-11-26,food_service,2310.2,18.15,24,908.520,BDG2 v1.0
Fox_food_Francesco,2016-11-27,food_service,2310.2,13.81,24,1162.710,BDG2 v1.0
Fox_food_Francesco,2016-11-28,food_service,2310.2,11.23,24,1840.780,BDG2 v1.0
Fox_food_Francesco,2016-11-29,food_service,2310.2,11.30,24,1828.370,BDG2 v1.0
Fox_food_Francesco,2016-11-30,food_service,2310.2,10.70,24,1752.450,BDG2 v1.0
Fox_food_Francesco,2016-12-01,food_service,2310.2,10.70,24,1833.080,BDG2 v1.0
Fox_food_Francesco,2016-12-02,food_service,2310.2,11.30,24,1737.670,BDG2 v1.0
Fox_food_Francesco,2016-12-03,food_service,2310.2,12.78,24,1535.940,BDG2 v1.0
Fox_food_Francesco,2016-12-04,food_service,2310.2,13.31,24,1538.270,BDG2 v1.0
Fox_food_Francesco,2016-12-05,food_service,2310.2,12.88,24,1758.890,BDG2 v1.0
Fox_food_Francesco,2016-12-06,food_service,2310.2,13.10,24,1853.890,BDG2 v1.0
Fox_food_Francesco,2016-12-07,food_service,2310.2,13.65,24,1754.960,BDG2 v1.0
Fox_food_Francesco,2016-12-08,food_service,2310.2,13.25,24,1705.860,BDG2 v1.0
Fox_food_Francesco,2016-12-09,food_service,2310.2,14.67,24,1601.580,BDG2 v1.0
Fox_food_Francesco,2016-12-10,food_service,2310.2,15.17,24,1305.400,BDG2 v1.0
Fox_food_Francesco,2016-12-11,food_service,2310.2,16.26,24,851.270,BDG2 v1.0
Fox_food_Francesco,2016-12-12,food_service,2310.2,16.66,24,1088.900,BDG2 v1.0
Fox_food_Francesco,2016-12-13,food_service,2310.2,16.94,24,1072.250,BDG2 v1.0
Fox_food_Francesco,2016-12-14,food_service,2310.2,17.04,24,1074.490,BDG2 v1.0
Fox_food_Francesco,2016-12-15,food_service,2310.2,17.63,24,1026.680,BDG2 v1.0
Fox_food_Francesco,2016-12-16,food_service,2310.2,17.92,24,971.570,BDG2 v1.0
Fox_food_Francesco,2016-12-17,food_service,2310.2,13.12,24,837.000,BDG2 v1.0
Fox_food_Francesco,2016-12-18,food_service,2310.2,10.16,24,839.130,BDG2 v1.0
Fox_food_Francesco,2016-12-19,food_service,2310.2,13.34,24,880.420,BDG2 v1.0
Fox_food_Francesco,2016-12-20,food_service,2310.2,16.74,24,929.580,BDG2 v1.0
Fox_food_Francesco,2016-12-21,food_service,2310.2,17.91,24,926.400,BDG2 v1.0
Fox_food_Francesco,2016-12-22,food_service,2310.2,15.79,24,890.020,BDG2 v1.0
Fox_food_Francesco,2016-12-23,food_service,2310.2,14.15,24,859.510,BDG2 v1.0
Fox_food_Francesco,2016-12-24,food_service,2310.2,10.84,24,869.110,BDG2 v1.0
Fox_food_Francesco,2016-12-25,food_service,2310.2,8.83,24,836.470,BDG2 v1.0
Fox_food_Francesco,2016-12-26,food_service,2310.2,9.35,24,848.360,BDG2 v1.0
Fox_food_Francesco,2016-12-27,food_service,2310.2,12.50,24,868.230,BDG2 v1.0
Fox_food_Francesco,2016-12-28,food_service,2310.2,12.40,24,880.220,BDG2 v1.0
Fox_food_Francesco,2016-12-29,food_service,2310.2,16.50,24,897.860,BDG2 v1.0
Fox_food_Francesco,2016-12-30,food_service,2310.2,16.39,24,881.800,BDG2 v1.0
Fox_food_Francesco,2016-12-31,food_service,2310.2,14.26,24,893.820,BDG2 v1.0
Fox_food_Francesco,2017-01-01,food_service,2310.2,12.30,24,872.070,BDG2 v1.0
Fox_food_Francesco,2017-01-02,food_service,2310.2,11.66,24,862.230,BDG2 v1.0
Fox_food_Francesco,2017-01-03,food_service,2310.2,11.64,24,950.260,BDG2 v1.0
Fox_food_Francesco,2017-01-04,food_service,2310.2,13.14,24,1215.110,BDG2 v1.0
Fox_food_Francesco,2017-01-05,food_service,2310.2,13.88,24,1204.310,BDG2 v1.0
Fox_food_Francesco,2017-01-06,food_service,2310.2,14.53,24,1361.420,BDG2 v1.0
Fox_food_Francesco,2017-01-07,food_service,2310.2,12.29,24,912.120,BDG2 v1.0
Fox_food_Francesco,2017-01-08,food_service,2310.2,15.92,24,1227.650,BDG2 v1.0
Fox_food_Francesco,2017-01-09,food_service,2310.2,15.18,24,1898.200,BDG2 v1.0
Fox_food_Francesco,2017-01-10,food_service,2310.2,14.81,24,1811.960,BDG2 v1.0
Fox_food_Francesco,2017-01-11,food_service,2310.2,14.38,24,1859.640,BDG2 v1.0
Fox_food_Francesco,2017-01-12,food_service,2310.2,14.16,24,1828.010,BDG2 v1.0
Fox_food_Francesco,2017-01-13,food_service,2310.2,15.50,24,1777.090,BDG2 v1.0
Fox_food_Francesco,2017-01-14,food_service,2310.2,14.49,24,1564.140,BDG2 v1.0
Fox_food_Francesco,2017-01-15,food_service,2310.2,13.21,24,1515.420,BDG2 v1.0
Fox_food_Francesco,2017-01-16,food_service,2310.2,13.49,24,1561.930,BDG2 v1.0
Fox_food_Francesco,2017-01-17,food_service,2310.2,11.85,24,1898.660,BDG2 v1.0
Fox_food_Francesco,2017-01-18,food_service,2310.2,12.82,24,1849.020,BDG2 v1.0
Fox_food_Francesco,2017-01-19,food_service,2310.2,11.22,24,1901.690,BDG2 v1.0
Fox_food_Francesco,2017-01-20,food_service,2310.2,10.53,24,1816.250,BDG2 v1.0
Fox_food_Francesco,2017-01-21,food_service,2310.2,12.00,24,1595.130,BDG2 v1.0
Fox_food_Francesco,2017-01-22,food_service,2310.2,10.97,24,1482.740,BDG2 v1.0
Fox_food_Francesco,2017-01-23,food_service,2310.2,12.83,24,1768.090,BDG2 v1.0
Fox_food_Francesco,2017-01-24,food_service,2310.2,9.73,24,1835.400,BDG2 v1.0
Fox_food_Francesco,2017-01-25,food_service,2310.2,8.49,24,1813.890,BDG2 v1.0
Fox_food_Francesco,2017-01-26,food_service,2310.2,8.83,24,1782.230,BDG2 v1.0
Fox_food_Francesco,2017-01-27,food_service,2310.2,9.49,24,1755.980,BDG2 v1.0
Fox_food_Francesco,2017-01-28,food_service,2310.2,10.59,24,1677.770,BDG2 v1.0
Fox_food_Francesco,2017-01-29,food_service,2310.2,14.05,24,1704.960,BDG2 v1.0
Fox_food_Francesco,2017-01-30,food_service,2310.2,16.04,24,1825.530,BDG2 v1.0
Fox_food_Francesco,2017-01-31,food_service,2310.2,14.78,24,1873.700,BDG2 v1.0
Fox_food_Francesco,2017-02-01,food_service,2310.2,15.70,24,1842.270,BDG2 v1.0
Fox_food_Francesco,2017-02-02,food_service,2310.2,15.50,24,1841.670,BDG2 v1.0
Fox_food_Francesco,2017-02-03,food_service,2310.2,15.51,24,1746.270,BDG2 v1.0
Fox_food_Francesco,2017-02-04,food_service,2310.2,15.66,24,1551.840,BDG2 v1.0
Fox_food_Francesco,2017-02-05,food_service,2310.2,16.48,24,1478.950,BDG2 v1.0
Fox_food_Francesco,2017-02-06,food_service,2310.2,15.79,24,1793.930,BDG2 v1.0
Fox_food_Francesco,2017-02-07,food_service,2310.2,16.81,24,1831.070,BDG2 v1.0
Fox_food_Francesco,2017-02-08,food_service,2310.2,18.38,24,1833.270,BDG2 v1.0
Fox_food_Francesco,2017-02-09,food_service,2310.2,19.95,24,1862.990,BDG2 v1.0
Fox_food_Francesco,2017-02-10,food_service,2310.2,20.81,24,1857.590,BDG2 v1.0
Fox_food_Francesco,2017-02-11,food_service,2310.2,20.53,24,1512.630,BDG2 v1.0
Fox_food_Francesco,2017-02-12,food_service,2310.2,19.49,24,1477.650,BDG2 v1.0
Fox_food_Francesco,2017-02-13,food_service,2310.2,19.51,24,1783.430,BDG2 v1.0
Fox_food_Francesco,2017-02-14,food_service,2310.2,18.68,24,1708.930,BDG2 v1.0
Fox_food_Francesco,2017-02-15,food_service,2310.2,18.76,24,1709.980,BDG2 v1.0
Fox_food_Francesco,2017-02-16,food_service,2310.2,17.54,24,1720.040,BDG2 v1.0
Fox_food_Francesco,2017-02-17,food_service,2310.2,18.25,24,1632.330,BDG2 v1.0
Fox_food_Francesco,2017-02-18,food_service,2310.2,14.87,24,1554.930,BDG2 v1.0
Fox_food_Francesco,2017-02-19,food_service,2310.2,12.30,24,1491.140,BDG2 v1.0
Fox_food_Francesco,2017-02-20,food_service,2310.2,14.96,24,1743.650,BDG2 v1.0
Fox_food_Francesco,2017-02-21,food_service,2310.2,17.14,24,1819.880,BDG2 v1.0
Fox_food_Francesco,2017-02-22,food_service,2310.2,18.88,24,1745.060,BDG2 v1.0
Fox_food_Francesco,2017-02-23,food_service,2310.2,13.73,24,1682.160,BDG2 v1.0
Fox_food_Francesco,2017-02-24,food_service,2310.2,11.64,24,1662.410,BDG2 v1.0
Fox_food_Francesco,2017-02-25,food_service,2310.2,12.73,24,1519.560,BDG2 v1.0
Fox_food_Francesco,2017-02-26,food_service,2310.2,15.13,24,1452.260,BDG2 v1.0
Fox_food_Francesco,2017-02-27,food_service,2310.2,12.97,24,1770.270,BDG2 v1.0
Fox_food_Francesco,2017-02-28,food_service,2310.2,14.22,24,1784.680,BDG2 v1.0
Fox_food_Francesco,2017-03-01,food_service,2310.2,14.79,24,1760.880,BDG2 v1.0
Fox_food_Francesco,2017-03-02,food_service,2310.2,17.05,24,1710.460,BDG2 v1.0
Fox_food_Francesco,2017-03-03,food_service,2310.2,18.70,24,1374.700,BDG2 v1.0
Fox_food_Francesco,2017-03-04,food_service,2310.2,18.91,24,917.690,BDG2 v1.0
Fox_food_Francesco,2017-03-05,food_service,2310.2,18.50,24,892.410,BDG2 v1.0
Fox_food_Francesco,2017-03-06,food_service,2310.2,15.16,24,921.000,BDG2 v1.0
Fox_food_Francesco,2017-03-07,food_service,2310.2,16.06,24,942.710,BDG2 v1.0
Fox_food_Francesco,2017-03-08,food_service,2310.2,19.00,24,942.380,BDG2 v1.0
Fox_food_Francesco,2017-03-09,food_service,2310.2,21.54,24,962.510,BDG2 v1.0
Fox_food_Francesco,2017-03-10,food_service,2310.2,22.75,24,952.680,BDG2 v1.0
Fox_food_Francesco,2017-03-11,food_service,2310.2,23.24,24,927.800,BDG2 v1.0
Fox_food_Francesco,2017-03-12,food_service,2310.2,23.50,24,1224.700,BDG2 v1.0
Fox_food_Francesco,2017-03-13,food_service,2310.2,24.45,24,1814.340,BDG2 v1.0
Fox_food_Francesco,2017-03-14,food_service,2310.2,25.15,24,1780.180,BDG2 v1.0
Fox_food_Francesco,2017-03-15,food_service,2310.2,25.12,24,1751.250,BDG2 v1.0
Fox_food_Francesco,2017-03-16,food_service,2310.2,25.23,24,1814.320,BDG2 v1.0
Fox_food_Francesco,2017-03-17,food_service,2310.2,26.32,24,1760.660,BDG2 v1.0
Fox_food_Francesco,2017-03-18,food_service,2310.2,26.80,24,1517.790,BDG2 v1.0
Fox_food_Francesco,2017-03-19,food_service,2310.2,27.01,24,1465.470,BDG2 v1.0
Fox_food_Francesco,2017-03-20,food_service,2310.2,27.60,24,1814.730,BDG2 v1.0
Fox_food_Francesco,2017-03-21,food_service,2310.2,26.75,24,1821.990,BDG2 v1.0
Fox_food_Francesco,2017-03-22,food_service,2310.2,22.99,24,1829.990,BDG2 v1.0
Fox_food_Francesco,2017-03-23,food_service,2310.2,17.25,24,1745.200,BDG2 v1.0
Fox_food_Francesco,2017-03-24,food_service,2310.2,18.56,24,1714.700,BDG2 v1.0
Fox_food_Francesco,2017-03-25,food_service,2310.2,20.67,24,1411.450,BDG2 v1.0
Fox_food_Francesco,2017-03-26,food_service,2310.2,21.04,24,1483.150,BDG2 v1.0
Fox_food_Francesco,2017-03-27,food_service,2310.2,21.48,24,1788.960,BDG2 v1.0
Fox_food_Francesco,2017-03-28,food_service,2310.2,20.16,24,1750.640,BDG2 v1.0
Fox_food_Francesco,2017-03-29,food_service,2310.2,21.93,24,1728.240,BDG2 v1.0
Fox_food_Francesco,2017-03-30,food_service,2310.2,23.37,24,1813.470,BDG2 v1.0
Fox_food_Francesco,2017-03-31,food_service,2310.2,17.50,24,1739.410,BDG2 v1.0
Fox_food_Francesco,2017-04-01,food_service,2310.2,16.81,24,1455.440,BDG2 v1.0
Fox_food_Francesco,2017-04-02,food_service,2310.2,19.94,24,1573.130,BDG2 v1.0
Fox_food_Francesco,2017-04-03,food_service,2310.2,22.27,24,1826.380,BDG2 v1.0
Fox_food_Francesco,2017-04-04,food_service,2310.2,20.72,24,1826.000,BDG2 v1.0
Fox_food_Francesco,2017-04-05,food_service,2310.2,21.97,24,1812.390,BDG2 v1.0
Fox_food_Francesco,2017-04-06,food_service,2310.2,24.24,24,1856.700,BDG2 v1.0
Fox_food_Francesco,2017-04-07,food_service,2310.2,25.22,24,1832.850,BDG2 v1.0
Fox_food_Francesco,2017-04-08,food_service,2310.2,23.75,24,1457.490,BDG2 v1.0
Fox_food_Francesco,2017-04-09,food_service,2310.2,21.76,24,1483.590,BDG2 v1.0
Fox_food_Francesco,2017-04-10,food_service,2310.2,21.89,24,1994.070,BDG2 v1.0
Fox_food_Francesco,2017-04-11,food_service,2310.2,23.41,24,2116.330,BDG2 v1.0
Fox_food_Francesco,2017-04-12,food_service,2310.2,25.05,24,2271.550,BDG2 v1.0
Fox_food_Francesco,2017-04-13,food_service,2310.2,26.11,24,2273.020,BDG2 v1.0
Fox_food_Francesco,2017-04-14,food_service,2310.2,24.98,24,1912.180,BDG2 v1.0
Fox_food_Francesco,2017-04-15,food_service,2310.2,24.58,24,1391.270,BDG2 v1.0
Fox_food_Francesco,2017-04-16,food_service,2310.2,25.10,24,1451.520,BDG2 v1.0
Fox_food_Francesco,2017-04-17,food_service,2310.2,25.77,24,1845.170,BDG2 v1.0
Fox_food_Francesco,2017-04-18,food_service,2310.2,26.78,24,1895.810,BDG2 v1.0
Fox_food_Francesco,2017-04-19,food_service,2310.2,27.33,24,1860.420,BDG2 v1.0
Fox_food_Francesco,2017-04-20,food_service,2310.2,26.06,24,1775.040,BDG2 v1.0
Fox_food_Francesco,2017-04-21,food_service,2310.2,26.59,24,1760.080,BDG2 v1.0
Fox_food_Francesco,2017-04-22,food_service,2310.2,27.43,24,1455.860,BDG2 v1.0
Fox_food_Francesco,2017-04-23,food_service,2310.2,28.88,24,1450.140,BDG2 v1.0
Fox_food_Francesco,2017-04-24,food_service,2310.2,27.81,24,1757.150,BDG2 v1.0
Fox_food_Francesco,2017-04-25,food_service,2310.2,25.75,24,1800.850,BDG2 v1.0
Fox_food_Francesco,2017-04-26,food_service,2310.2,25.16,24,1802.120,BDG2 v1.0
Fox_food_Francesco,2017-04-27,food_service,2310.2,26.76,24,1904.260,BDG2 v1.0
Fox_food_Francesco,2017-04-28,food_service,2310.2,25.25,24,1743.890,BDG2 v1.0
Fox_food_Francesco,2017-04-29,food_service,2310.2,21.11,24,1530.930,BDG2 v1.0
Fox_food_Francesco,2017-04-30,food_service,2310.2,23.45,24,1548.720,BDG2 v1.0
Fox_food_Francesco,2017-05-01,food_service,2310.2,26.07,24,1731.380,BDG2 v1.0
Fox_food_Francesco,2017-05-02,food_service,2310.2,28.38,24,1723.150,BDG2 v1.0
Fox_food_Francesco,2017-05-03,food_service,2310.2,30.33,24,1871.520,BDG2 v1.0
Fox_food_Francesco,2017-05-04,food_service,2310.2,31.70,24,1757.010,BDG2 v1.0
Fox_food_Francesco,2017-05-05,food_service,2310.2,33.45,24,1650.190,BDG2 v1.0
Fox_food_Francesco,2017-05-06,food_service,2310.2,30.88,24,1242.130,BDG2 v1.0
Fox_food_Francesco,2017-05-07,food_service,2310.2,20.26,24,930.140,BDG2 v1.0
Fox_food_Francesco,2017-05-08,food_service,2310.2,20.97,24,928.240,BDG2 v1.0
Fox_food_Francesco,2017-05-09,food_service,2310.2,18.78,24,952.200,BDG2 v1.0
Fox_food_Francesco,2017-05-10,food_service,2310.2,20.86,24,1060.540,BDG2 v1.0
Fox_food_Francesco,2017-05-11,food_service,2310.2,25.30,24,1076.450,BDG2 v1.0
Fox_food_Francesco,2017-05-12,food_service,2310.2,29.43,24,1267.050,BDG2 v1.0
Fox_food_Francesco,2017-05-13,food_service,2310.2,29.97,24,895.090,BDG2 v1.0
Fox_food_Francesco,2017-05-14,food_service,2310.2,27.67,24,892.450,BDG2 v1.0
Fox_food_Francesco,2017-05-15,food_service,2310.2,25.30,24,908.490,BDG2 v1.0
Fox_food_Francesco,2017-05-16,food_service,2310.2,21.15,24,906.440,BDG2 v1.0
Fox_food_Francesco,2017-05-17,food_service,2310.2,23.25,24,917.270,BDG2 v1.0
Fox_food_Francesco,2017-05-18,food_service,2310.2,25.03,24,906.060,BDG2 v1.0
Fox_food_Francesco,2017-05-19,food_service,2310.2,23.43,24,992.570,BDG2 v1.0
Fox_food_Francesco,2017-05-20,food_service,2310.2,27.76,24,908.290,BDG2 v1.0
Fox_food_Francesco,2017-05-21,food_service,2310.2,30.57,24,912.630,BDG2 v1.0
Fox_food_Francesco,2017-05-22,food_service,2310.2,32.27,24,1336.360,BDG2 v1.0
Fox_food_Francesco,2017-05-23,food_service,2310.2,33.39,24,1366.490,BDG2 v1.0
Fox_food_Francesco,2017-05-24,food_service,2310.2,33.35,24,1331.840,BDG2 v1.0
Fox_food_Francesco,2017-05-25,food_service,2310.2,32.62,24,1454.370,BDG2 v1.0
Fox_food_Francesco,2017-05-26,food_service,2310.2,29.38,24,961.290,BDG2 v1.0
Fox_food_Francesco,2017-05-27,food_service,2310.2,28.88,24,922.640,BDG2 v1.0
Fox_food_Francesco,2017-05-28,food_service,2310.2,30.95,24,922.800,BDG2 v1.0
Fox_food_Francesco,2017-05-29,food_service,2310.2,32.20,24,938.110,BDG2 v1.0
Fox_food_Francesco,2017-05-30,food_service,2310.2,32.48,24,951.720,BDG2 v1.0
Fox_food_Francesco,2017-05-31,food_service,2310.2,31.99,24,965.240,BDG2 v1.0
Fox_food_Francesco,2017-06-01,food_service,2310.2,31.25,24,967.530,BDG2 v1.0
Fox_food_Francesco,2017-06-02,food_service,2310.2,31.46,24,939.810,BDG2 v1.0
Fox_food_Francesco,2017-06-03,food_service,2310.2,33.95,24,948.210,BDG2 v1.0
Fox_food_Francesco,2017-06-04,food_service,2310.2,35.12,24,1170.850,BDG2 v1.0
Fox_food_Francesco,2017-06-05,food_service,2310.2,35.72,24,1504.280,BDG2 v1.0
Fox_food_Francesco,2017-06-06,food_service,2310.2,35.14,24,1507.750,BDG2 v1.0
Fox_food_Francesco,2017-06-07,food_service,2310.2,34.39,24,1572.420,BDG2 v1.0
Fox_food_Francesco,2017-06-08,food_service,2310.2,33.84,24,1458.510,BDG2 v1.0
Fox_food_Francesco,2017-06-09,food_service,2310.2,34.33,24,1400.080,BDG2 v1.0
Fox_food_Francesco,2017-06-10,food_service,2310.2,32.69,24,1215.540,BDG2 v1.0
Fox_food_Francesco,2017-06-11,food_service,2310.2,31.37,24,1320.940,BDG2 v1.0
Fox_food_Francesco,2017-06-12,food_service,2310.2,29.00,24,1391.550,BDG2 v1.0
Fox_food_Francesco,2017-06-13,food_service,2310.2,28.56,24,1247.480,BDG2 v1.0
Fox_food_Francesco,2017-06-14,food_service,2310.2,30.90,24,1289.880,BDG2 v1.0
Fox_food_Francesco,2017-06-15,food_service,2310.2,32.86,24,1299.160,BDG2 v1.0
Fox_food_Francesco,2017-06-16,food_service,2310.2,34.02,24,1209.130,BDG2 v1.0
Fox_food_Francesco,2017-06-17,food_service,2310.2,35.09,24,967.560,BDG2 v1.0
Fox_food_Francesco,2017-06-18,food_service,2310.2,36.46,24,1122.410,BDG2 v1.0
Fox_food_Francesco,2017-06-19,food_service,2310.2,38.73,24,1237.030,BDG2 v1.0
Fox_food_Francesco,2017-06-20,food_service,2310.2,40.10,24,1150.350,BDG2 v1.0
Fox_food_Francesco,2017-06-21,food_service,2310.2,40.24,24,1156.180,BDG2 v1.0
Fox_food_Francesco,2017-06-22,food_service,2310.2,38.58,24,1225.850,BDG2 v1.0
Fox_food_Francesco,2017-06-23,food_service,2310.2,37.71,24,1247.990,BDG2 v1.0
Fox_food_Francesco,2017-06-24,food_service,2310.2,39.18,24,797.510,BDG2 v1.0
Fox_food_Francesco,2017-06-25,food_service,2310.2,40.29,24,905.690,BDG2 v1.0
Fox_food_Francesco,2017-06-26,food_service,2310.2,38.13,24,1089.440,BDG2 v1.0
Fox_food_Francesco,2017-06-27,food_service,2310.2,37.68,24,1184.520,BDG2 v1.0
Fox_food_Francesco,2017-06-28,food_service,2310.2,36.32,24,1147.540,BDG2 v1.0
Fox_food_Francesco,2017-06-29,food_service,2310.2,35.70,24,1344.940,BDG2 v1.0
Fox_food_Francesco,2017-06-30,food_service,2310.2,35.67,24,861.900,BDG2 v1.0
Fox_food_Francesco,2017-07-01,food_service,2310.2,36.03,24,728.610,BDG2 v1.0
Fox_food_Francesco,2017-07-02,food_service,2310.2,36.27,24,734.930,BDG2 v1.0
Fox_food_Francesco,2017-07-03,food_service,2310.2,36.32,24,787.610,BDG2 v1.0
Fox_food_Francesco,2017-07-04,food_service,2310.2,37.71,24,794.830,BDG2 v1.0
Fox_food_Francesco,2017-07-05,food_service,2310.2,38.01,24,801.660,BDG2 v1.0
Fox_food_Francesco,2017-07-06,food_service,2310.2,38.12,24,860.100,BDG2 v1.0
Fox_food_Francesco,2017-07-07,food_service,2310.2,40.46,24,1250.710,BDG2 v1.0
Fox_food_Francesco,2017-07-08,food_service,2310.2,39.73,24,810.820,BDG2 v1.0
Fox_food_Francesco,2017-07-09,food_service,2310.2,36.65,24,896.380,BDG2 v1.0
Fox_food_Francesco,2017-07-10,food_service,2310.2,37.14,24,1217.670,BDG2 v1.0
Fox_food_Francesco,2017-07-11,food_service,2310.2,33.84,24,1180.840,BDG2 v1.0
Fox_food_Francesco,2017-07-12,food_service,2310.2,36.15,24,1197.350,BDG2 v1.0
Fox_food_Francesco,2017-07-13,food_service,2310.2,36.67,24,1242.670,BDG2 v1.0
Fox_food_Francesco,2017-07-14,food_service,2310.2,35.46,24,1130.310,BDG2 v1.0
Fox_food_Francesco,2017-07-15,food_service,2310.2,35.74,24,1016.470,BDG2 v1.0
Fox_food_Francesco,2017-07-16,food_service,2310.2,33.95,24,1034.700,BDG2 v1.0
Fox_food_Francesco,2017-07-17,food_service,2310.2,30.35,24,1138.690,BDG2 v1.0
Fox_food_Francesco,2017-07-18,food_service,2310.2,31.79,24,1116.880,BDG2 v1.0
Fox_food_Francesco,2017-07-19,food_service,2310.2,33.24,24,1116.780,BDG2 v1.0
Fox_food_Francesco,2017-07-20,food_service,2310.2,33.84,24,1160.760,BDG2 v1.0
Fox_food_Francesco,2017-07-21,food_service,2310.2,33.09,24,951.030,BDG2 v1.0
Fox_food_Francesco,2017-07-22,food_service,2310.2,33.93,24,808.920,BDG2 v1.0
Fox_food_Francesco,2017-07-23,food_service,2310.2,32.90,24,805.290,BDG2 v1.0
Fox_food_Francesco,2017-07-24,food_service,2310.2,27.76,24,859.220,BDG2 v1.0
Fox_food_Francesco,2017-07-25,food_service,2310.2,32.88,24,865.170,BDG2 v1.0
Fox_food_Francesco,2017-07-26,food_service,2310.2,34.93,24,845.410,BDG2 v1.0
Fox_food_Francesco,2017-07-27,food_service,2310.2,36.81,24,862.700,BDG2 v1.0
Fox_food_Francesco,2017-07-28,food_service,2310.2,33.35,24,884.000,BDG2 v1.0
Fox_food_Francesco,2017-07-29,food_service,2310.2,32.48,24,835.780,BDG2 v1.0
Fox_food_Francesco,2017-07-30,food_service,2310.2,31.70,24,809.070,BDG2 v1.0
Fox_food_Francesco,2017-07-31,food_service,2310.2,35.98,24,974.160,BDG2 v1.0
Fox_food_Francesco,2017-08-01,food_service,2310.2,34.02,24,963.120,BDG2 v1.0
Fox_food_Francesco,2017-08-02,food_service,2310.2,31.84,24,1225.380,BDG2 v1.0
Fox_food_Francesco,2017-08-03,food_service,2310.2,31.96,24,1236.960,BDG2 v1.0
Fox_food_Francesco,2017-08-04,food_service,2310.2,31.95,24,1126.800,BDG2 v1.0
Fox_food_Francesco,2017-08-05,food_service,2310.2,34.40,24,1045.060,BDG2 v1.0
Fox_food_Francesco,2017-08-06,food_service,2310.2,34.81,24,1068.190,BDG2 v1.0
Fox_food_Francesco,2017-08-07,food_service,2310.2,35.74,24,982.080,BDG2 v1.0
Fox_food_Francesco,2017-08-08,food_service,2310.2,35.80,24,1216.350,BDG2 v1.0
Fox_food_Francesco,2017-08-09,food_service,2310.2,36.85,24,1233.830,BDG2 v1.0
Fox_food_Francesco,2017-08-10,food_service,2310.2,36.02,24,1243.960,BDG2 v1.0
Fox_food_Francesco,2017-08-11,food_service,2310.2,34.86,24,1367.390,BDG2 v1.0
Fox_food_Francesco,2017-08-12,food_service,2310.2,34.93,24,1724.590,BDG2 v1.0
Fox_food_Francesco,2017-08-13,food_service,2310.2,30.54,24,1665.260,BDG2 v1.0
Fox_food_Francesco,2017-08-14,food_service,2310.2,33.81,24,2008.410,BDG2 v1.0
Fox_food_Francesco,2017-08-15,food_service,2310.2,33.86,24,2282.080,BDG2 v1.0
Fox_food_Francesco,2017-08-16,food_service,2310.2,32.93,24,2056.590,BDG2 v1.0
Fox_food_Francesco,2017-08-17,food_service,2310.2,33.22,24,1992.540,BDG2 v1.0
Fox_food_Francesco,2017-08-18,food_service,2310.2,33.79,24,1937.980,BDG2 v1.0
Fox_food_Francesco,2017-08-19,food_service,2310.2,34.30,24,1653.390,BDG2 v1.0
Fox_food_Francesco,2017-08-20,food_service,2310.2,34.24,24,1700.890,BDG2 v1.0
Fox_food_Francesco,2017-08-21,food_service,2310.2,34.37,24,2003.060,BDG2 v1.0
Fox_food_Francesco,2017-08-22,food_service,2310.2,35.28,24,1883.320,BDG2 v1.0
Fox_food_Francesco,2017-08-23,food_service,2310.2,35.19,24,2110.390,BDG2 v1.0
Fox_food_Francesco,2017-08-24,food_service,2310.2,32.53,24,2063.600,BDG2 v1.0
Fox_food_Francesco,2017-08-25,food_service,2310.2,35.88,24,1991.960,BDG2 v1.0
Fox_food_Francesco,2017-08-26,food_service,2310.2,36.40,24,1829.090,BDG2 v1.0
Fox_food_Francesco,2017-08-27,food_service,2310.2,36.93,24,1958.390,BDG2 v1.0
Fox_food_Francesco,2017-08-28,food_service,2310.2,37.61,24,2108.230,BDG2 v1.0
Fox_food_Francesco,2017-08-29,food_service,2310.2,37.06,24,2085.800,BDG2 v1.0
Fox_food_Francesco,2017-08-30,food_service,2310.2,37.01,24,2043.210,BDG2 v1.0
Fox_food_Francesco,2017-08-31,food_service,2310.2,36.58,24,1908.230,BDG2 v1.0
Fox_food_Francesco,2017-09-01,food_service,2310.2,36.30,24,1826.960,BDG2 v1.0
Fox_food_Francesco,2017-09-02,food_service,2310.2,33.73,24,1588.860,BDG2 v1.0
Fox_food_Francesco,2017-09-03,food_service,2310.2,33.33,24,1629.530,BDG2 v1.0
Fox_food_Francesco,2017-09-04,food_service,2310.2,33.40,24,1710.360,BDG2 v1.0
Fox_food_Francesco,2017-09-05,food_service,2310.2,35.23,24,1918.890,BDG2 v1.0
Fox_food_Francesco,2017-09-06,food_service,2310.2,36.30,24,1980.880,BDG2 v1.0
Fox_food_Francesco,2017-09-07,food_service,2310.2,34.25,24,2002.740,BDG2 v1.0
Fox_food_Francesco,2017-09-08,food_service,2310.2,32.23,24,1897.820,BDG2 v1.0
Fox_food_Francesco,2017-09-09,food_service,2310.2,30.71,24,1591.650,BDG2 v1.0
Fox_food_Francesco,2017-09-10,food_service,2310.2,33.73,24,1653.960,BDG2 v1.0
Fox_food_Francesco,2017-09-11,food_service,2310.2,36.20,24,2003.360,BDG2 v1.0
Fox_food_Francesco,2017-09-12,food_service,2310.2,36.50,24,1857.800,BDG2 v1.0
Fox_food_Francesco,2017-09-13,food_service,2310.2,36.00,24,1820.430,BDG2 v1.0
Fox_food_Francesco,2017-09-14,food_service,2310.2,33.80,24,1889.090,BDG2 v1.0
Fox_food_Francesco,2017-09-15,food_service,2310.2,30.61,24,1853.330,BDG2 v1.0
Fox_food_Francesco,2017-09-16,food_service,2310.2,30.00,24,1615.500,BDG2 v1.0
Fox_food_Francesco,2017-09-17,food_service,2310.2,30.97,24,1650.130,BDG2 v1.0
Fox_food_Francesco,2017-09-18,food_service,2310.2,30.28,24,1920.200,BDG2 v1.0
Fox_food_Francesco,2017-09-19,food_service,2310.2,29.93,24,1986.660,BDG2 v1.0
Fox_food_Francesco,2017-09-20,food_service,2310.2,29.79,24,2000.690,BDG2 v1.0
Fox_food_Francesco,2017-09-21,food_service,2310.2,29.56,24,1972.950,BDG2 v1.0
Fox_food_Francesco,2017-09-22,food_service,2310.2,27.22,24,1894.180,BDG2 v1.0
Fox_food_Francesco,2017-09-23,food_service,2310.2,24.81,24,1491.360,BDG2 v1.0
Fox_food_Francesco,2017-09-24,food_service,2310.2,23.70,24,1544.800,BDG2 v1.0
Fox_food_Francesco,2017-09-25,food_service,2310.2,24.33,24,1878.520,BDG2 v1.0
Fox_food_Francesco,2017-09-26,food_service,2310.2,24.60,24,1904.640,BDG2 v1.0
Fox_food_Francesco,2017-09-27,food_service,2310.2,26.49,24,1925.640,BDG2 v1.0
Fox_food_Francesco,2017-09-28,food_service,2310.2,27.18,24,1986.140,BDG2 v1.0
Fox_food_Francesco,2017-09-29,food_service,2310.2,28.57,24,1887.960,BDG2 v1.0
Fox_food_Francesco,2017-09-30,food_service,2310.2,29.17,24,1538.430,BDG2 v1.0
Fox_food_Francesco,2017-10-01,food_service,2310.2,28.49,24,1588.090,BDG2 v1.0
Fox_food_Francesco,2017-10-02,food_service,2310.2,27.38,24,1938.840,BDG2 v1.0
Fox_food_Francesco,2017-10-03,food_service,2310.2,27.86,24,1954.100,BDG2 v1.0
Fox_food_Francesco,2017-10-04,food_service,2310.2,29.19,24,1936.240,BDG2 v1.0
Fox_food_Francesco,2017-10-05,food_service,2310.2,30.14,24,1973.460,BDG2 v1.0
Fox_food_Francesco,2017-10-06,food_service,2310.2,28.43,24,1735.250,BDG2 v1.0
Fox_food_Francesco,2017-10-07,food_service,2310.2,27.35,24,1484.870,BDG2 v1.0
Fox_food_Francesco,2017-10-08,food_service,2310.2,26.32,24,1487.130,BDG2 v1.0
Fox_food_Francesco,2017-10-09,food_service,2310.2,25.43,24,1541.810,BDG2 v1.0
Fox_food_Francesco,2017-10-10,food_service,2310.2,25.62,24,1498.490,BDG2 v1.0
Fox_food_Francesco,2017-10-11,food_service,2310.2,28.18,24,1959.890,BDG2 v1.0
Fox_food_Francesco,2017-10-12,food_service,2310.2,27.12,24,1930.120,BDG2 v1.0
Fox_food_Francesco,2017-10-13,food_service,2310.2,27.29,24,1935.230,BDG2 v1.0
Fox_food_Francesco,2017-10-14,food_service,2310.2,26.75,24,1565.780,BDG2 v1.0
Fox_food_Francesco,2017-10-15,food_service,2310.2,26.90,24,1597.700,BDG2 v1.0
Fox_food_Francesco,2017-10-16,food_service,2310.2,28.86,24,2005.780,BDG2 v1.0
Fox_food_Francesco,2017-10-17,food_service,2310.2,29.31,24,2012.390,BDG2 v1.0
Fox_food_Francesco,2017-10-18,food_service,2310.2,28.84,24,1979.060,BDG2 v1.0
Fox_food_Francesco,2017-10-19,food_service,2310.2,29.12,24,1942.260,BDG2 v1.0
Fox_food_Francesco,2017-10-20,food_service,2310.2,25.78,24,1866.680,BDG2 v1.0
Fox_food_Francesco,2017-10-21,food_service,2310.2,23.72,24,1540.960,BDG2 v1.0
Fox_food_Francesco,2017-10-22,food_service,2310.2,24.47,24,1517.710,BDG2 v1.0
Fox_food_Francesco,2017-10-23,food_service,2310.2,26.21,24,2000.240,BDG2 v1.0
Fox_food_Francesco,2017-10-24,food_service,2310.2,28.90,24,1972.050,BDG2 v1.0
Fox_food_Francesco,2017-10-25,food_service,2310.2,28.40,24,2054.070,BDG2 v1.0
Fox_food_Francesco,2017-10-26,food_service,2310.2,26.02,24,1994.760,BDG2 v1.0
Fox_food_Francesco,2017-10-27,food_service,2310.2,25.29,24,1919.660,BDG2 v1.0
Fox_food_Francesco,2017-10-28,food_service,2310.2,25.35,24,1569.900,BDG2 v1.0
Fox_food_Francesco,2017-10-29,food_service,2310.2,25.54,24,1635.770,BDG2 v1.0
Fox_food_Francesco,2017-10-30,food_service,2310.2,23.22,24,2052.020,BDG2 v1.0
Fox_food_Francesco,2017-10-31,food_service,2310.2,22.40,24,1980.090,BDG2 v1.0
Fox_food_Francesco,2017-11-01,food_service,2310.2,22.73,24,2114.430,BDG2 v1.0
Fox_food_Francesco,2017-11-02,food_service,2310.2,22.57,24,2010.490,BDG2 v1.0
Fox_food_Francesco,2017-11-03,food_service,2310.2,22.20,24,1926.620,BDG2 v1.0
Fox_food_Francesco,2017-11-04,food_service,2310.2,23.04,24,1598.820,BDG2 v1.0
Fox_food_Francesco,2017-11-05,food_service,2310.2,22.18,24,1649.940,BDG2 v1.0
Fox_food_Francesco,2017-11-06,food_service,2310.2,21.49,24,2036.850,BDG2 v1.0
Fox_food_Francesco,2017-11-07,food_service,2310.2,22.70,24,2022.560,BDG2 v1.0
Fox_food_Francesco,2017-11-08,food_service,2310.2,23.08,24,1938.280,BDG2 v1.0
Fox_food_Francesco,2017-11-09,food_service,2310.2,23.72,24,2003.820,BDG2 v1.0
Fox_food_Francesco,2017-11-10,food_service,2310.2,22.43,24,1597.700,BDG2 v1.0
Fox_food_Francesco,2017-11-11,food_service,2310.2,22.18,24,1475.420,BDG2 v1.0
Fox_food_Francesco,2017-11-12,food_service,2310.2,21.83,24,1611.240,BDG2 v1.0
Fox_food_Francesco,2017-11-13,food_service,2310.2,23.44,24,1974.980,BDG2 v1.0
Fox_food_Francesco,2017-11-14,food_service,2310.2,22.21,24,1902.190,BDG2 v1.0
Fox_food_Francesco,2017-11-15,food_service,2310.2,21.48,24,1978.180,BDG2 v1.0
Fox_food_Francesco,2017-11-16,food_service,2310.2,22.04,24,1842.190,BDG2 v1.0
Fox_food_Francesco,2017-11-17,food_service,2310.2,21.20,24,1938.480,BDG2 v1.0
Fox_food_Francesco,2017-11-18,food_service,2310.2,19.43,24,1586.730,BDG2 v1.0
Fox_food_Francesco,2017-11-19,food_service,2310.2,18.96,24,1661.360,BDG2 v1.0
Fox_food_Francesco,2017-11-20,food_service,2310.2,18.63,24,1957.350,BDG2 v1.0
Fox_food_Francesco,2017-11-21,food_service,2310.2,18.84,24,1893.080,BDG2 v1.0
Fox_food_Francesco,2017-11-22,food_service,2310.2,22.06,24,1516.690,BDG2 v1.0
Fox_food_Francesco,2017-11-23,food_service,2310.2,22.35,24,995.530,BDG2 v1.0
Fox_food_Francesco,2017-11-24,food_service,2310.2,21.46,24,987.860,BDG2 v1.0
Fox_food_Francesco,2017-11-25,food_service,2310.2,21.70,24,975.100,BDG2 v1.0
Fox_food_Francesco,2017-11-26,food_service,2310.2,21.62,24,1314.640,BDG2 v1.0
Fox_food_Francesco,2017-11-27,food_service,2310.2,20.16,24,2050.110,BDG2 v1.0
Fox_food_Francesco,2017-11-28,food_service,2310.2,17.66,24,1969.480,BDG2 v1.0
Fox_food_Francesco,2017-11-29,food_service,2310.2,19.19,24,1966.440,BDG2 v1.0
Fox_food_Francesco,2017-11-30,food_service,2310.2,20.33,24,2039.730,BDG2 v1.0
Fox_food_Francesco,2017-12-01,food_service,2310.2,19.62,24,1983.720,BDG2 v1.0
Fox_food_Francesco,2017-12-02,food_service,2310.2,21.08,24,1703.820,BDG2 v1.0
Fox_food_Francesco,2017-12-03,food_service,2310.2,20.18,24,1653.460,BDG2 v1.0
Fox_food_Francesco,2017-12-04,food_service,2310.2,16.74,24,2023.780,BDG2 v1.0
Fox_food_Francesco,2017-12-05,food_service,2310.2,13.75,24,1967.580,BDG2 v1.0
Fox_food_Francesco,2017-12-06,food_service,2310.2,16.31,24,2002.660,BDG2 v1.0
Fox_food_Francesco,2017-12-07,food_service,2310.2,15.08,24,1846.920,BDG2 v1.0
Fox_food_Francesco,2017-12-08,food_service,2310.2,12.25,24,1885.000,BDG2 v1.0
Fox_food_Francesco,2017-12-09,food_service,2310.2,15.11,24,1444.930,BDG2 v1.0
Fox_food_Francesco,2017-12-10,food_service,2310.2,20.00,24,1044.200,BDG2 v1.0
Fox_food_Francesco,2017-12-11,food_service,2310.2,17.93,24,1245.640,BDG2 v1.0
Fox_food_Francesco,2017-12-12,food_service,2310.2,16.28,24,1216.970,BDG2 v1.0
Fox_food_Francesco,2017-12-13,food_service,2310.2,16.99,24,1137.300,BDG2 v1.0
Fox_food_Francesco,2017-12-14,food_service,2310.2,15.28,24,1142.350,BDG2 v1.0
Fox_food_Francesco,2017-12-15,food_service,2310.2,16.77,24,1051.860,BDG2 v1.0
Fox_food_Francesco,2017-12-16,food_service,2310.2,13.50,24,950.890,BDG2 v1.0
Fox_food_Francesco,2017-12-17,food_service,2310.2,13.30,24,936.230,BDG2 v1.0
Fox_food_Francesco,2017-12-18,food_service,2310.2,13.40,24,1058.700,BDG2 v1.0
Fox_food_Francesco,2017-12-19,food_service,2310.2,12.52,24,1000.350,BDG2 v1.0
Fox_food_Francesco,2017-12-20,food_service,2310.2,13.21,24,984.400,BDG2 v1.0
Fox_food_Francesco,2017-12-21,food_service,2310.2,10.92,24,974.300,BDG2 v1.0
Fox_food_Francesco,2017-12-22,food_service,2310.2,8.42,24,928.250,BDG2 v1.0
Fox_food_Francesco,2017-12-23,food_service,2310.2,9.45,24,963.850,BDG2 v1.0
Fox_food_Francesco,2017-12-24,food_service,2310.2,12.25,24,967.110,BDG2 v1.0
Fox_food_Francesco,2017-12-25,food_service,2310.2,12.12,24,979.220,BDG2 v1.0
Fox_food_Francesco,2017-12-26,food_service,2310.2,12.78,24,992.630,BDG2 v1.0
Fox_food_Francesco,2017-12-27,food_service,2310.2,14.04,24,981.800,BDG2 v1.0
Fox_food_Francesco,2017-12-28,food_service,2310.2,14.49,24,862.990,BDG2 v1.0
Fox_food_Francesco,2017-12-29,food_service,2310.2,15.45,24,986.880,BDG2 v1.0
Fox_food_Francesco,2017-12-30,food_service,2310.2,15.28,24,996.740,BDG2 v1.0
Fox_food_Francesco,2017-12-31,food_service,2310.2,13.38,24,982.910,BDG2 v1.0
Fox_food_Scott,2016-01-01,food_service,2681.4,10.20,24,1825.250,BDG2 v1.0
Fox_food_Scott,2016-01-02,food_service,2681.4,14.50,24,1629.510,BDG2 v1.0
Fox_food_Scott,2016-01-03,food_service,2681.4,15.99,24,1559.450,BDG2 v1.0
Fox_food_Scott,2016-01-04,food_service,2681.4,14.12,24,1782.850,BDG2 v1.0
Fox_food_Scott,2016-01-05,food_service,2681.4,12.45,24,1827.380,BDG2 v1.0
Fox_food_Scott,2016-01-06,food_service,2681.4,12.73,24,1874.860,BDG2 v1.0
Fox_food_Scott,2016-01-07,food_service,2681.4,10.16,24,1915.930,BDG2 v1.0
Fox_food_Scott,2016-01-08,food_service,2681.4,9.89,24,2024.950,BDG2 v1.0
Fox_food_Scott,2016-01-09,food_service,2681.4,9.77,24,1787.240,BDG2 v1.0
Fox_food_Scott,2016-01-10,food_service,2681.4,9.72,24,2135.990,BDG2 v1.0
Fox_food_Scott,2016-01-11,food_service,2681.4,9.92,24,2453.020,BDG2 v1.0
Fox_food_Scott,2016-01-12,food_service,2681.4,11.19,24,2351.580,BDG2 v1.0
Fox_food_Scott,2016-01-13,food_service,2681.4,11.58,24,2380.920,BDG2 v1.0
Fox_food_Scott,2016-01-14,food_service,2681.4,11.33,24,2356.440,BDG2 v1.0
Fox_food_Scott,2016-01-15,food_service,2681.4,10.43,24,2360.300,BDG2 v1.0
Fox_food_Scott,2016-01-16,food_service,2681.4,11.05,24,2081.180,BDG2 v1.0
Fox_food_Scott,2016-01-17,food_service,2681.4,12.62,24,2119.580,BDG2 v1.0
Fox_food_Scott,2016-01-18,food_service,2681.4,12.91,24,2240.930,BDG2 v1.0
Fox_food_Scott,2016-01-19,food_service,2681.4,13.79,24,2417.510,BDG2 v1.0
Fox_food_Scott,2016-01-20,food_service,2681.4,14.62,24,2405.520,BDG2 v1.0
Fox_food_Scott,2016-01-21,food_service,2681.4,14.70,24,2261.510,BDG2 v1.0
Fox_food_Scott,2016-01-22,food_service,2681.4,16.01,24,2191.140,BDG2 v1.0
Fox_food_Scott,2016-01-23,food_service,2681.4,15.99,24,1895.000,BDG2 v1.0
Fox_food_Scott,2016-01-24,food_service,2681.4,13.52,24,2074.260,BDG2 v1.0
Fox_food_Scott,2016-01-25,food_service,2681.4,13.44,24,2389.060,BDG2 v1.0
Fox_food_Scott,2016-01-26,food_service,2681.4,13.95,24,2320.040,BDG2 v1.0
Fox_food_Scott,2016-01-27,food_service,2681.4,14.56,24,2305.700,BDG2 v1.0
Fox_food_Scott,2016-01-28,food_service,2681.4,14.42,24,2257.760,BDG2 v1.0
Fox_food_Scott,2016-01-29,food_service,2681.4,14.33,24,2133.530,BDG2 v1.0
Fox_food_Scott,2016-01-30,food_service,2681.4,15.56,24,1983.090,BDG2 v1.0
Fox_food_Scott,2016-01-31,food_service,2681.4,16.98,24,1922.510,BDG2 v1.0
Fox_food_Scott,2016-02-01,food_service,2681.4,10.37,24,2390.880,BDG2 v1.0
Fox_food_Scott,2016-02-02,food_service,2681.4,8.01,24,2482.500,BDG2 v1.0
Fox_food_Scott,2016-02-03,food_service,2681.4,8.20,24,2489.520,BDG2 v1.0
Fox_food_Scott,2016-02-04,food_service,2681.4,10.71,24,2430.130,BDG2 v1.0
Fox_food_Scott,2016-02-05,food_service,2681.4,13.50,24,2295.110,BDG2 v1.0
Fox_food_Scott,2016-02-06,food_service,2681.4,14.90,24,2003.570,BDG2 v1.0
Fox_food_Scott,2016-02-07,food_service,2681.4,16.99,24,1941.390,BDG2 v1.0
Fox_food_Scott,2016-02-08,food_service,2681.4,20.16,24,2221.970,BDG2 v1.0
Fox_food_Scott,2016-02-09,food_service,2681.4,22.28,24,2140.770,BDG2 v1.0
Fox_food_Scott,2016-02-10,food_service,2681.4,21.73,24,2205.730,BDG2 v1.0
Fox_food_Scott,2016-02-11,food_service,2681.4,20.93,24,2185.760,BDG2 v1.0
Fox_food_Scott,2016-02-12,food_service,2681.4,20.83,24,2142.830,BDG2 v1.0
Fox_food_Scott,2016-02-13,food_service,2681.4,20.97,24,1881.960,BDG2 v1.0
Fox_food_Scott,2016-02-14,food_service,2681.4,20.00,24,2122.500,BDG2 v1.0
Fox_food_Scott,2016-02-15,food_service,2681.4,20.79,24,2277.480,BDG2 v1.0
Fox_food_Scott,2016-02-16,food_service,2681.4,21.78,24,2297.600,BDG2 v1.0
Fox_food_Scott,2016-02-17,food_service,2681.4,22.55,24,2251.290,BDG2 v1.0
Fox_food_Scott,2016-02-18,food_service,2681.4,21.28,24,2262.640,BDG2 v1.0
Fox_food_Scott,2016-02-19,food_service,2681.4,20.59,24,2173.390,BDG2 v1.0
Fox_food_Scott,2016-02-20,food_service,2681.4,20.99,24,2091.060,BDG2 v1.0
Fox_food_Scott,2016-02-21,food_service,2681.4,21.26,24,2065.890,BDG2 v1.0
Fox_food_Scott,2016-02-22,food_service,2681.4,20.60,24,2131.530,BDG2 v1.0
Fox_food_Scott,2016-02-23,food_service,2681.4,19.09,24,2159.210,BDG2 v1.0
Fox_food_Scott,2016-02-24,food_service,2681.4,18.81,24,2172.440,BDG2 v1.0
Fox_food_Scott,2016-02-25,food_service,2681.4,20.07,24,2380.020,BDG2 v1.0
Fox_food_Scott,2016-02-26,food_service,2681.4,22.30,24,2280.240,BDG2 v1.0
Fox_food_Scott,2016-02-27,food_service,2681.4,22.10,24,2009.110,BDG2 v1.0
Fox_food_Scott,2016-02-28,food_service,2681.4,21.88,24,1972.180,BDG2 v1.0
Fox_food_Scott,2016-02-29,food_service,2681.4,22.78,24,2297.350,BDG2 v1.0
Fox_food_Scott,2016-03-01,food_service,2681.4,23.22,24,2268.350,BDG2 v1.0
Fox_food_Scott,2016-03-02,food_service,2681.4,23.22,24,2188.000,BDG2 v1.0
Fox_food_Scott,2016-03-03,food_service,2681.4,23.43,24,2146.440,BDG2 v1.0
Fox_food_Scott,2016-03-04,food_service,2681.4,23.47,24,2082.560,BDG2 v1.0
Fox_food_Scott,2016-03-05,food_service,2681.4,21.57,24,1895.620,BDG2 v1.0
Fox_food_Scott,2016-03-06,food_service,2681.4,21.08,24,1696.040,BDG2 v1.0
Fox_food_Scott,2016-03-07,food_service,2681.4,16.61,24,2040.100,BDG2 v1.0
Fox_food_Scott,2016-03-08,food_service,2681.4,16.07,24,2064.450,BDG2 v1.0
Fox_food_Scott,2016-03-09,food_service,2681.4,18.64,24,2090.070,BDG2 v1.0
Fox_food_Scott,2016-03-10,food_service,2681.4,21.25,24,1716.850,BDG2 v1.0
Fox_food_Scott,2016-03-11,food_service,2681.4,21.72,24,1908.320,BDG2 v1.0
Fox_food_Scott,2016-03-12,food_service,2681.4,17.50,24,1719.040,BDG2 v1.0
Fox_food_Scott,2016-03-13,food_service,2681.4,18.03,24,1696.270,BDG2 v1.0
Fox_food_Scott,2016-03-14,food_service,2681.4,19.64,24,2058.790,BDG2 v1.0
Fox_food_Scott,2016-03-15,food_service,2681.4,21.32,24,2048.080,BDG2 v1.0
Fox_food_Scott,2016-03-16,food_service,2681.4,22.51,24,2000.140,BDG2 v1.0
Fox_food_Scott,2016-03-17,food_service,2681.4,22.55,24,1998.940,BDG2 v1.0
Fox_food_Scott,2016-03-18,food_service,2681.4,22.82,24,1873.280,BDG2 v1.0
Fox_food_Scott,2016-03-19,food_service,2681.4,24.07,24,1685.240,BDG2 v1.0
Fox_food_Scott,2016-03-20,food_service,2681.4,24.61,24,1687.480,BDG2 v1.0
Fox_food_Scott,2016-03-21,food_service,2681.4,25.52,24,1925.000,BDG2 v1.0
Fox_food_Scott,2016-03-22,food_service,2681.4,24.00,24,1938.590,BDG2 v1.0
Fox_food_Scott,2016-03-23,food_service,2681.4,19.12,23,1809.530,BDG2 v1.0
Fox_food_Scott,2016-03-24,food_service,2681.4,19.30,24,1970.140,BDG2 v1.0
Fox_food_Scott,2016-03-25,food_service,2681.4,20.95,24,1961.710,BDG2 v1.0
Fox_food_Scott,2016-03-26,food_service,2681.4,22.43,24,1690.190,BDG2 v1.0
Fox_food_Scott,2016-03-27,food_service,2681.4,22.52,24,1750.110,BDG2 v1.0
Fox_food_Scott,2016-03-28,food_service,2681.4,22.64,24,1873.100,BDG2 v1.0
Fox_food_Scott,2016-03-29,food_service,2681.4,17.24,24,2140.240,BDG2 v1.0
Fox_food_Scott,2016-03-30,food_service,2681.4,15.90,24,2225.640,BDG2 v1.0
Fox_food_Scott,2016-03-31,food_service,2681.4,16.40,24,2147.920,BDG2 v1.0
Fox_food_Scott,2016-04-01,food_service,2681.4,18.82,24,2025.190,BDG2 v1.0
Fox_food_Scott,2016-04-02,food_service,2681.4,21.67,24,1795.920,BDG2 v1.0
Fox_food_Scott,2016-04-03,food_service,2681.4,23.50,24,1729.040,BDG2 v1.0
Fox_food_Scott,2016-04-04,food_service,2681.4,24.89,24,1986.990,BDG2 v1.0
Fox_food_Scott,2016-04-05,food_service,2681.4,25.39,24,1932.750,BDG2 v1.0
Fox_food_Scott,2016-04-06,food_service,2681.4,27.81,24,1953.070,BDG2 v1.0
Fox_food_Scott,2016-04-07,food_service,2681.4,27.16,24,2002.860,BDG2 v1.0
Fox_food_Scott,2016-04-08,food_service,2681.4,21.60,24,2059.030,BDG2 v1.0
Fox_food_Scott,2016-04-09,food_service,2681.4,22.39,24,1893.930,BDG2 v1.0
Fox_food_Scott,2016-04-10,food_service,2681.4,17.92,24,1992.760,BDG2 v1.0
Fox_food_Scott,2016-04-11,food_service,2681.4,18.16,24,2288.070,BDG2 v1.0
Fox_food_Scott,2016-04-12,food_service,2681.4,21.45,24,2266.130,BDG2 v1.0
Fox_food_Scott,2016-04-13,food_service,2681.4,23.62,24,2187.040,BDG2 v1.0
Fox_food_Scott,2016-04-14,food_service,2681.4,25.05,24,2177.160,BDG2 v1.0
Fox_food_Scott,2016-04-15,food_service,2681.4,23.31,24,2109.040,BDG2 v1.0
Fox_food_Scott,2016-04-16,food_service,2681.4,21.07,24,1988.860,BDG2 v1.0
Fox_food_Scott,2016-04-17,food_service,2681.4,22.69,24,1938.920,BDG2 v1.0
Fox_food_Scott,2016-04-18,food_service,2681.4,23.61,24,2302.940,BDG2 v1.0
Fox_food_Scott,2016-04-19,food_service,2681.4,25.32,24,2170.980,BDG2 v1.0
Fox_food_Scott,2016-04-20,food_service,2681.4,26.48,24,2189.340,BDG2 v1.0
Fox_food_Scott,2016-04-21,food_service,2681.4,27.71,24,2157.850,BDG2 v1.0
Fox_food_Scott,2016-04-22,food_service,2681.4,28.56,24,2064.020,BDG2 v1.0
Fox_food_Scott,2016-04-23,food_service,2681.4,26.61,24,1815.490,BDG2 v1.0
Fox_food_Scott,2016-04-24,food_service,2681.4,24.28,24,1839.490,BDG2 v1.0
Fox_food_Scott,2016-04-25,food_service,2681.4,23.80,24,2196.350,BDG2 v1.0
Fox_food_Scott,2016-04-26,food_service,2681.4,19.88,24,2264.040,BDG2 v1.0
Fox_food_Scott,2016-04-27,food_service,2681.4,22.34,24,2327.250,BDG2 v1.0
Fox_food_Scott,2016-04-28,food_service,2681.4,21.31,24,2252.310,BDG2 v1.0
Fox_food_Scott,2016-04-29,food_service,2681.4,21.93,24,2142.530,BDG2 v1.0
Fox_food_Scott,2016-04-30,food_service,2681.4,21.38,24,1958.280,BDG2 v1.0
Fox_food_Scott,2016-05-01,food_service,2681.4,20.42,24,1975.670,BDG2 v1.0
Fox_food_Scott,2016-05-02,food_service,2681.4,24.05,24,2168.590,BDG2 v1.0
Fox_food_Scott,2016-05-03,food_service,2681.4,26.78,24,2051.160,BDG2 v1.0
Fox_food_Scott,2016-05-04,food_service,2681.4,30.38,24,1897.840,BDG2 v1.0
Fox_food_Scott,2016-05-05,food_service,2681.4,29.14,24,1968.880,BDG2 v1.0
Fox_food_Scott,2016-05-06,food_service,2681.4,22.17,24,2028.610,BDG2 v1.0
Fox_food_Scott,2016-05-07,food_service,2681.4,20.15,24,1683.500,BDG2 v1.0
Fox_food_Scott,2016-05-08,food_service,2681.4,21.67,24,1475.880,BDG2 v1.0
Fox_food_Scott,2016-05-09,food_service,2681.4,23.58,24,1568.450,BDG2 v1.0
Fox_food_Scott,2016-05-10,food_service,2681.4,26.47,24,1724.590,BDG2 v1.0
Fox_food_Scott,2016-05-11,food_service,2681.4,28.17,24,1614.670,BDG2 v1.0
Fox_food_Scott,2016-05-12,food_service,2681.4,30.47,24,1491.760,BDG2 v1.0
Fox_food_Scott,2016-05-13,food_service,2681.4,31.55,24,1450.120,BDG2 v1.0
Fox_food_Scott,2016-05-14,food_service,2681.4,32.08,24,1349.160,BDG2 v1.0
Fox_food_Scott,2016-05-15,food_service,2681.4,29.38,24,1346.410,BDG2 v1.0
Fox_food_Scott,2016-05-16,food_service,2681.4,27.46,24,1393.550,BDG2 v1.0
Fox_food_Scott,2016-05-17,food_service,2681.4,26.77,24,1455.850,BDG2 v1.0
Fox_food_Scott,2016-05-18,food_service,2681.4,25.53,24,1440.140,BDG2 v1.0
Fox_food_Scott,2016-05-19,food_service,2681.4,27.60,24,1586.190,BDG2 v1.0
Fox_food_Scott,2016-05-20,food_service,2681.4,30.11,24,1399.720,BDG2 v1.0
Fox_food_Scott,2016-05-21,food_service,2681.4,28.06,24,1304.870,BDG2 v1.0
Fox_food_Scott,2016-05-22,food_service,2681.4,26.12,24,1438.660,BDG2 v1.0
Fox_food_Scott,2016-05-23,food_service,2681.4,26.11,24,1572.730,BDG2 v1.0
Fox_food_Scott,2016-05-24,food_service,2681.4,26.05,24,1663.310,BDG2 v1.0
Fox_food_Scott,2016-05-25,food_service,2681.4,25.80,24,1707.960,BDG2 v1.0
Fox_food_Scott,2016-05-26,food_service,2681.4,24.37,24,1721.940,BDG2 v1.0
Fox_food_Scott,2016-05-27,food_service,2681.4,26.76,24,1673.090,BDG2 v1.0
Fox_food_Scott,2016-05-28,food_service,2681.4,29.10,24,1408.000,BDG2 v1.0
Fox_food_Scott,2016-05-29,food_service,2681.4,29.81,24,1297.450,BDG2 v1.0
Fox_food_Scott,2016-05-30,food_service,2681.4,28.58,24,1362.930,BDG2 v1.0
Fox_food_Scott,2016-05-31,food_service,2681.4,29.61,24,1421.800,BDG2 v1.0
Fox_food_Scott,2016-06-01,food_service,2681.4,32.25,24,1405.530,BDG2 v1.0
Fox_food_Scott,2016-06-02,food_service,2681.4,33.92,24,1685.770,BDG2 v1.0
Fox_food_Scott,2016-06-03,food_service,2681.4,36.04,24,1787.320,BDG2 v1.0
Fox_food_Scott,2016-06-04,food_service,2681.4,37.51,24,1621.880,BDG2 v1.0
Fox_food_Scott,2016-06-05,food_service,2681.4,37.56,24,1309.360,BDG2 v1.0
Fox_food_Scott,2016-06-06,food_service,2681.4,36.41,24,1241.860,BDG2 v1.0
Fox_food_Scott,2016-06-07,food_service,2681.4,34.28,24,1271.420,BDG2 v1.0
Fox_food_Scott,2016-06-08,food_service,2681.4,34.84,24,1334.450,BDG2 v1.0
Fox_food_Scott,2016-06-09,food_service,2681.4,34.09,24,1474.950,BDG2 v1.0
Fox_food_Scott,2016-06-10,food_service,2681.4,32.52,24,1382.930,BDG2 v1.0
Fox_food_Scott,2016-06-11,food_service,2681.4,32.18,24,967.340,BDG2 v1.0
Fox_food_Scott,2016-06-12,food_service,2681.4,32.57,24,1001.860,BDG2 v1.0
Fox_food_Scott,2016-06-13,food_service,2681.4,32.06,24,1003.290,BDG2 v1.0
Fox_food_Scott,2016-06-14,food_service,2681.4,31.36,24,1239.830,BDG2 v1.0
Fox_food_Scott,2016-06-15,food_service,2681.4,31.88,24,1301.790,BDG2 v1.0
Fox_food_Scott,2016-06-16,food_service,2681.4,32.30,24,1277.970,BDG2 v1.0
Fox_food_Scott,2016-06-17,food_service,2681.4,33.51,24,1368.210,BDG2 v1.0
Fox_food_Scott,2016-06-18,food_service,2681.4,35.48,24,1168.020,BDG2 v1.0
Fox_food_Scott,2016-06-19,food_service,2681.4,39.00,24,1043.340,BDG2 v1.0
Fox_food_Scott,2016-06-20,food_service,2681.4,39.91,24,1131.920,BDG2 v1.0
Fox_food_Scott,2016-06-21,food_service,2681.4,38.27,24,1042.780,BDG2 v1.0
Fox_food_Scott,2016-06-22,food_service,2681.4,38.26,24,1007.070,BDG2 v1.0
Fox_food_Scott,2016-06-23,food_service,2681.4,37.73,24,1011.690,BDG2 v1.0
Fox_food_Scott,2016-06-24,food_service,2681.4,37.56,24,983.110,BDG2 v1.0
Fox_food_Scott,2016-06-25,food_service,2681.4,36.67,24,955.080,BDG2 v1.0
Fox_food_Scott,2016-06-26,food_service,2681.4,36.11,24,1136.480,BDG2 v1.0
Fox_food_Scott,2016-06-27,food_service,2681.4,37.06,24,1512.070,BDG2 v1.0
Fox_food_Scott,2016-06-28,food_service,2681.4,38.25,24,1441.600,BDG2 v1.0
Fox_food_Scott,2016-06-29,food_service,2681.4,36.41,24,1428.190,BDG2 v1.0
Fox_food_Scott,2016-06-30,food_service,2681.4,30.99,24,1392.230,BDG2 v1.0
Fox_food_Scott,2016-07-01,food_service,2681.4,30.97,24,1321.090,BDG2 v1.0
Fox_food_Scott,2016-07-02,food_service,2681.4,33.61,24,1025.720,BDG2 v1.0
Fox_food_Scott,2016-07-03,food_service,2681.4,35.99,24,1029.080,BDG2 v1.0
Fox_food_Scott,2016-07-04,food_service,2681.4,37.33,24,1042.970,BDG2 v1.0
Fox_food_Scott,2016-07-05,food_service,2681.4,37.04,24,1059.340,BDG2 v1.0
Fox_food_Scott,2016-07-06,food_service,2681.4,35.98,24,1018.680,BDG2 v1.0
Fox_food_Scott,2016-07-07,food_service,2681.4,35.50,24,1005.440,BDG2 v1.0
Fox_food_Scott,2016-07-08,food_service,2681.4,36.66,24,989.210,BDG2 v1.0
Fox_food_Scott,2016-07-09,food_service,2681.4,37.78,24,937.760,BDG2 v1.0
Fox_food_Scott,2016-07-10,food_service,2681.4,37.57,24,918.630,BDG2 v1.0
Fox_food_Scott,2016-07-11,food_service,2681.4,36.69,24,957.020,BDG2 v1.0
Fox_food_Scott,2016-07-12,food_service,2681.4,35.84,24,961.540,BDG2 v1.0
Fox_food_Scott,2016-07-13,food_service,2681.4,36.65,24,943.170,BDG2 v1.0
Fox_food_Scott,2016-07-14,food_service,2681.4,37.82,24,920.510,BDG2 v1.0
Fox_food_Scott,2016-07-15,food_service,2681.4,38.28,24,918.400,BDG2 v1.0
Fox_food_Scott,2016-07-16,food_service,2681.4,37.30,24,881.000,BDG2 v1.0
Fox_food_Scott,2016-07-17,food_service,2681.4,36.41,24,883.540,BDG2 v1.0
Fox_food_Scott,2016-07-18,food_service,2681.4,34.27,24,921.150,BDG2 v1.0
Fox_food_Scott,2016-07-19,food_service,2681.4,34.94,24,910.080,BDG2 v1.0
Fox_food_Scott,2016-07-20,food_service,2681.4,35.46,24,911.080,BDG2 v1.0
Fox_food_Scott,2016-07-21,food_service,2681.4,37.78,24,941.720,BDG2 v1.0
Fox_food_Scott,2016-07-22,food_service,2681.4,38.74,24,1224.490,BDG2 v1.0
Fox_food_Scott,2016-07-23,food_service,2681.4,38.17,24,965.930,BDG2 v1.0
Fox_food_Scott,2016-07-24,food_service,2681.4,37.25,24,961.680,BDG2 v1.0
Fox_food_Scott,2016-07-25,food_service,2681.4,36.25,24,996.590,BDG2 v1.0
Fox_food_Scott,2016-07-26,food_service,2681.4,38.09,24,1005.700,BDG2 v1.0
Fox_food_Scott,2016-07-27,food_service,2681.4,38.47,24,997.420,BDG2 v1.0
Fox_food_Scott,2016-07-28,food_service,2681.4,37.77,24,1047.870,BDG2 v1.0
Fox_food_Scott,2016-07-29,food_service,2681.4,37.72,24,1400.050,BDG2 v1.0
Fox_food_Scott,2016-07-30,food_service,2681.4,32.47,24,1272.290,BDG2 v1.0
Fox_food_Scott,2016-07-31,food_service,2681.4,33.59,24,1070.370,BDG2 v1.0
Fox_food_Scott,2016-08-01,food_service,2681.4,31.53,24,1165.690,BDG2 v1.0
Fox_food_Scott,2016-08-02,food_service,2681.4,31.03,24,1062.980,BDG2 v1.0
Fox_food_Scott,2016-08-03,food_service,2681.4,30.84,24,1018.890,BDG2 v1.0
Fox_food_Scott,2016-08-04,food_service,2681.4,32.55,24,1067.700,BDG2 v1.0
Fox_food_Scott,2016-08-05,food_service,2681.4,32.28,24,1161.620,BDG2 v1.0
Fox_food_Scott,2016-08-06,food_service,2681.4,34.88,24,1092.160,BDG2 v1.0
Fox_food_Scott,2016-08-07,food_service,2681.4,36.74,24,1079.270,BDG2 v1.0
Fox_food_Scott,2016-08-08,food_service,2681.4,37.75,24,1105.100,BDG2 v1.0
Fox_food_Scott,2016-08-09,food_service,2681.4,32.97,24,1222.720,BDG2 v1.0
Fox_food_Scott,2016-08-10,food_service,2681.4,32.58,24,1163.600,BDG2 v1.0
Fox_food_Scott,2016-08-11,food_service,2681.4,31.00,24,1085.610,BDG2 v1.0
Fox_food_Scott,2016-08-12,food_service,2681.4,34.67,24,1281.330,BDG2 v1.0
Fox_food_Scott,2016-08-13,food_service,2681.4,35.62,24,1849.310,BDG2 v1.0
Fox_food_Scott,2016-08-14,food_service,2681.4,35.16,24,1850.840,BDG2 v1.0
Fox_food_Scott,2016-08-15,food_service,2681.4,36.70,24,1760.020,BDG2 v1.0
Fox_food_Scott,2016-08-16,food_service,2681.4,37.06,24,1960.710,BDG2 v1.0
Fox_food_Scott,2016-08-17,food_service,2681.4,36.85,24,2021.160,BDG2 v1.0
Fox_food_Scott,2016-08-18,food_service,2681.4,34.49,24,1952.930,BDG2 v1.0
Fox_food_Scott,2016-08-19,food_service,2681.4,33.92,24,1899.550,BDG2 v1.0
Fox_food_Scott,2016-08-20,food_service,2681.4,32.11,24,1626.980,BDG2 v1.0
Fox_food_Scott,2016-08-21,food_service,2681.4,31.71,24,1673.690,BDG2 v1.0
Fox_food_Scott,2016-08-22,food_service,2681.4,31.30,24,2019.220,BDG2 v1.0
Fox_food_Scott,2016-08-23,food_service,2681.4,30.25,24,1959.700,BDG2 v1.0
Fox_food_Scott,2016-08-24,food_service,2681.4,31.78,24,2040.550,BDG2 v1.0
Fox_food_Scott,2016-08-25,food_service,2681.4,32.15,24,2006.150,BDG2 v1.0
Fox_food_Scott,2016-08-26,food_service,2681.4,32.52,24,1897.820,BDG2 v1.0
Fox_food_Scott,2016-08-27,food_service,2681.4,32.08,24,1650.830,BDG2 v1.0
Fox_food_Scott,2016-08-28,food_service,2681.4,31.74,24,1666.040,BDG2 v1.0
Fox_food_Scott,2016-08-29,food_service,2681.4,34.17,24,1985.950,BDG2 v1.0
Fox_food_Scott,2016-08-30,food_service,2681.4,35.18,24,2087.720,BDG2 v1.0
Fox_food_Scott,2016-08-31,food_service,2681.4,34.83,24,2119.810,BDG2 v1.0
Fox_food_Scott,2016-09-01,food_service,2681.4,34.50,24,2084.800,BDG2 v1.0
Fox_food_Scott,2016-09-02,food_service,2681.4,34.28,24,1993.090,BDG2 v1.0
Fox_food_Scott,2016-09-03,food_service,2681.4,34.78,24,1707.230,BDG2 v1.0
Fox_food_Scott,2016-09-04,food_service,2681.4,32.36,24,1637.800,BDG2 v1.0
Fox_food_Scott,2016-09-05,food_service,2681.4,31.75,24,1685.230,BDG2 v1.0
Fox_food_Scott,2016-09-06,food_service,2681.4,32.52,24,1942.220,BDG2 v1.0
Fox_food_Scott,2016-09-07,food_service,2681.4,28.88,24,2030.110,BDG2 v1.0
Fox_food_Scott,2016-09-08,food_service,2681.4,29.07,24,2036.970,BDG2 v1.0
Fox_food_Scott,2016-09-09,food_service,2681.4,32.88,24,1963.300,BDG2 v1.0
Fox_food_Scott,2016-09-10,food_service,2681.4,34.20,24,1738.840,BDG2 v1.0
Fox_food_Scott,2016-09-11,food_service,2681.4,33.93,24,1703.820,BDG2 v1.0
Fox_food_Scott,2016-09-12,food_service,2681.4,32.83,24,2117.540,BDG2 v1.0
Fox_food_Scott,2016-09-13,food_service,2681.4,30.82,24,2083.470,BDG2 v1.0
Fox_food_Scott,2016-09-14,food_service,2681.4,30.85,24,1974.500,BDG2 v1.0
Fox_food_Scott,2016-09-15,food_service,2681.4,29.63,24,1854.140,BDG2 v1.0
Fox_food_Scott,2016-09-16,food_service,2681.4,29.26,24,1749.160,BDG2 v1.0
Fox_food_Scott,2016-09-17,food_service,2681.4,30.15,24,1587.570,BDG2 v1.0
Fox_food_Scott,2016-09-18,food_service,2681.4,31.64,24,1572.390,BDG2 v1.0
Fox_food_Scott,2016-09-19,food_service,2681.4,30.74,24,1915.250,BDG2 v1.0
Fox_food_Scott,2016-09-20,food_service,2681.4,29.65,24,1958.380,BDG2 v1.0
Fox_food_Scott,2016-09-21,food_service,2681.4,30.60,24,1925.850,BDG2 v1.0
Fox_food_Scott,2016-09-22,food_service,2681.4,26.67,24,1895.840,BDG2 v1.0
Fox_food_Scott,2016-09-23,food_service,2681.4,25.84,24,1701.090,BDG2 v1.0
Fox_food_Scott,2016-09-24,food_service,2681.4,25.09,24,1560.770,BDG2 v1.0
Fox_food_Scott,2016-09-25,food_service,2681.4,28.38,24,1551.300,BDG2 v1.0
Fox_food_Scott,2016-09-26,food_service,2681.4,28.27,24,1853.300,BDG2 v1.0
Fox_food_Scott,2016-09-27,food_service,2681.4,26.13,24,1878.520,BDG2 v1.0
Fox_food_Scott,2016-09-28,food_service,2681.4,28.93,24,1884.410,BDG2 v1.0
Fox_food_Scott,2016-09-29,food_service,2681.4,29.23,24,1878.180,BDG2 v1.0
Fox_food_Scott,2016-09-30,food_service,2681.4,29.47,24,1750.830,BDG2 v1.0
Fox_food_Scott,2016-10-01,food_service,2681.4,29.65,24,1567.070,BDG2 v1.0
Fox_food_Scott,2016-10-02,food_service,2681.4,24.74,24,1531.050,BDG2 v1.0
Fox_food_Scott,2016-10-03,food_service,2681.4,23.98,24,1847.190,BDG2 v1.0
Fox_food_Scott,2016-10-04,food_service,2681.4,23.12,24,1862.760,BDG2 v1.0
Fox_food_Scott,2016-10-05,food_service,2681.4,24.69,24,1906.020,BDG2 v1.0
Fox_food_Scott,2016-10-06,food_service,2681.4,25.65,24,1880.460,BDG2 v1.0
Fox_food_Scott,2016-10-07,food_service,2681.4,26.92,24,1740.890,BDG2 v1.0
Fox_food_Scott,2016-10-08,food_service,2681.4,30.14,24,1500.270,BDG2 v1.0
Fox_food_Scott,2016-10-09,food_service,2681.4,29.65,24,1567.360,BDG2 v1.0
Fox_food_Scott,2016-10-10,food_service,2681.4,29.13,24,1551.850,BDG2 v1.0
Fox_food_Scott,2016-10-11,food_service,2681.4,28.26,24,1663.960,BDG2 v1.0
Fox_food_Scott,2016-10-12,food_service,2681.4,26.55,24,1953.860,BDG2 v1.0
Fox_food_Scott,2016-10-13,food_service,2681.4,26.34,24,1878.070,BDG2 v1.0
Fox_food_Scott,2016-10-14,food_service,2681.4,27.09,24,1743.920,BDG2 v1.0
Fox_food_Scott,2016-10-15,food_service,2681.4,26.91,24,1552.200,BDG2 v1.0
Fox_food_Scott,2016-10-16,food_service,2681.4,26.59,24,1643.790,BDG2 v1.0
Fox_food_Scott,2016-10-17,food_service,2681.4,25.82,24,1873.310,BDG2 v1.0
Fox_food_Scott,2016-10-18,food_service,2681.4,25.81,24,1839.510,BDG2 v1.0
Fox_food_Scott,2016-10-19,food_service,2681.4,26.00,24,1971.790,BDG2 v1.0
Fox_food_Scott,2016-10-20,food_service,2681.4,27.22,24,1884.880,BDG2 v1.0
Fox_food_Scott,2016-10-21,food_service,2681.4,28.82,24,1897.050,BDG2 v1.0
Fox_food_Scott,2016-10-22,food_service,2681.4,29.10,24,1640.870,BDG2 v1.0
Fox_food_Scott,2016-10-23,food_service,2681.4,27.94,24,1727.580,BDG2 v1.0
Fox_food_Scott,2016-10-24,food_service,2681.4,27.28,24,1814.310,BDG2 v1.0
Fox_food_Scott,2016-10-25,food_service,2681.4,27.78,24,1870.540,BDG2 v1.0
Fox_food_Scott,2016-10-26,food_service,2681.4,27.64,24,1966.110,BDG2 v1.0
Fox_food_Scott,2016-10-27,food_service,2681.4,29.12,24,1930.440,BDG2 v1.0
Fox_food_Scott,2016-10-28,food_service,2681.4,28.70,24,1830.430,BDG2 v1.0
Fox_food_Scott,2016-10-29,food_service,2681.4,27.62,24,1685.060,BDG2 v1.0
Fox_food_Scott,2016-10-30,food_service,2681.4,27.15,24,1683.780,BDG2 v1.0
Fox_food_Scott,2016-10-31,food_service,2681.4,25.21,24,1913.000,BDG2 v1.0
Fox_food_Scott,2016-11-01,food_service,2681.4,23.20,24,1977.000,BDG2 v1.0
Fox_food_Scott,2016-11-02,food_service,2681.4,22.30,24,2039.790,BDG2 v1.0
Fox_food_Scott,2016-11-03,food_service,2681.4,22.42,24,1874.200,BDG2 v1.0
Fox_food_Scott,2016-11-04,food_service,2681.4,20.59,24,1785.080,BDG2 v1.0
Fox_food_Scott,2016-11-05,food_service,2681.4,21.81,24,1693.390,BDG2 v1.0
Fox_food_Scott,2016-11-06,food_service,2681.4,22.12,24,1646.950,BDG2 v1.0
Fox_food_Scott,2016-11-07,food_service,2681.4,22.75,24,1965.350,BDG2 v1.0
Fox_food_Scott,2016-11-08,food_service,2681.4,25.68,24,1880.100,BDG2 v1.0
Fox_food_Scott,2016-11-09,food_service,2681.4,24.09,24,1843.950,BDG2 v1.0
Fox_food_Scott,2016-11-10,food_service,2681.4,22.45,24,1786.320,BDG2 v1.0
Fox_food_Scott,2016-11-11,food_service,2681.4,22.73,24,1631.400,BDG2 v1.0
Fox_food_Scott,2016-11-12,food_service,2681.4,22.32,24,1570.570,BDG2 v1.0
Fox_food_Scott,2016-11-13,food_service,2681.4,21.89,24,1709.440,BDG2 v1.0
Fox_food_Scott,2016-11-14,food_service,2681.4,21.94,24,1919.300,BDG2 v1.0
Fox_food_Scott,2016-11-15,food_service,2681.4,22.08,24,1898.980,BDG2 v1.0
Fox_food_Scott,2016-11-16,food_service,2681.4,20.54,24,1998.030,BDG2 v1.0
Fox_food_Scott,2016-11-17,food_service,2681.4,17.81,24,1935.880,BDG2 v1.0
Fox_food_Scott,2016-11-18,food_service,2681.4,16.55,24,2031.690,BDG2 v1.0
Fox_food_Scott,2016-11-19,food_service,2681.4,20.62,24,1807.470,BDG2 v1.0
Fox_food_Scott,2016-11-20,food_service,2681.4,19.38,24,1732.030,BDG2 v1.0
Fox_food_Scott,2016-11-21,food_service,2681.4,17.36,24,2153.160,BDG2 v1.0
Fox_food_Scott,2016-11-22,food_service,2681.4,15.75,24,2178.010,BDG2 v1.0
Fox_food_Scott,2016-11-23,food_service,2681.4,16.78,24,2009.620,BDG2 v1.0
Fox_food_Scott,2016-11-24,food_service,2681.4,16.95,24,1860.900,BDG2 v1.0
Fox_food_Scott,2016-11-25,food_service,2681.4,18.00,24,1716.320,BDG2 v1.0
Fox_food_Scott,2016-11-26,food_service,2681.4,18.15,24,1756.160,BDG2 v1.0
Fox_food_Scott,2016-11-27,food_service,2681.4,13.81,24,1765.350,BDG2 v1.0
Fox_food_Scott,2016-11-28,food_service,2681.4,11.23,24,2326.900,BDG2 v1.0
Fox_food_Scott,2016-11-29,food_service,2681.4,11.30,24,2191.780,BDG2 v1.0
Fox_food_Scott,2016-11-30,food_service,2681.4,10.70,24,2454.120,BDG2 v1.0
Fox_food_Scott,2016-12-01,food_service,2681.4,10.70,24,2188.150,BDG2 v1.0
Fox_food_Scott,2016-12-02,food_service,2681.4,11.30,24,2455.670,BDG2 v1.0
Fox_food_Scott,2016-12-03,food_service,2681.4,12.78,24,1883.580,BDG2 v1.0
Fox_food_Scott,2016-12-04,food_service,2681.4,13.31,24,1899.540,BDG2 v1.0
Fox_food_Scott,2016-12-05,food_service,2681.4,12.88,24,2206.300,BDG2 v1.0
Fox_food_Scott,2016-12-06,food_service,2681.4,13.10,24,2146.940,BDG2 v1.0
Fox_food_Scott,2016-12-07,food_service,2681.4,13.65,24,2122.740,BDG2 v1.0
Fox_food_Scott,2016-12-08,food_service,2681.4,13.25,24,2154.410,BDG2 v1.0
Fox_food_Scott,2016-12-09,food_service,2681.4,14.67,24,1974.010,BDG2 v1.0
Fox_food_Scott,2016-12-10,food_service,2681.4,15.17,24,1634.340,BDG2 v1.0
Fox_food_Scott,2016-12-11,food_service,2681.4,16.26,24,1371.660,BDG2 v1.0
Fox_food_Scott,2016-12-12,food_service,2681.4,16.66,24,1592.060,BDG2 v1.0
Fox_food_Scott,2016-12-13,food_service,2681.4,16.94,24,1492.210,BDG2 v1.0
Fox_food_Scott,2016-12-14,food_service,2681.4,17.04,24,1523.020,BDG2 v1.0
Fox_food_Scott,2016-12-15,food_service,2681.4,17.63,24,1512.750,BDG2 v1.0
Fox_food_Scott,2016-12-16,food_service,2681.4,17.92,24,1423.820,BDG2 v1.0
Fox_food_Scott,2016-12-17,food_service,2681.4,13.12,24,1488.570,BDG2 v1.0
Fox_food_Scott,2016-12-18,food_service,2681.4,10.16,24,1562.720,BDG2 v1.0
Fox_food_Scott,2016-12-19,food_service,2681.4,13.34,24,1582.310,BDG2 v1.0
Fox_food_Scott,2016-12-20,food_service,2681.4,16.74,24,1500.360,BDG2 v1.0
Fox_food_Scott,2016-12-21,food_service,2681.4,17.91,24,1457.490,BDG2 v1.0
Fox_food_Scott,2016-12-22,food_service,2681.4,15.79,24,1453.600,BDG2 v1.0
Fox_food_Scott,2016-12-23,food_service,2681.4,14.15,24,1532.910,BDG2 v1.0
Fox_food_Scott,2016-12-24,food_service,2681.4,10.84,24,1590.700,BDG2 v1.0
Fox_food_Scott,2016-12-25,food_service,2681.4,8.83,24,1663.730,BDG2 v1.0
Fox_food_Scott,2016-12-26,food_service,2681.4,9.35,24,1746.110,BDG2 v1.0
Fox_food_Scott,2016-12-27,food_service,2681.4,12.50,24,1623.530,BDG2 v1.0
Fox_food_Scott,2016-12-28,food_service,2681.4,12.40,24,1653.560,BDG2 v1.0
Fox_food_Scott,2016-12-29,food_service,2681.4,16.50,24,1525.180,BDG2 v1.0
Fox_food_Scott,2016-12-30,food_service,2681.4,16.39,24,1476.280,BDG2 v1.0
Fox_food_Scott,2016-12-31,food_service,2681.4,14.26,24,1432.440,BDG2 v1.0
Fox_food_Scott,2017-01-01,food_service,2681.4,12.30,24,1527.920,BDG2 v1.0
Fox_food_Scott,2017-01-02,food_service,2681.4,11.66,24,1657.960,BDG2 v1.0
Fox_food_Scott,2017-01-03,food_service,2681.4,11.64,24,1680.210,BDG2 v1.0
Fox_food_Scott,2017-01-04,food_service,2681.4,13.14,24,1656.960,BDG2 v1.0
Fox_food_Scott,2017-01-05,food_service,2681.4,13.88,24,1693.080,BDG2 v1.0
Fox_food_Scott,2017-01-06,food_service,2681.4,14.53,24,1630.130,BDG2 v1.0
Fox_food_Scott,2017-01-07,food_service,2681.4,12.29,24,1607.710,BDG2 v1.0
Fox_food_Scott,2017-01-08,food_service,2681.4,15.92,24,1794.440,BDG2 v1.0
Fox_food_Scott,2017-01-09,food_service,2681.4,15.18,24,2355.320,BDG2 v1.0
Fox_food_Scott,2017-01-10,food_service,2681.4,14.81,24,2218.080,BDG2 v1.0
Fox_food_Scott,2017-01-11,food_service,2681.4,14.38,24,2186.040,BDG2 v1.0
Fox_food_Scott,2017-01-12,food_service,2681.4,14.16,24,2171.720,BDG2 v1.0
Fox_food_Scott,2017-01-13,food_service,2681.4,15.50,24,2119.260,BDG2 v1.0
Fox_food_Scott,2017-01-14,food_service,2681.4,14.49,24,1908.470,BDG2 v1.0
Fox_food_Scott,2017-01-15,food_service,2681.4,13.21,24,1954.570,BDG2 v1.0
Fox_food_Scott,2017-01-16,food_service,2681.4,13.49,24,2025.240,BDG2 v1.0
Fox_food_Scott,2017-01-17,food_service,2681.4,11.85,24,2239.650,BDG2 v1.0
Fox_food_Scott,2017-01-18,food_service,2681.4,12.82,24,2389.370,BDG2 v1.0
Fox_food_Scott,2017-01-19,food_service,2681.4,11.22,24,2283.860,BDG2 v1.0
Fox_food_Scott,2017-01-20,food_service,2681.4,10.53,24,2146.110,BDG2 v1.0
Fox_food_Scott,2017-01-21,food_service,2681.4,12.00,24,1853.510,BDG2 v1.0
Fox_food_Scott,2017-01-22,food_service,2681.4,10.97,24,1969.310,BDG2 v1.0
Fox_food_Scott,2017-01-23,food_service,2681.4,12.83,24,2419.800,BDG2 v1.0
Fox_food_Scott,2017-01-24,food_service,2681.4,9.73,24,2372.200,BDG2 v1.0
Fox_food_Scott,2017-01-25,food_service,2681.4,8.49,24,2514.860,BDG2 v1.0
Fox_food_Scott,2017-01-26,food_service,2681.4,8.83,24,2311.250,BDG2 v1.0
Fox_food_Scott,2017-01-27,food_service,2681.4,9.49,24,2380.570,BDG2 v1.0
Fox_food_Scott,2017-01-28,food_service,2681.4,10.59,24,2162.530,BDG2 v1.0
Fox_food_Scott,2017-01-29,food_service,2681.4,14.05,24,2006.810,BDG2 v1.0
Fox_food_Scott,2017-01-30,food_service,2681.4,16.04,24,2306.790,BDG2 v1.0
Fox_food_Scott,2017-01-31,food_service,2681.4,14.78,24,2303.080,BDG2 v1.0
Fox_food_Scott,2017-02-01,food_service,2681.4,15.70,24,2254.180,BDG2 v1.0
Fox_food_Scott,2017-02-02,food_service,2681.4,15.50,24,2102.300,BDG2 v1.0
Fox_food_Scott,2017-02-03,food_service,2681.4,15.51,24,1971.750,BDG2 v1.0
Fox_food_Scott,2017-02-04,food_service,2681.4,15.66,24,2098.670,BDG2 v1.0
Fox_food_Scott,2017-02-05,food_service,2681.4,16.48,24,1889.210,BDG2 v1.0
Fox_food_Scott,2017-02-06,food_service,2681.4,15.79,24,2169.400,BDG2 v1.0
Fox_food_Scott,2017-02-07,food_service,2681.4,16.81,24,2139.880,BDG2 v1.0
Fox_food_Scott,2017-02-08,food_service,2681.4,18.38,24,2060.810,BDG2 v1.0
Fox_food_Scott,2017-02-09,food_service,2681.4,19.95,24,2055.350,BDG2 v1.0
Fox_food_Scott,2017-02-10,food_service,2681.4,20.81,24,1943.400,BDG2 v1.0
Fox_food_Scott,2017-02-11,food_service,2681.4,20.53,24,1811.200,BDG2 v1.0
Fox_food_Scott,2017-02-12,food_service,2681.4,19.49,24,1727.650,BDG2 v1.0
Fox_food_Scott,2017-02-13,food_service,2681.4,19.51,24,2097.780,BDG2 v1.0
Fox_food_Scott,2017-02-14,food_service,2681.4,18.68,24,2120.920,BDG2 v1.0
Fox_food_Scott,2017-02-15,food_service,2681.4,18.76,24,2115.180,BDG2 v1.0
Fox_food_Scott,2017-02-16,food_service,2681.4,17.54,24,1942.470,BDG2 v1.0
Fox_food_Scott,2017-02-17,food_service,2681.4,18.25,24,1964.050,BDG2 v1.0
Fox_food_Scott,2017-02-18,food_service,2681.4,14.87,24,1885.510,BDG2 v1.0
Fox_food_Scott,2017-02-19,food_service,2681.4,12.30,24,1987.860,BDG2 v1.0
Fox_food_Scott,2017-02-20,food_service,2681.4,14.96,24,2230.450,BDG2 v1.0
Fox_food_Scott,2017-02-21,food_service,2681.4,17.14,24,2128.950,BDG2 v1.0
Fox_food_Scott,2017-02-22,food_service,2681.4,18.88,24,2064.010,BDG2 v1.0
Fox_food_Scott,2017-02-23,food_service,2681.4,13.73,24,2150.890,BDG2 v1.0
Fox_food_Scott,2017-02-24,food_service,2681.4,11.64,24,2207.570,BDG2 v1.0
Fox_food_Scott,2017-02-25,food_service,2681.4,12.73,24,1957.230,BDG2 v1.0
Fox_food_Scott,2017-02-26,food_service,2681.4,15.13,24,1886.920,BDG2 v1.0
Fox_food_Scott,2017-02-27,food_service,2681.4,12.97,24,2252.460,BDG2 v1.0
Fox_food_Scott,2017-02-28,food_service,2681.4,14.22,24,2149.340,BDG2 v1.0
Fox_food_Scott,2017-03-01,food_service,2681.4,14.79,24,2233.450,BDG2 v1.0
Fox_food_Scott,2017-03-02,food_service,2681.4,17.05,24,2128.980,BDG2 v1.0
Fox_food_Scott,2017-03-03,food_service,2681.4,18.70,24,1911.620,BDG2 v1.0
Fox_food_Scott,2017-03-04,food_service,2681.4,18.91,24,1613.630,BDG2 v1.0
Fox_food_Scott,2017-03-05,food_service,2681.4,18.50,24,1330.870,BDG2 v1.0
Fox_food_Scott,2017-03-06,food_service,2681.4,15.16,24,1508.050,BDG2 v1.0
Fox_food_Scott,2017-03-07,food_service,2681.4,16.06,24,1452.850,BDG2 v1.0
Fox_food_Scott,2017-03-08,food_service,2681.4,19.00,24,1443.990,BDG2 v1.0
Fox_food_Scott,2017-03-09,food_service,2681.4,21.54,24,1462.450,BDG2 v1.0
Fox_food_Scott,2017-03-10,food_service,2681.4,22.75,24,1501.760,BDG2 v1.0
Fox_food_Scott,2017-03-11,food_service,2681.4,23.24,24,1455.640,BDG2 v1.0
Fox_food_Scott,2017-03-12,food_service,2681.4,23.50,24,1629.740,BDG2 v1.0
Fox_food_Scott,2017-03-13,food_service,2681.4,24.45,24,1990.780,BDG2 v1.0
Fox_food_Scott,2017-03-14,food_service,2681.4,25.15,24,1952.100,BDG2 v1.0
Fox_food_Scott,2017-03-15,food_service,2681.4,25.12,24,1930.460,BDG2 v1.0
Fox_food_Scott,2017-03-16,food_service,2681.4,25.23,24,1882.560,BDG2 v1.0
Fox_food_Scott,2017-03-17,food_service,2681.4,26.32,24,1758.980,BDG2 v1.0
Fox_food_Scott,2017-03-18,food_service,2681.4,26.80,24,1575.020,BDG2 v1.0
Fox_food_Scott,2017-03-19,food_service,2681.4,27.01,24,1574.700,BDG2 v1.0
Fox_food_Scott,2017-03-20,food_service,2681.4,27.60,24,1964.160,BDG2 v1.0
Fox_food_Scott,2017-03-21,food_service,2681.4,26.75,24,1852.860,BDG2 v1.0
Fox_food_Scott,2017-03-22,food_service,2681.4,22.99,24,1900.810,BDG2 v1.0
Fox_food_Scott,2017-03-23,food_service,2681.4,17.25,24,1906.370,BDG2 v1.0
Fox_food_Scott,2017-03-24,food_service,2681.4,18.56,24,2052.880,BDG2 v1.0
Fox_food_Scott,2017-03-25,food_service,2681.4,20.67,24,1657.290,BDG2 v1.0
Fox_food_Scott,2017-03-26,food_service,2681.4,21.04,24,1721.730,BDG2 v1.0
Fox_food_Scott,2017-03-27,food_service,2681.4,21.48,24,1945.580,BDG2 v1.0
Fox_food_Scott,2017-03-28,food_service,2681.4,20.16,24,1996.450,BDG2 v1.0
Fox_food_Scott,2017-03-29,food_service,2681.4,21.93,24,1946.620,BDG2 v1.0
Fox_food_Scott,2017-03-30,food_service,2681.4,23.37,24,1944.150,BDG2 v1.0
Fox_food_Scott,2017-03-31,food_service,2681.4,17.50,24,1769.560,BDG2 v1.0
Fox_food_Scott,2017-04-01,food_service,2681.4,16.81,24,1685.650,BDG2 v1.0
Fox_food_Scott,2017-04-02,food_service,2681.4,19.94,24,1752.200,BDG2 v1.0
Fox_food_Scott,2017-04-03,food_service,2681.4,22.27,24,1950.670,BDG2 v1.0
Fox_food_Scott,2017-04-04,food_service,2681.4,20.72,24,1951.830,BDG2 v1.0
Fox_food_Scott,2017-04-05,food_service,2681.4,21.97,24,1993.800,BDG2 v1.0
Fox_food_Scott,2017-04-06,food_service,2681.4,24.24,24,1911.880,BDG2 v1.0
Fox_food_Scott,2017-04-07,food_service,2681.4,25.22,24,1808.790,BDG2 v1.0
Fox_food_Scott,2017-04-08,food_service,2681.4,23.75,24,1527.180,BDG2 v1.0
Fox_food_Scott,2017-04-09,food_service,2681.4,21.76,23,1469.450,BDG2 v1.0
Fox_food_Scott,2017-04-10,food_service,2681.4,21.89,24,2018.250,BDG2 v1.0
Fox_food_Scott,2017-04-11,food_service,2681.4,23.41,24,1994.390,BDG2 v1.0
Fox_food_Scott,2017-04-12,food_service,2681.4,25.05,24,2007.410,BDG2 v1.0
Fox_food_Scott,2017-04-13,food_service,2681.4,26.11,24,1926.140,BDG2 v1.0
Fox_food_Scott,2017-04-14,food_service,2681.4,24.98,24,1819.880,BDG2 v1.0
Fox_food_Scott,2017-04-15,food_service,2681.4,24.58,24,1614.420,BDG2 v1.0
Fox_food_Scott,2017-04-16,food_service,2681.4,25.10,24,1721.990,BDG2 v1.0
Fox_food_Scott,2017-04-17,food_service,2681.4,25.77,24,1874.130,BDG2 v1.0
Fox_food_Scott,2017-04-18,food_service,2681.4,26.78,24,1935.390,BDG2 v1.0
Fox_food_Scott,2017-04-19,food_service,2681.4,27.33,24,1901.340,BDG2 v1.0
Fox_food_Scott,2017-04-20,food_service,2681.4,26.06,24,1857.950,BDG2 v1.0
Fox_food_Scott,2017-04-21,food_service,2681.4,26.59,24,1715.980,BDG2 v1.0
Fox_food_Scott,2017-04-22,food_service,2681.4,27.43,24,1552.010,BDG2 v1.0
Fox_food_Scott,2017-04-23,food_service,2681.4,28.88,24,1582.320,BDG2 v1.0
Fox_food_Scott,2017-04-24,food_service,2681.4,27.81,24,1916.190,BDG2 v1.0
Fox_food_Scott,2017-04-25,food_service,2681.4,25.75,24,1843.830,BDG2 v1.0
Fox_food_Scott,2017-04-26,food_service,2681.4,25.16,24,2037.590,BDG2 v1.0
Fox_food_Scott,2017-04-27,food_service,2681.4,26.76,24,1764.750,BDG2 v1.0
Fox_food_Scott,2017-04-28,food_service,2681.4,25.25,24,1699.190,BDG2 v1.0
Fox_food_Scott,2017-04-29,food_service,2681.4,21.11,24,1542.910,BDG2 v1.0
Fox_food_Scott,2017-04-30,food_service,2681.4,23.45,24,1545.350,BDG2 v1.0
Fox_food_Scott,2017-05-01,food_service,2681.4,26.07,24,1916.780,BDG2 v1.0
Fox_food_Scott,2017-05-02,food_service,2681.4,28.38,24,1802.490,BDG2 v1.0
Fox_food_Scott,2017-05-03,food_service,2681.4,30.33,24,1877.720,BDG2 v1.0
Fox_food_Scott,2017-05-04,food_service,2681.4,31.70,24,1800.160,BDG2 v1.0
Fox_food_Scott,2017-05-05,food_service,2681.4,33.45,24,1742.450,BDG2 v1.0
Fox_food_Scott,2017-05-06,food_service,2681.4,30.88,24,1393.460,BDG2 v1.0
Fox_food_Scott,2017-05-07,food_service,2681.4,20.26,24,1109.290,BDG2 v1.0
Fox_food_Scott,2017-05-08,food_service,2681.4,20.97,24,1254.120,BDG2 v1.0
Fox_food_Scott,2017-05-09,food_service,2681.4,18.78,24,1210.180,BDG2 v1.0
Fox_food_Scott,2017-05-10,food_service,2681.4,20.86,24,1220.910,BDG2 v1.0
Fox_food_Scott,2017-05-11,food_service,2681.4,25.30,24,1261.200,BDG2 v1.0
Fox_food_Scott,2017-05-12,food_service,2681.4,29.43,24,1543.700,BDG2 v1.0
Fox_food_Scott,2017-05-13,food_service,2681.4,29.97,24,1252.510,BDG2 v1.0
Fox_food_Scott,2017-05-15,food_service,2681.4,25.30,24,1408.630,BDG2 v1.0
Fox_food_Scott,2017-05-16,food_service,2681.4,21.15,24,1410.810,BDG2 v1.0
Fox_food_Scott,2017-05-17,food_service,2681.4,23.25,24,1370.410,BDG2 v1.0
Fox_food_Scott,2017-05-18,food_service,2681.4,25.03,24,1396.670,BDG2 v1.0
Fox_food_Scott,2017-05-19,food_service,2681.4,23.43,24,1411.660,BDG2 v1.0
Fox_food_Scott,2017-05-20,food_service,2681.4,27.76,24,1320.260,BDG2 v1.0
Fox_food_Scott,2017-05-21,food_service,2681.4,30.57,24,1283.570,BDG2 v1.0
Fox_food_Scott,2017-05-22,food_service,2681.4,32.27,24,1550.480,BDG2 v1.0
Fox_food_Scott,2017-05-23,food_service,2681.4,33.39,24,1470.710,BDG2 v1.0
Fox_food_Scott,2017-05-24,food_service,2681.4,33.35,24,1493.100,BDG2 v1.0
Fox_food_Scott,2017-05-25,food_service,2681.4,32.62,24,1497.650,BDG2 v1.0
Fox_food_Scott,2017-05-26,food_service,2681.4,29.38,24,1501.270,BDG2 v1.0
Fox_food_Scott,2017-05-27,food_service,2681.4,28.88,24,1541.270,BDG2 v1.0
Fox_food_Scott,2017-05-28,food_service,2681.4,30.95,24,1719.060,BDG2 v1.0
Fox_food_Scott,2017-05-29,food_service,2681.4,32.20,24,1811.150,BDG2 v1.0
Fox_food_Scott,2017-05-30,food_service,2681.4,32.48,24,1902.390,BDG2 v1.0
Fox_food_Scott,2017-05-31,food_service,2681.4,31.99,24,1910.110,BDG2 v1.0
Fox_food_Scott,2017-06-01,food_service,2681.4,31.25,24,2019.190,BDG2 v1.0
Fox_food_Scott,2017-06-02,food_service,2681.4,31.46,24,1715.840,BDG2 v1.0
Fox_food_Scott,2017-06-03,food_service,2681.4,33.95,24,1603.330,BDG2 v1.0
Fox_food_Scott,2017-06-04,food_service,2681.4,35.12,24,1347.600,BDG2 v1.0
Fox_food_Scott,2017-06-05,food_service,2681.4,35.72,24,1591.680,BDG2 v1.0
Fox_food_Scott,2017-06-06,food_service,2681.4,35.14,24,1794.550,BDG2 v1.0
Fox_food_Scott,2017-06-07,food_service,2681.4,34.39,24,1772.540,BDG2 v1.0
Fox_food_Scott,2017-06-08,food_service,2681.4,33.84,24,1505.720,BDG2 v1.0
Fox_food_Scott,2017-06-09,food_service,2681.4,34.33,24,1529.120,BDG2 v1.0
Fox_food_Scott,2017-06-10,food_service,2681.4,32.69,24,1316.480,BDG2 v1.0
Fox_food_Scott,2017-06-11,food_service,2681.4,31.37,24,1433.100,BDG2 v1.0
Fox_food_Scott,2017-06-12,food_service,2681.4,29.00,24,1780.900,BDG2 v1.0
Fox_food_Scott,2017-06-13,food_service,2681.4,28.56,24,1755.820,BDG2 v1.0
Fox_food_Scott,2017-06-14,food_service,2681.4,30.90,24,1753.960,BDG2 v1.0
Fox_food_Scott,2017-06-15,food_service,2681.4,32.86,24,1751.060,BDG2 v1.0
Fox_food_Scott,2017-06-16,food_service,2681.4,34.02,24,1693.500,BDG2 v1.0
Fox_food_Scott,2017-06-17,food_service,2681.4,35.09,24,1772.750,BDG2 v1.0
Fox_food_Scott,2017-06-18,food_service,2681.4,36.46,24,1664.040,BDG2 v1.0
Fox_food_Scott,2017-06-19,food_service,2681.4,38.73,24,2032.650,BDG2 v1.0
Fox_food_Scott,2017-06-20,food_service,2681.4,40.10,24,1802.750,BDG2 v1.0
Fox_food_Scott,2017-06-21,food_service,2681.4,40.24,24,1743.340,BDG2 v1.0
Fox_food_Scott,2017-06-22,food_service,2681.4,38.58,24,1750.150,BDG2 v1.0
Fox_food_Scott,2017-06-23,food_service,2681.4,37.71,24,1632.370,BDG2 v1.0
Fox_food_Scott,2017-06-24,food_service,2681.4,39.18,24,1354.610,BDG2 v1.0
Fox_food_Scott,2017-06-25,food_service,2681.4,40.29,24,1593.100,BDG2 v1.0
Fox_food_Scott,2017-06-26,food_service,2681.4,38.13,24,1656.950,BDG2 v1.0
Fox_food_Scott,2017-06-27,food_service,2681.4,37.68,24,1659.690,BDG2 v1.0
Fox_food_Scott,2017-06-28,food_service,2681.4,36.32,24,1510.000,BDG2 v1.0
Fox_food_Scott,2017-06-29,food_service,2681.4,35.70,24,1459.030,BDG2 v1.0
Fox_food_Scott,2017-06-30,food_service,2681.4,35.67,24,1480.650,BDG2 v1.0
Fox_food_Scott,2017-07-01,food_service,2681.4,36.03,24,1188.390,BDG2 v1.0
Fox_food_Scott,2017-07-02,food_service,2681.4,36.27,24,1192.960,BDG2 v1.0
Fox_food_Scott,2017-07-03,food_service,2681.4,36.32,24,1283.540,BDG2 v1.0
Fox_food_Scott,2017-07-04,food_service,2681.4,37.71,24,1235.190,BDG2 v1.0
Fox_food_Scott,2017-07-05,food_service,2681.4,38.01,24,1505.030,BDG2 v1.0
Fox_food_Scott,2017-07-06,food_service,2681.4,38.12,24,1469.350,BDG2 v1.0
Fox_food_Scott,2017-07-07,food_service,2681.4,40.46,24,1473.830,BDG2 v1.0
Fox_food_Scott,2017-07-08,food_service,2681.4,39.73,24,1202.440,BDG2 v1.0
Fox_food_Scott,2017-07-09,food_service,2681.4,36.65,24,1239.330,BDG2 v1.0
Fox_food_Scott,2017-07-10,food_service,2681.4,37.14,24,1596.670,BDG2 v1.0
Fox_food_Scott,2017-07-11,food_service,2681.4,33.84,24,1545.590,BDG2 v1.0
Fox_food_Scott,2017-07-12,food_service,2681.4,36.15,24,1520.730,BDG2 v1.0
Fox_food_Scott,2017-07-13,food_service,2681.4,36.67,24,1526.610,BDG2 v1.0
Fox_food_Scott,2017-07-14,food_service,2681.4,35.46,24,1486.830,BDG2 v1.0
Fox_food_Scott,2017-07-15,food_service,2681.4,35.74,24,1233.820,BDG2 v1.0
Fox_food_Scott,2017-07-16,food_service,2681.4,33.95,24,1230.840,BDG2 v1.0
Fox_food_Scott,2017-07-17,food_service,2681.4,30.35,24,1494.900,BDG2 v1.0
Fox_food_Scott,2017-07-18,food_service,2681.4,31.79,24,1541.370,BDG2 v1.0
Fox_food_Scott,2017-07-19,food_service,2681.4,33.24,24,1472.380,BDG2 v1.0
Fox_food_Scott,2017-07-20,food_service,2681.4,33.84,24,1509.030,BDG2 v1.0
Fox_food_Scott,2017-07-21,food_service,2681.4,33.09,24,1664.570,BDG2 v1.0
Fox_food_Scott,2017-07-22,food_service,2681.4,33.93,24,1263.710,BDG2 v1.0
Fox_food_Scott,2017-07-23,food_service,2681.4,32.90,24,1267.120,BDG2 v1.0
Fox_food_Scott,2017-07-24,food_service,2681.4,27.76,24,1518.270,BDG2 v1.0
Fox_food_Scott,2017-07-25,food_service,2681.4,32.88,24,1482.490,BDG2 v1.0
Fox_food_Scott,2017-07-26,food_service,2681.4,34.93,24,1500.660,BDG2 v1.0
Fox_food_Scott,2017-07-27,food_service,2681.4,36.81,24,1497.370,BDG2 v1.0
Fox_food_Scott,2017-07-28,food_service,2681.4,33.35,24,1796.750,BDG2 v1.0
Fox_food_Scott,2017-07-29,food_service,2681.4,32.48,24,1464.200,BDG2 v1.0
Fox_food_Scott,2017-07-30,food_service,2681.4,31.70,24,1213.110,BDG2 v1.0
Fox_food_Scott,2017-07-31,food_service,2681.4,35.98,24,1528.270,BDG2 v1.0
Fox_food_Scott,2017-08-01,food_service,2681.4,34.02,24,1632.080,BDG2 v1.0
Fox_food_Scott,2017-08-02,food_service,2681.4,31.84,24,1657.840,BDG2 v1.0
Fox_food_Scott,2017-08-03,food_service,2681.4,31.96,24,1500.050,BDG2 v1.0
Fox_food_Scott,2017-08-04,food_service,2681.4,31.95,24,1673.890,BDG2 v1.0
Fox_food_Scott,2017-08-05,food_service,2681.4,34.40,24,1245.100,BDG2 v1.0
Fox_food_Scott,2017-08-06,food_service,2681.4,34.81,24,1225.200,BDG2 v1.0
Fox_food_Scott,2017-08-07,food_service,2681.4,35.74,24,1692.510,BDG2 v1.0
Fox_food_Scott,2017-08-08,food_service,2681.4,35.80,24,1671.360,BDG2 v1.0
Fox_food_Scott,2017-08-09,food_service,2681.4,36.85,24,1575.930,BDG2 v1.0
Fox_food_Scott,2017-08-10,food_service,2681.4,36.02,24,1624.870,BDG2 v1.0
Fox_food_Scott,2017-08-11,food_service,2681.4,34.86,24,1697.540,BDG2 v1.0
Fox_food_Scott,2017-08-12,food_service,2681.4,34.93,24,2001.110,BDG2 v1.0
Fox_food_Scott,2017-08-13,food_service,2681.4,30.54,24,1889.870,BDG2 v1.0
Fox_food_Scott,2017-08-14,food_service,2681.4,33.81,24,2070.970,BDG2 v1.0
Fox_food_Scott,2017-08-15,food_service,2681.4,33.86,24,2028.780,BDG2 v1.0
Fox_food_Scott,2017-08-16,food_service,2681.4,32.93,24,1863.190,BDG2 v1.0
Fox_food_Scott,2017-08-17,food_service,2681.4,33.22,24,1975.920,BDG2 v1.0
Fox_food_Scott,2017-08-18,food_service,2681.4,33.79,24,1977.420,BDG2 v1.0
Fox_food_Scott,2017-08-19,food_service,2681.4,34.30,24,1691.300,BDG2 v1.0
Fox_food_Scott,2017-08-20,food_service,2681.4,34.24,24,1712.040,BDG2 v1.0
Fox_food_Scott,2017-08-21,food_service,2681.4,34.37,24,1968.370,BDG2 v1.0
Fox_food_Scott,2017-08-22,food_service,2681.4,35.28,24,2067.860,BDG2 v1.0
Fox_food_Scott,2017-08-23,food_service,2681.4,35.19,24,2035.150,BDG2 v1.0
Fox_food_Scott,2017-08-24,food_service,2681.4,32.53,24,2130.540,BDG2 v1.0
Fox_food_Scott,2017-08-25,food_service,2681.4,35.88,24,2061.120,BDG2 v1.0
Fox_food_Scott,2017-08-26,food_service,2681.4,36.40,24,1781.800,BDG2 v1.0
Fox_food_Scott,2017-08-27,food_service,2681.4,36.93,24,1820.290,BDG2 v1.0
Fox_food_Scott,2017-08-28,food_service,2681.4,37.61,24,1995.840,BDG2 v1.0
Fox_food_Scott,2017-08-29,food_service,2681.4,37.06,24,2129.270,BDG2 v1.0
Fox_food_Scott,2017-08-30,food_service,2681.4,37.01,24,2067.080,BDG2 v1.0
Fox_food_Scott,2017-08-31,food_service,2681.4,36.58,24,2142.530,BDG2 v1.0
Fox_food_Scott,2017-09-01,food_service,2681.4,36.30,24,2013.890,BDG2 v1.0
Fox_food_Scott,2017-09-02,food_service,2681.4,33.73,24,1835.080,BDG2 v1.0
Fox_food_Scott,2017-09-03,food_service,2681.4,33.33,24,1930.460,BDG2 v1.0
Fox_food_Scott,2017-09-04,food_service,2681.4,33.40,24,1926.730,BDG2 v1.0
Fox_food_Scott,2017-09-05,food_service,2681.4,35.23,24,2123.120,BDG2 v1.0
Fox_food_Scott,2017-09-06,food_service,2681.4,36.30,24,2205.270,BDG2 v1.0
Fox_food_Scott,2017-09-07,food_service,2681.4,34.25,24,2075.720,BDG2 v1.0
Fox_food_Scott,2017-09-08,food_service,2681.4,32.23,24,1981.690,BDG2 v1.0
Fox_food_Scott,2017-09-09,food_service,2681.4,30.71,24,1774.600,BDG2 v1.0
Fox_food_Scott,2017-09-10,food_service,2681.4,33.73,24,1715.420,BDG2 v1.0
Fox_food_Scott,2017-09-11,food_service,2681.4,36.20,24,2033.100,BDG2 v1.0
Fox_food_Scott,2017-09-12,food_service,2681.4,36.50,24,2175.580,BDG2 v1.0
Fox_food_Scott,2017-09-13,food_service,2681.4,36.00,24,2194.250,BDG2 v1.0
Fox_food_Scott,2017-09-14,food_service,2681.4,33.80,24,2159.450,BDG2 v1.0
Fox_food_Scott,2017-09-15,food_service,2681.4,30.61,24,1971.750,BDG2 v1.0
Fox_food_Scott,2017-09-16,food_service,2681.4,30.00,24,1800.150,BDG2 v1.0
Fox_food_Scott,2017-09-17,food_service,2681.4,30.97,24,1769.130,BDG2 v1.0
Fox_food_Scott,2017-09-18,food_service,2681.4,30.28,24,2107.830,BDG2 v1.0
Fox_food_Scott,2017-09-19,food_service,2681.4,29.93,24,2065.590,BDG2 v1.0
Fox_food_Scott,2017-09-20,food_service,2681.4,29.79,24,1996.590,BDG2 v1.0
Fox_food_Scott,2017-09-21,food_service,2681.4,29.56,24,2059.140,BDG2 v1.0
Fox_food_Scott,2017-09-22,food_service,2681.4,27.22,24,1922.380,BDG2 v1.0
Fox_food_Scott,2017-09-23,food_service,2681.4,24.81,24,1857.890,BDG2 v1.0
Fox_food_Scott,2017-09-24,food_service,2681.4,23.70,24,1895.700,BDG2 v1.0
Fox_food_Scott,2017-09-25,food_service,2681.4,24.33,24,2154.680,BDG2 v1.0
Fox_food_Scott,2017-09-26,food_service,2681.4,24.60,24,2104.840,BDG2 v1.0
Fox_food_Scott,2017-09-27,food_service,2681.4,26.49,24,2080.590,BDG2 v1.0
Fox_food_Scott,2017-09-28,food_service,2681.4,27.18,24,2177.040,BDG2 v1.0
Fox_food_Scott,2017-09-29,food_service,2681.4,28.57,24,2021.340,BDG2 v1.0
Fox_food_Scott,2017-09-30,food_service,2681.4,29.17,24,1846.930,BDG2 v1.0
Fox_food_Scott,2017-10-01,food_service,2681.4,28.49,24,1668.590,BDG2 v1.0
Fox_food_Scott,2017-10-02,food_service,2681.4,27.38,24,2202.290,BDG2 v1.0
Fox_food_Scott,2017-10-03,food_service,2681.4,27.86,24,2124.940,BDG2 v1.0
Fox_food_Scott,2017-10-04,food_service,2681.4,29.19,24,2003.730,BDG2 v1.0
Fox_food_Scott,2017-10-05,food_service,2681.4,30.14,24,1947.180,BDG2 v1.0
Fox_food_Scott,2017-10-06,food_service,2681.4,28.43,24,1923.530,BDG2 v1.0
Fox_food_Scott,2017-10-07,food_service,2681.4,27.35,24,1758.630,BDG2 v1.0
Fox_food_Scott,2017-10-08,food_service,2681.4,26.32,24,1714.580,BDG2 v1.0
Fox_food_Scott,2017-10-09,food_service,2681.4,25.43,24,1836.010,BDG2 v1.0
Fox_food_Scott,2017-10-10,food_service,2681.4,25.62,24,1833.400,BDG2 v1.0
Fox_food_Scott,2017-10-11,food_service,2681.4,28.18,24,2074.840,BDG2 v1.0
Fox_food_Scott,2017-10-12,food_service,2681.4,27.12,24,2158.890,BDG2 v1.0
Fox_food_Scott,2017-10-13,food_service,2681.4,27.29,24,1964.500,BDG2 v1.0
Fox_food_Scott,2017-10-14,food_service,2681.4,26.75,24,1785.630,BDG2 v1.0
Fox_food_Scott,2017-10-15,food_service,2681.4,26.90,24,1790.510,BDG2 v1.0
Fox_food_Scott,2017-10-16,food_service,2681.4,28.86,24,2179.480,BDG2 v1.0
Fox_food_Scott,2017-10-17,food_service,2681.4,29.31,24,2126.290,BDG2 v1.0
Fox_food_Scott,2017-10-18,food_service,2681.4,28.84,24,2115.340,BDG2 v1.0
Fox_food_Scott,2017-10-19,food_service,2681.4,29.12,24,2116.400,BDG2 v1.0
Fox_food_Scott,2017-10-20,food_service,2681.4,25.78,24,1895.480,BDG2 v1.0
Fox_food_Scott,2017-10-21,food_service,2681.4,23.72,24,1724.740,BDG2 v1.0
Fox_food_Scott,2017-10-22,food_service,2681.4,24.47,24,1737.590,BDG2 v1.0
Fox_food_Scott,2017-10-23,food_service,2681.4,26.21,24,2055.750,BDG2 v1.0
Fox_food_Scott,2017-10-24,food_service,2681.4,28.90,24,1972.850,BDG2 v1.0
Fox_food_Scott,2017-10-25,food_service,2681.4,28.40,24,1894.030,BDG2 v1.0
Fox_food_Scott,2017-10-26,food_service,2681.4,26.02,24,2052.610,BDG2 v1.0
Fox_food_Scott,2017-10-27,food_service,2681.4,25.29,24,1973.010,BDG2 v1.0
Fox_food_Scott,2017-10-28,food_service,2681.4,25.35,24,1706.440,BDG2 v1.0
Fox_food_Scott,2017-10-29,food_service,2681.4,25.54,24,1753.000,BDG2 v1.0
Fox_food_Scott,2017-10-30,food_service,2681.4,23.22,24,2027.170,BDG2 v1.0
Fox_food_Scott,2017-10-31,food_service,2681.4,22.40,24,1938.160,BDG2 v1.0
Fox_food_Scott,2017-11-01,food_service,2681.4,22.73,24,1922.350,BDG2 v1.0
Fox_food_Scott,2017-11-02,food_service,2681.4,22.57,24,2029.080,BDG2 v1.0
Fox_food_Scott,2017-11-03,food_service,2681.4,22.20,24,1953.070,BDG2 v1.0
Fox_food_Scott,2017-11-04,food_service,2681.4,23.04,24,1524.530,BDG2 v1.0
Fox_food_Scott,2017-11-05,food_service,2681.4,22.18,24,1588.790,BDG2 v1.0
Fox_food_Scott,2017-11-06,food_service,2681.4,21.49,24,2063.670,BDG2 v1.0
Fox_food_Scott,2017-11-07,food_service,2681.4,22.70,24,2153.350,BDG2 v1.0
Fox_food_Scott,2017-11-08,food_service,2681.4,23.08,24,2240.050,BDG2 v1.0
Fox_food_Scott,2017-11-09,food_service,2681.4,23.72,24,2258.210,BDG2 v1.0
Fox_food_Scott,2017-11-10,food_service,2681.4,22.43,24,1916.930,BDG2 v1.0
Fox_food_Scott,2017-11-11,food_service,2681.4,22.18,24,1724.780,BDG2 v1.0
Fox_food_Scott,2017-11-12,food_service,2681.4,21.83,24,1724.380,BDG2 v1.0
Fox_food_Scott,2017-11-13,food_service,2681.4,23.44,24,2126.780,BDG2 v1.0
Fox_food_Scott,2017-11-14,food_service,2681.4,22.21,24,2240.730,BDG2 v1.0
Fox_food_Scott,2017-11-15,food_service,2681.4,21.48,24,2171.330,BDG2 v1.0
Fox_food_Scott,2017-11-16,food_service,2681.4,22.04,24,2102.530,BDG2 v1.0
Fox_food_Scott,2017-11-17,food_service,2681.4,21.20,24,2209.480,BDG2 v1.0
Fox_food_Scott,2017-11-18,food_service,2681.4,19.43,24,1864.530,BDG2 v1.0
Fox_food_Scott,2017-11-19,food_service,2681.4,18.96,24,1821.840,BDG2 v1.0
Fox_food_Scott,2017-11-20,food_service,2681.4,18.63,24,2169.620,BDG2 v1.0
Fox_food_Scott,2017-11-21,food_service,2681.4,18.84,24,2124.880,BDG2 v1.0
Fox_food_Scott,2017-11-22,food_service,2681.4,22.06,24,1909.430,BDG2 v1.0
Fox_food_Scott,2017-11-23,food_service,2681.4,22.35,24,1693.010,BDG2 v1.0
Fox_food_Scott,2017-11-24,food_service,2681.4,21.46,24,1673.690,BDG2 v1.0
Fox_food_Scott,2017-11-25,food_service,2681.4,21.70,24,1541.910,BDG2 v1.0
Fox_food_Scott,2017-11-26,food_service,2681.4,21.62,24,1536.160,BDG2 v1.0
Fox_food_Scott,2017-11-27,food_service,2681.4,20.16,24,2170.960,BDG2 v1.0
Fox_food_Scott,2017-11-28,food_service,2681.4,17.66,24,2209.610,BDG2 v1.0
Fox_food_Scott,2017-11-29,food_service,2681.4,19.19,24,2206.680,BDG2 v1.0
Fox_food_Scott,2017-11-30,food_service,2681.4,20.33,24,2070.380,BDG2 v1.0
Fox_food_Scott,2017-12-01,food_service,2681.4,19.62,24,1967.770,BDG2 v1.0
Fox_food_Scott,2017-12-02,food_service,2681.4,21.08,24,1684.690,BDG2 v1.0
Fox_food_Scott,2017-12-03,food_service,2681.4,20.18,24,1819.140,BDG2 v1.0
Fox_food_Scott,2017-12-04,food_service,2681.4,16.74,24,2163.270,BDG2 v1.0
Fox_food_Scott,2017-12-05,food_service,2681.4,13.75,24,2122.500,BDG2 v1.0
Fox_food_Scott,2017-12-06,food_service,2681.4,16.31,24,2052.370,BDG2 v1.0
Fox_food_Scott,2017-12-07,food_service,2681.4,15.08,24,2063.670,BDG2 v1.0
Fox_food_Scott,2017-12-08,food_service,2681.4,12.25,24,2096.050,BDG2 v1.0
Fox_food_Scott,2017-12-09,food_service,2681.4,15.11,24,1693.760,BDG2 v1.0
Fox_food_Scott,2017-12-10,food_service,2681.4,20.00,24,1292.090,BDG2 v1.0
Fox_food_Scott,2017-12-11,food_service,2681.4,17.93,24,1442.530,BDG2 v1.0
Fox_food_Scott,2017-12-12,food_service,2681.4,16.28,24,1387.310,BDG2 v1.0
Fox_food_Scott,2017-12-13,food_service,2681.4,16.99,24,1370.940,BDG2 v1.0
Fox_food_Scott,2017-12-14,food_service,2681.4,15.28,24,1365.430,BDG2 v1.0
Fox_food_Scott,2017-12-15,food_service,2681.4,16.77,24,1369.760,BDG2 v1.0
Fox_food_Scott,2017-12-16,food_service,2681.4,13.50,24,1352.560,BDG2 v1.0
Fox_food_Scott,2017-12-17,food_service,2681.4,13.30,24,1309.380,BDG2 v1.0
Fox_food_Scott,2017-12-18,food_service,2681.4,13.40,24,1438.820,BDG2 v1.0
Fox_food_Scott,2017-12-19,food_service,2681.4,12.52,24,1441.750,BDG2 v1.0
Fox_food_Scott,2017-12-20,food_service,2681.4,13.21,24,1437.380,BDG2 v1.0
Fox_food_Scott,2017-12-21,food_service,2681.4,10.92,24,1475.810,BDG2 v1.0
Fox_food_Scott,2017-12-22,food_service,2681.4,8.42,24,1520.350,BDG2 v1.0
Fox_food_Scott,2017-12-23,food_service,2681.4,9.45,24,1474.200,BDG2 v1.0
Fox_food_Scott,2017-12-24,food_service,2681.4,12.25,24,1360.960,BDG2 v1.0
Fox_food_Scott,2017-12-25,food_service,2681.4,12.12,24,1470.120,BDG2 v1.0
Fox_food_Scott,2017-12-26,food_service,2681.4,12.78,24,1444.310,BDG2 v1.0
Fox_food_Scott,2017-12-27,food_service,2681.4,14.04,24,1440.370,BDG2 v1.0
Fox_food_Scott,2017-12-28,food_service,2681.4,14.49,24,1292.040,BDG2 v1.0
Fox_food_Scott,2017-12-29,food_service,2681.4,15.45,24,1479.500,BDG2 v1.0
Fox_food_Scott,2017-12-30,food_service,2681.4,15.28,24,1395.400,BDG2 v1.0
Fox_food_Scott,2017-12-31,food_service,2681.4,13.38,24,1394.460,BDG2 v1.0
Hog_food_Morgan,2016-01-01,food_service,3085.8,-5.58,24,985.014,BDG2 v1.0
Hog_food_Morgan,2016-01-02,food_service,3085.8,-5.46,24,983.440,BDG2 v1.0
Hog_food_Morgan,2016-01-03,food_service,3085.8,-3.29,24,985.292,BDG2 v1.0
Hog_food_Morgan,2016-01-04,food_service,3085.8,-7.78,24,1049.882,BDG2 v1.0
Hog_food_Morgan,2016-01-05,food_service,3085.8,-3.82,24,1058.126,BDG2 v1.0
Hog_food_Morgan,2016-01-06,food_service,3085.8,-2.05,24,1052.027,BDG2 v1.0
Hog_food_Morgan,2016-01-07,food_service,3085.8,0.07,24,1091.466,BDG2 v1.0
Hog_food_Morgan,2016-01-08,food_service,3085.8,-0.38,24,1094.739,BDG2 v1.0
Hog_food_Morgan,2016-01-09,food_service,3085.8,-14.36,24,980.861,BDG2 v1.0
Hog_food_Morgan,2016-01-10,food_service,3085.8,-20.97,24,992.365,BDG2 v1.0
Hog_food_Morgan,2016-01-11,food_service,3085.8,-18.38,24,1081.467,BDG2 v1.0
Hog_food_Morgan,2016-01-12,food_service,3085.8,-18.68,24,1105.396,BDG2 v1.0
Hog_food_Morgan,2016-01-13,food_service,3085.8,-12.64,24,1185.596,BDG2 v1.0
Hog_food_Morgan,2016-01-14,food_service,3085.8,-5.73,24,1155.461,BDG2 v1.0
Hog_food_Morgan,2016-01-15,food_service,3085.8,-6.69,24,1148.888,BDG2 v1.0
Hog_food_Morgan,2016-01-16,food_service,3085.8,-17.62,24,1388.245,BDG2 v1.0
Hog_food_Morgan,2016-01-17,food_service,3085.8,-22.57,24,1440.897,BDG2 v1.0
Hog_food_Morgan,2016-01-18,food_service,3085.8,-20.89,24,1492.200,BDG2 v1.0
Hog_food_Morgan,2016-01-19,food_service,3085.8,-17.16,24,1766.061,BDG2 v1.0
Hog_food_Morgan,2016-01-20,food_service,3085.8,-8.98,24,1867.577,BDG2 v1.0
Hog_food_Morgan,2016-01-21,food_service,3085.8,-5.80,24,2009.307,BDG2 v1.0
Hog_food_Morgan,2016-01-22,food_service,3085.8,-6.27,24,1930.690,BDG2 v1.0
Hog_food_Morgan,2016-01-23,food_service,3085.8,-6.52,24,1756.315,BDG2 v1.0
Hog_food_Morgan,2016-01-24,food_service,3085.8,-2.48,24,1830.762,BDG2 v1.0
Hog_food_Morgan,2016-01-25,food_service,3085.8,-2.08,24,1985.569,BDG2 v1.0
Hog_food_Morgan,2016-01-26,food_service,3085.8,-3.91,24,2021.733,BDG2 v1.0
Hog_food_Morgan,2016-01-27,food_service,3085.8,-2.06,24,2030.335,BDG2 v1.0
Hog_food_Morgan,2016-01-28,food_service,3085.8,-0.41,24,1995.654,BDG2 v1.0
Hog_food_Morgan,2016-01-29,food_service,3085.8,-3.10,24,1966.158,BDG2 v1.0
Hog_food_Morgan,2016-01-30,food_service,3085.8,2.07,24,1726.719,BDG2 v1.0
Hog_food_Morgan,2016-01-31,food_service,3085.8,1.81,24,1826.638,BDG2 v1.0
Hog_food_Morgan,2016-02-01,food_service,3085.8,-1.88,24,1984.141,BDG2 v1.0
Hog_food_Morgan,2016-02-02,food_service,3085.8,-2.20,24,2014.147,BDG2 v1.0
Hog_food_Morgan,2016-02-03,food_service,3085.8,-7.15,24,2019.773,BDG2 v1.0
Hog_food_Morgan,2016-02-04,food_service,3085.8,-8.34,24,1973.463,BDG2 v1.0
Hog_food_Morgan,2016-02-05,food_service,3085.8,-7.69,24,1929.303,BDG2 v1.0
Hog_food_Morgan,2016-02-06,food_service,3085.8,-0.70,24,1742.275,BDG2 v1.0
Hog_food_Morgan,2016-02-07,food_service,3085.8,0.52,24,1722.817,BDG2 v1.0
Hog_food_Morgan,2016-02-08,food_service,3085.8,-9.91,24,1951.886,BDG2 v1.0
Hog_food_Morgan,2016-02-09,food_service,3085.8,-11.69,24,1984.363,BDG2 v1.0
Hog_food_Morgan,2016-02-10,food_service,3085.8,-13.18,24,1982.603,BDG2 v1.0
Hog_food_Morgan,2016-02-11,food_service,3085.8,-11.85,24,2007.635,BDG2 v1.0
Hog_food_Morgan,2016-02-12,food_service,3085.8,-12.89,24,1929.456,BDG2 v1.0
Hog_food_Morgan,2016-02-13,food_service,3085.8,-16.60,24,1764.120,BDG2 v1.0
Hog_food_Morgan,2016-02-14,food_service,3085.8,-9.88,24,1820.820,BDG2 v1.0
Hog_food_Morgan,2016-02-15,food_service,3085.8,-3.86,24,1989.537,BDG2 v1.0
Hog_food_Morgan,2016-02-16,food_service,3085.8,-1.08,24,1973.403,BDG2 v1.0
Hog_food_Morgan,2016-02-17,food_service,3085.8,-5.08,24,1959.751,BDG2 v1.0
Hog_food_Morgan,2016-02-18,food_service,3085.8,0.66,24,1987.995,BDG2 v1.0
Hog_food_Morgan,2016-02-19,food_service,3085.8,4.37,24,1893.381,BDG2 v1.0
Hog_food_Morgan,2016-02-20,food_service,3085.8,3.17,24,1765.816,BDG2 v1.0
Hog_food_Morgan,2016-02-21,food_service,3085.8,-0.56,24,1812.771,BDG2 v1.0
Hog_food_Morgan,2016-02-22,food_service,3085.8,-0.27,24,1967.851,BDG2 v1.0
Hog_food_Morgan,2016-02-23,food_service,3085.8,1.93,24,1996.660,BDG2 v1.0
Hog_food_Morgan,2016-02-24,food_service,3085.8,1.61,24,1969.521,BDG2 v1.0
Hog_food_Morgan,2016-02-25,food_service,3085.8,-1.39,24,2004.211,BDG2 v1.0
Hog_food_Morgan,2016-02-26,food_service,3085.8,0.42,24,1910.121,BDG2 v1.0
Hog_food_Morgan,2016-02-27,food_service,3085.8,7.52,24,1768.139,BDG2 v1.0
Hog_food_Morgan,2016-02-28,food_service,3085.8,1.75,24,1866.238,BDG2 v1.0
Hog_food_Morgan,2016-02-29,food_service,3085.8,-3.36,24,1970.485,BDG2 v1.0
Hog_food_Morgan,2016-03-01,food_service,3085.8,-7.17,24,2008.087,BDG2 v1.0
Hog_food_Morgan,2016-03-02,food_service,3085.8,-5.32,24,2001.611,BDG2 v1.0
Hog_food_Morgan,2016-03-03,food_service,3085.8,-1.54,24,2027.908,BDG2 v1.0
Hog_food_Morgan,2016-03-04,food_service,3085.8,0.09,24,1951.899,BDG2 v1.0
Hog_food_Morgan,2016-03-05,food_service,3085.8,0.95,24,1774.596,BDG2 v1.0
Hog_food_Morgan,2016-03-06,food_service,3085.8,6.62,24,1836.085,BDG2 v1.0
Hog_food_Morgan,2016-03-07,food_service,3085.8,11.83,24,1987.579,BDG2 v1.0
Hog_food_Morgan,2016-03-08,food_service,3085.8,13.64,24,2006.611,BDG2 v1.0
Hog_food_Morgan,2016-03-09,food_service,3085.8,3.49,24,2022.836,BDG2 v1.0
Hog_food_Morgan,2016-03-10,food_service,3085.8,3.56,24,2059.319,BDG2 v1.0
Hog_food_Morgan,2016-03-11,food_service,3085.8,8.65,24,1787.526,BDG2 v1.0
Hog_food_Morgan,2016-03-12,food_service,3085.8,14.44,24,1241.003,BDG2 v1.0
Hog_food_Morgan,2016-03-13,food_service,3085.8,10.67,24,1181.814,BDG2 v1.0
Hog_food_Morgan,2016-03-14,food_service,3085.8,11.29,24,1362.290,BDG2 v1.0
Hog_food_Morgan,2016-03-15,food_service,3085.8,10.96,24,1369.847,BDG2 v1.0
Hog_food_Morgan,2016-03-16,food_service,3085.8,6.52,24,1317.860,BDG2 v1.0
Hog_food_Morgan,2016-03-17,food_service,3085.8,3.26,24,1314.088,BDG2 v1.0
Hog_food_Morgan,2016-03-18,food_service,3085.8,0.89,24,1272.073,BDG2 v1.0
Hog_food_Morgan,2016-03-19,food_service,3085.8,0.62,24,1319.196,BDG2 v1.0
Hog_food_Morgan,2016-03-20,food_service,3085.8,1.88,24,1749.176,BDG2 v1.0
Hog_food_Morgan,2016-03-21,food_service,3085.8,4.33,24,1986.539,BDG2 v1.0
Hog_food_Morgan,2016-03-22,food_service,3085.8,7.02,24,2018.236,BDG2 v1.0
Hog_food_Morgan,2016-03-23,food_service,3085.8,0.34,24,2028.386,BDG2 v1.0
Hog_food_Morgan,2016-03-24,food_service,3085.8,2.17,24,1986.031,BDG2 v1.0
Hog_food_Morgan,2016-03-25,food_service,3085.8,3.52,24,1960.209,BDG2 v1.0
Hog_food_Morgan,2016-03-26,food_service,3085.8,7.01,24,1726.704,BDG2 v1.0
Hog_food_Morgan,2016-03-27,food_service,3085.8,4.05,24,1797.858,BDG2 v1.0
Hog_food_Morgan,2016-03-28,food_service,3085.8,6.52,24,1962.226,BDG2 v1.0
Hog_food_Morgan,2016-03-29,food_service,3085.8,11.02,24,1960.941,BDG2 v1.0
Hog_food_Morgan,2016-03-30,food_service,3085.8,7.32,24,1967.713,BDG2 v1.0
Hog_food_Morgan,2016-03-31,food_service,3085.8,6.83,24,1979.410,BDG2 v1.0
Hog_food_Morgan,2016-04-01,food_service,3085.8,3.01,24,1918.030,BDG2 v1.0
Hog_food_Morgan,2016-04-02,food_service,3085.8,0.26,24,1736.588,BDG2 v1.0
Hog_food_Morgan,2016-04-03,food_service,3085.8,6.20,24,1814.989,BDG2 v1.0
Hog_food_Morgan,2016-04-04,food_service,3085.8,0.81,24,1960.499,BDG2 v1.0
Hog_food_Morgan,2016-04-05,food_service,3085.8,0.81,24,1947.613,BDG2 v1.0
Hog_food_Morgan,2016-04-06,food_service,3085.8,3.30,24,1966.022,BDG2 v1.0
Hog_food_Morgan,2016-04-07,food_service,3085.8,2.86,24,1978.374,BDG2 v1.0
Hog_food_Morgan,2016-04-08,food_service,3085.8,-0.21,24,1911.638,BDG2 v1.0
Hog_food_Morgan,2016-04-09,food_service,3085.8,-0.56,24,1740.819,BDG2 v1.0
Hog_food_Morgan,2016-04-10,food_service,3085.8,7.47,24,1804.915,BDG2 v1.0
Hog_food_Morgan,2016-04-11,food_service,3085.8,2.41,24,1952.328,BDG2 v1.0
Hog_food_Morgan,2016-04-12,food_service,3085.8,3.61,24,1937.107,BDG2 v1.0
Hog_food_Morgan,2016-04-13,food_service,3085.8,12.97,24,1928.985,BDG2 v1.0
Hog_food_Morgan,2016-04-14,food_service,3085.8,16.80,24,1926.841,BDG2 v1.0
Hog_food_Morgan,2016-04-15,food_service,3085.8,17.41,24,1871.557,BDG2 v1.0
Hog_food_Morgan,2016-04-16,food_service,3085.8,20.33,24,1676.456,BDG2 v1.0
Hog_food_Morgan,2016-04-17,food_service,3085.8,20.84,24,1706.318,BDG2 v1.0
Hog_food_Morgan,2016-04-18,food_service,3085.8,20.49,24,1879.613,BDG2 v1.0
Hog_food_Morgan,2016-04-19,food_service,3085.8,12.06,24,1893.235,BDG2 v1.0
Hog_food_Morgan,2016-04-20,food_service,3085.8,13.84,24,1888.074,BDG2 v1.0
Hog_food_Morgan,2016-04-21,food_service,3085.8,13.68,24,1924.103,BDG2 v1.0
Hog_food_Morgan,2016-04-22,food_service,3085.8,10.24,24,1904.943,BDG2 v1.0
Hog_food_Morgan,2016-04-23,food_service,3085.8,14.43,24,1661.913,BDG2 v1.0
Hog_food_Morgan,2016-04-24,food_service,3085.8,13.63,24,1767.223,BDG2 v1.0
Hog_food_Morgan,2016-04-25,food_service,3085.8,11.18,24,1946.983,BDG2 v1.0
Hog_food_Morgan,2016-04-26,food_service,3085.8,7.37,24,1863.530,BDG2 v1.0
Hog_food_Morgan,2016-04-27,food_service,3085.8,7.43,24,1885.447,BDG2 v1.0
Hog_food_Morgan,2016-04-28,food_service,3085.8,4.63,24,1747.973,BDG2 v1.0
Hog_food_Morgan,2016-04-29,food_service,3085.8,8.54,24,1527.765,BDG2 v1.0
Hog_food_Morgan,2016-04-30,food_service,3085.8,10.24,24,1322.834,BDG2 v1.0
Hog_food_Morgan,2016-05-01,food_service,3085.8,11.12,24,1384.303,BDG2 v1.0
Hog_food_Morgan,2016-05-02,food_service,3085.8,13.20,24,1521.542,BDG2 v1.0
Hog_food_Morgan,2016-05-03,food_service,3085.8,15.88,24,1539.329,BDG2 v1.0
Hog_food_Morgan,2016-05-04,food_service,3085.8,14.07,24,1563.661,BDG2 v1.0
Hog_food_Morgan,2016-05-05,food_service,3085.8,16.63,24,1588.978,BDG2 v1.0
Hog_food_Morgan,2016-05-06,food_service,3085.8,24.17,24,1668.142,BDG2 v1.0
Hog_food_Morgan,2016-05-07,food_service,3085.8,17.03,24,1698.935,BDG2 v1.0
Hog_food_Morgan,2016-05-08,food_service,3085.8,16.53,24,1724.418,BDG2 v1.0
Hog_food_Morgan,2016-05-09,food_service,3085.8,14.61,24,1935.670,BDG2 v1.0
Hog_food_Morgan,2016-05-10,food_service,3085.8,11.41,24,1874.971,BDG2 v1.0
Hog_food_Morgan,2016-05-11,food_service,3085.8,11.30,24,1837.179,BDG2 v1.0
Hog_food_Morgan,2016-05-12,food_service,3085.8,11.90,24,1793.251,BDG2 v1.0
Hog_food_Morgan,2016-05-13,food_service,3085.8,6.89,24,1794.489,BDG2 v1.0
Hog_food_Morgan,2016-05-14,food_service,3085.8,5.72,24,1341.593,BDG2 v1.0
Hog_food_Morgan,2016-05-15,food_service,3085.8,10.54,24,882.060,BDG2 v1.0
Hog_food_Morgan,2016-05-16,food_service,3085.8,14.48,24,919.624,BDG2 v1.0
Hog_food_Morgan,2016-05-17,food_service,3085.8,13.11,24,944.391,BDG2 v1.0
Hog_food_Morgan,2016-05-18,food_service,3085.8,14.35,24,866.133,BDG2 v1.0
Hog_food_Morgan,2016-05-19,food_service,3085.8,16.86,24,772.356,BDG2 v1.0
Hog_food_Morgan,2016-05-20,food_service,3085.8,18.32,24,738.781,BDG2 v1.0
Hog_food_Morgan,2016-05-21,food_service,3085.8,20.00,24,722.667,BDG2 v1.0
Hog_food_Morgan,2016-05-22,food_service,3085.8,22.10,24,720.337,BDG2 v1.0
Hog_food_Morgan,2016-05-23,food_service,3085.8,22.53,24,648.514,BDG2 v1.0
Hog_food_Morgan,2016-05-24,food_service,3085.8,23.68,24,535.228,BDG2 v1.0
Hog_food_Morgan,2016-05-25,food_service,3085.8,21.27,24,567.994,BDG2 v1.0
Hog_food_Morgan,2016-05-26,food_service,3085.8,22.08,24,572.768,BDG2 v1.0
Hog_food_Morgan,2016-05-27,food_service,3085.8,19.01,24,554.168,BDG2 v1.0
Hog_food_Morgan,2016-05-28,food_service,3085.8,17.76,24,503.094,BDG2 v1.0
Hog_food_Morgan,2016-05-29,food_service,3085.8,20.66,24,510.130,BDG2 v1.0
Hog_food_Morgan,2016-05-30,food_service,3085.8,22.63,24,517.602,BDG2 v1.0
Hog_food_Morgan,2016-05-31,food_service,3085.8,20.47,24,532.753,BDG2 v1.0
Hog_food_Morgan,2016-06-01,food_service,3085.8,17.07,24,528.980,BDG2 v1.0
Hog_food_Morgan,2016-06-02,food_service,3085.8,18.16,24,537.527,BDG2 v1.0
Hog_food_Morgan,2016-06-03,food_service,3085.8,18.33,24,535.689,BDG2 v1.0
Hog_food_Morgan,2016-06-04,food_service,3085.8,18.16,24,492.125,BDG2 v1.0
Hog_food_Morgan,2016-06-05,food_service,3085.8,20.67,24,490.928,BDG2 v1.0
Hog_food_Morgan,2016-06-06,food_service,3085.8,18.13,24,502.833,BDG2 v1.0
Hog_food_Morgan,2016-06-07,food_service,3085.8,16.88,24,524.670,BDG2 v1.0
Hog_food_Morgan,2016-06-08,food_service,3085.8,19.14,24,562.119,BDG2 v1.0
Hog_food_Morgan,2016-06-09,food_service,3085.8,22.88,24,600.403,BDG2 v1.0
Hog_food_Morgan,2016-06-10,food_service,3085.8,26.09,24,569.273,BDG2 v1.0
Hog_food_Morgan,2016-06-11,food_service,3085.8,27.29,24,528.003,BDG2 v1.0
Hog_food_Morgan,2016-06-12,food_service,3085.8,21.76,24,514.567,BDG2 v1.0
Hog_food_Morgan,2016-06-13,food_service,3085.8,21.76,24,542.639,BDG2 v1.0
Hog_food_Morgan,2016-06-14,food_service,3085.8,20.20,24,642.332,BDG2 v1.0
Hog_food_Morgan,2016-06-15,food_service,3085.8,20.82,24,1030.903,BDG2 v1.0
Hog_food_Morgan,2016-06-16,food_service,3085.8,21.40,24,1184.569,BDG2 v1.0
Hog_food_Morgan,2016-06-17,food_service,3085.8,23.82,24,1190.446,BDG2 v1.0
Hog_food_Morgan,2016-06-18,food_service,3085.8,25.95,24,1153.840,BDG2 v1.0
Hog_food_Morgan,2016-06-19,food_service,3085.8,28.58,24,1156.542,BDG2 v1.0
Hog_food_Morgan,2016-06-20,food_service,3085.8,23.03,24,1301.634,BDG2 v1.0
Hog_food_Morgan,2016-06-21,food_service,3085.8,22.59,24,1658.642,BDG2 v1.0
Hog_food_Morgan,2016-06-22,food_service,3085.8,23.59,24,1625.137,BDG2 v1.0
Hog_food_Morgan,2016-06-23,food_service,3085.8,19.03,24,1280.163,BDG2 v1.0
Hog_food_Morgan,2016-06-24,food_service,3085.8,22.06,24,1284.188,BDG2 v1.0
Hog_food_Morgan,2016-06-25,food_service,3085.8,27.95,24,1220.324,BDG2 v1.0
Hog_food_Morgan,2016-06-26,food_service,3085.8,26.07,24,1217.192,BDG2 v1.0
Hog_food_Morgan,2016-06-27,food_service,3085.8,21.24,24,1084.615,BDG2 v1.0
Hog_food_Morgan,2016-06-28,food_service,3085.8,19.53,24,961.575,BDG2 v1.0
Hog_food_Morgan,2016-06-29,food_service,3085.8,21.83,24,981.212,BDG2 v1.0
Hog_food_Morgan,2016-06-30,food_service,3085.8,21.73,24,970.832,BDG2 v1.0
Hog_food_Morgan,2016-07-01,food_service,3085.8,17.78,24,978.786,BDG2 v1.0
Hog_food_Morgan,2016-07-02,food_service,3085.8,21.11,24,923.950,BDG2 v1.0
Hog_food_Morgan,2016-07-03,food_service,3085.8,22.22,24,931.751,BDG2 v1.0
Hog_food_Morgan,2016-07-04,food_service,3085.8,22.40,24,945.860,BDG2 v1.0
Hog_food_Morgan,2016-07-05,food_service,3085.8,24.33,24,974.732,BDG2 v1.0
Hog_food_Morgan,2016-07-06,food_service,3085.8,24.58,24,983.241,BDG2 v1.0
Hog_food_Morgan,2016-07-07,food_service,3085.8,24.01,24,979.632,BDG2 v1.0
Hog_food_Morgan,2016-07-08,food_service,3085.8,22.33,24,972.371,BDG2 v1.0
Hog_food_Morgan,2016-07-09,food_service,3085.8,22.80,24,935.542,BDG2 v1.0
Hog_food_Morgan,2016-07-10,food_service,3085.8,23.57,24,936.133,BDG2 v1.0
Hog_food_Morgan,2016-07-11,food_service,3085.8,26.69,24,988.976,BDG2 v1.0
Hog_food_Morgan,2016-07-12,food_service,3085.8,26.25,24,986.187,BDG2 v1.0
Hog_food_Morgan,2016-07-13,food_service,3085.8,25.37,24,1011.289,BDG2 v1.0
Hog_food_Morgan,2016-07-14,food_service,3085.8,19.60,24,1079.837,BDG2 v1.0
Hog_food_Morgan,2016-07-15,food_service,3085.8,20.28,24,1101.851,BDG2 v1.0
Hog_food_Morgan,2016-07-16,food_service,3085.8,22.25,24,1112.976,BDG2 v1.0
Hog_food_Morgan,2016-07-17,food_service,3085.8,23.55,24,1112.001,BDG2 v1.0
Hog_food_Morgan,2016-07-18,food_service,3085.8,25.01,24,1229.476,BDG2 v1.0
Hog_food_Morgan,2016-07-19,food_service,3085.8,25.84,24,1535.224,BDG2 v1.0
Hog_food_Morgan,2016-07-20,food_service,3085.8,27.41,24,1679.108,BDG2 v1.0
Hog_food_Morgan,2016-07-21,food_service,3085.8,29.12,24,1411.572,BDG2 v1.0
Hog_food_Morgan,2016-07-22,food_service,3085.8,29.75,24,1087.345,BDG2 v1.0
Hog_food_Morgan,2016-07-23,food_service,3085.8,24.56,24,946.102,BDG2 v1.0
Hog_food_Morgan,2016-07-24,food_service,3085.8,25.87,24,940.526,BDG2 v1.0
Hog_food_Morgan,2016-07-25,food_service,3085.8,25.62,24,996.214,BDG2 v1.0
Hog_food_Morgan,2016-07-26,food_service,3085.8,27.53,24,1047.942,BDG2 v1.0
Hog_food_Morgan,2016-07-27,food_service,3085.8,24.35,24,1042.451,BDG2 v1.0
Hog_food_Morgan,2016-07-28,food_service,3085.8,20.78,24,998.008,BDG2 v1.0
Hog_food_Morgan,2016-07-29,food_service,3085.8,21.28,24,979.931,BDG2 v1.0
Hog_food_Morgan,2016-07-30,food_service,3085.8,22.86,24,961.330,BDG2 v1.0
Hog_food_Morgan,2016-07-31,food_service,3085.8,23.95,24,962.089,BDG2 v1.0
Hog_food_Morgan,2016-08-01,food_service,3085.8,25.07,24,1005.707,BDG2 v1.0
Hog_food_Morgan,2016-08-02,food_service,3085.8,26.82,24,1012.307,BDG2 v1.0
Hog_food_Morgan,2016-08-03,food_service,3085.8,28.11,24,1056.440,BDG2 v1.0
Hog_food_Morgan,2016-08-04,food_service,3085.8,25.35,24,1075.982,BDG2 v1.0
Hog_food_Morgan,2016-08-05,food_service,3085.8,21.88,24,1088.249,BDG2 v1.0
Hog_food_Morgan,2016-08-06,food_service,3085.8,22.29,24,1002.872,BDG2 v1.0
Hog_food_Morgan,2016-08-07,food_service,3085.8,23.04,24,987.077,BDG2 v1.0
Hog_food_Morgan,2016-08-08,food_service,3085.8,23.52,24,1073.436,BDG2 v1.0
Hog_food_Morgan,2016-08-09,food_service,3085.8,25.83,24,1106.734,BDG2 v1.0
Hog_food_Morgan,2016-08-10,food_service,3085.8,27.00,24,1127.950,BDG2 v1.0
Hog_food_Morgan,2016-08-11,food_service,3085.8,24.31,24,1104.812,BDG2 v1.0
Hog_food_Morgan,2016-08-12,food_service,3085.8,23.38,24,1068.963,BDG2 v1.0
Hog_food_Morgan,2016-08-13,food_service,3085.8,22.82,24,923.447,BDG2 v1.0
Hog_food_Morgan,2016-08-14,food_service,3085.8,22.90,24,920.870,BDG2 v1.0
Hog_food_Morgan,2016-08-15,food_service,3085.8,23.03,24,954.909,BDG2 v1.0
Hog_food_Morgan,2016-08-16,food_service,3085.8,23.41,24,995.308,BDG2 v1.0
Hog_food_Morgan,2016-08-17,food_service,3085.8,23.95,24,984.874,BDG2 v1.0
Hog_food_Morgan,2016-08-18,food_service,3085.8,24.49,24,993.950,BDG2 v1.0
Hog_food_Morgan,2016-08-19,food_service,3085.8,21.46,24,980.793,BDG2 v1.0
Hog_food_Morgan,2016-08-20,food_service,3085.8,17.50,24,904.225,BDG2 v1.0
Hog_food_Morgan,2016-08-21,food_service,3085.8,18.45,24,895.179,BDG2 v1.0
Hog_food_Morgan,2016-08-22,food_service,3085.8,22.36,24,937.197,BDG2 v1.0
Hog_food_Morgan,2016-08-23,food_service,3085.8,23.75,24,970.173,BDG2 v1.0
Hog_food_Morgan,2016-08-24,food_service,3085.8,22.44,24,978.348,BDG2 v1.0
Hog_food_Morgan,2016-08-25,food_service,3085.8,19.82,24,978.062,BDG2 v1.0
Hog_food_Morgan,2016-08-26,food_service,3085.8,18.24,24,1025.478,BDG2 v1.0
Hog_food_Morgan,2016-08-27,food_service,3085.8,18.52,24,991.324,BDG2 v1.0
Hog_food_Morgan,2016-08-28,food_service,3085.8,22.20,24,967.759,BDG2 v1.0
Hog_food_Morgan,2016-08-29,food_service,3085.8,25.22,24,1361.982,BDG2 v1.0
Hog_food_Morgan,2016-08-30,food_service,3085.8,22.10,24,1717.426,BDG2 v1.0
Hog_food_Morgan,2016-08-31,food_service,3085.8,20.72,24,1824.141,BDG2 v1.0
Hog_food_Morgan,2016-09-01,food_service,3085.8,19.72,24,1725.282,BDG2 v1.0
Hog_food_Morgan,2016-09-02,food_service,3085.8,18.85,24,1766.941,BDG2 v1.0
Hog_food_Morgan,2016-09-03,food_service,3085.8,19.01,24,1698.151,BDG2 v1.0
Hog_food_Morgan,2016-09-04,food_service,3085.8,20.77,24,1637.856,BDG2 v1.0
Hog_food_Morgan,2016-09-05,food_service,3085.8,22.87,24,1801.616,BDG2 v1.0
Hog_food_Morgan,2016-09-06,food_service,3085.8,23.92,24,1930.525,BDG2 v1.0
Hog_food_Morgan,2016-09-07,food_service,3085.8,22.01,24,1988.500,BDG2 v1.0
Hog_food_Morgan,2016-09-08,food_service,3085.8,21.53,24,1940.202,BDG2 v1.0
Hog_food_Morgan,2016-09-09,food_service,3085.8,19.74,24,1874.430,BDG2 v1.0
Hog_food_Morgan,2016-09-10,food_service,3085.8,18.13,24,1802.349,BDG2 v1.0
Hog_food_Morgan,2016-09-11,food_service,3085.8,20.06,24,1815.147,BDG2 v1.0
Hog_food_Morgan,2016-09-12,food_service,3085.8,21.18,24,1947.258,BDG2 v1.0
Hog_food_Morgan,2016-09-13,food_service,3085.8,16.35,24,1934.411,BDG2 v1.0
Hog_food_Morgan,2016-09-14,food_service,3085.8,14.98,24,1957.186,BDG2 v1.0
Hog_food_Morgan,2016-09-15,food_service,3085.8,18.05,24,1906.588,BDG2 v1.0
Hog_food_Morgan,2016-09-16,food_service,3085.8,19.98,24,1884.282,BDG2 v1.0
Hog_food_Morgan,2016-09-17,food_service,3085.8,18.06,24,1705.850,BDG2 v1.0
Hog_food_Morgan,2016-09-18,food_service,3085.8,20.74,24,2023.254,BDG2 v1.0
Hog_food_Morgan,2016-09-19,food_service,3085.8,21.43,24,1916.872,BDG2 v1.0
Hog_food_Morgan,2016-09-20,food_service,3085.8,19.93,24,1921.571,BDG2 v1.0
Hog_food_Morgan,2016-09-21,food_service,3085.8,19.46,24,1807.046,BDG2 v1.0
Hog_food_Morgan,2016-09-22,food_service,3085.8,19.05,24,1802.913,BDG2 v1.0
Hog_food_Morgan,2016-09-23,food_service,3085.8,17.70,24,1762.284,BDG2 v1.0
Hog_food_Morgan,2016-09-24,food_service,3085.8,19.28,24,1663.219,BDG2 v1.0
Hog_food_Morgan,2016-09-25,food_service,3085.8,17.59,24,1745.516,BDG2 v1.0
Hog_food_Morgan,2016-09-26,food_service,3085.8,14.25,24,1804.185,BDG2 v1.0
Hog_food_Morgan,2016-09-27,food_service,3085.8,11.83,24,1792.507,BDG2 v1.0
Hog_food_Morgan,2016-09-28,food_service,3085.8,13.01,24,1807.977,BDG2 v1.0
Hog_food_Morgan,2016-09-29,food_service,3085.8,13.79,24,1783.652,BDG2 v1.0
Hog_food_Morgan,2016-09-30,food_service,3085.8,15.49,24,1719.772,BDG2 v1.0
Hog_food_Morgan,2016-10-01,food_service,3085.8,16.90,24,1694.301,BDG2 v1.0
Hog_food_Morgan,2016-10-02,food_service,3085.8,17.15,24,1732.821,BDG2 v1.0
Hog_food_Morgan,2016-10-03,food_service,3085.8,17.75,24,1803.135,BDG2 v1.0
Hog_food_Morgan,2016-10-04,food_service,3085.8,18.21,24,1743.172,BDG2 v1.0
Hog_food_Morgan,2016-10-05,food_service,3085.8,15.85,24,1737.326,BDG2 v1.0
Hog_food_Morgan,2016-10-06,food_service,3085.8,12.22,24,1763.404,BDG2 v1.0
Hog_food_Morgan,2016-10-07,food_service,3085.8,6.61,24,1695.182,BDG2 v1.0
Hog_food_Morgan,2016-10-08,food_service,3085.8,6.23,24,1572.429,BDG2 v1.0
Hog_food_Morgan,2016-10-09,food_service,3085.8,8.72,24,1645.082,BDG2 v1.0
Hog_food_Morgan,2016-10-10,food_service,3085.8,15.92,24,1752.148,BDG2 v1.0
Hog_food_Morgan,2016-10-11,food_service,3085.8,16.41,24,1771.447,BDG2 v1.0
Hog_food_Morgan,2016-10-12,food_service,3085.8,7.16,24,1769.760,BDG2 v1.0
Hog_food_Morgan,2016-10-13,food_service,3085.8,7.29,24,1705.180,BDG2 v1.0
Hog_food_Morgan,2016-10-14,food_service,3085.8,11.75,24,1649.980,BDG2 v1.0
Hog_food_Morgan,2016-10-15,food_service,3085.8,18.08,24,1603.524,BDG2 v1.0
Hog_food_Morgan,2016-10-16,food_service,3085.8,14.17,24,1687.459,BDG2 v1.0
Hog_food_Morgan,2016-10-17,food_service,3085.8,18.22,24,1756.456,BDG2 v1.0
Hog_food_Morgan,2016-10-18,food_service,3085.8,14.11,24,1754.346,BDG2 v1.0
Hog_food_Morgan,2016-10-19,food_service,3085.8,9.76,24,1761.111,BDG2 v1.0
Hog_food_Morgan,2016-10-20,food_service,3085.8,7.11,24,1765.886,BDG2 v1.0
Hog_food_Morgan,2016-10-21,food_service,3085.8,7.96,24,1699.190,BDG2 v1.0
Hog_food_Morgan,2016-10-22,food_service,3085.8,10.46,24,1636.107,BDG2 v1.0
Hog_food_Morgan,2016-10-23,food_service,3085.8,10.00,24,1705.757,BDG2 v1.0
Hog_food_Morgan,2016-10-24,food_service,3085.8,7.88,24,1819.800,BDG2 v1.0
Hog_food_Morgan,2016-10-25,food_service,3085.8,7.66,24,1810.688,BDG2 v1.0
Hog_food_Morgan,2016-10-26,food_service,3085.8,7.08,24,1844.563,BDG2 v1.0
Hog_food_Morgan,2016-10-27,food_service,3085.8,7.45,24,1885.717,BDG2 v1.0
Hog_food_Morgan,2016-10-28,food_service,3085.8,13.86,24,1790.030,BDG2 v1.0
Hog_food_Morgan,2016-10-29,food_service,3085.8,11.34,24,1769.687,BDG2 v1.0
Hog_food_Morgan,2016-10-30,food_service,3085.8,6.94,24,1798.868,BDG2 v1.0
Hog_food_Morgan,2016-10-31,food_service,3085.8,9.77,24,1841.694,BDG2 v1.0
Hog_food_Morgan,2016-11-01,food_service,3085.8,12.80,24,1855.406,BDG2 v1.0
Hog_food_Morgan,2016-11-02,food_service,3085.8,10.40,24,1869.227,BDG2 v1.0
Hog_food_Morgan,2016-11-03,food_service,3085.8,11.83,24,1857.543,BDG2 v1.0
Hog_food_Morgan,2016-11-04,food_service,3085.8,12.07,24,1797.020,BDG2 v1.0
Hog_food_Morgan,2016-11-05,food_service,3085.8,13.52,24,1729.696,BDG2 v1.0
Hog_food_Morgan,2016-11-06,food_service,3085.8,13.76,24,1857.136,BDG2 v1.0
Hog_food_Morgan,2016-11-07,food_service,3085.8,12.65,24,1815.690,BDG2 v1.0
Hog_food_Morgan,2016-11-08,food_service,3085.8,9.92,24,1868.941,BDG2 v1.0
Hog_food_Morgan,2016-11-09,food_service,3085.8,9.10,24,1834.704,BDG2 v1.0
Hog_food_Morgan,2016-11-10,food_service,3085.8,12.43,24,1889.888,BDG2 v1.0
Hog_food_Morgan,2016-11-11,food_service,3085.8,6.76,24,1791.115,BDG2 v1.0
Hog_food_Morgan,2016-11-12,food_service,3085.8,6.55,24,1688.301,BDG2 v1.0
Hog_food_Morgan,2016-11-13,food_service,3085.8,10.24,24,1734.610,BDG2 v1.0
Hog_food_Morgan,2016-11-14,food_service,3085.8,7.88,24,1837.374,BDG2 v1.0
Hog_food_Morgan,2016-11-15,food_service,3085.8,7.28,24,1886.486,BDG2 v1.0
Hog_food_Morgan,2016-11-16,food_service,3085.8,9.20,24,1846.203,BDG2 v1.0
Hog_food_Morgan,2016-11-17,food_service,3085.8,10.69,24,1818.294,BDG2 v1.0
Hog_food_Morgan,2016-11-18,food_service,3085.8,4.73,24,1762.253,BDG2 v1.0
Hog_food_Morgan,2016-11-19,food_service,3085.8,-2.16,24,1639.777,BDG2 v1.0
Hog_food_Morgan,2016-11-20,food_service,3085.8,-3.23,24,1712.026,BDG2 v1.0
Hog_food_Morgan,2016-11-21,food_service,3085.8,-1.04,24,1837.234,BDG2 v1.0
Hog_food_Morgan,2016-11-22,food_service,3085.8,1.07,24,1764.003,BDG2 v1.0
Hog_food_Morgan,2016-11-23,food_service,3085.8,1.20,24,1448.569,BDG2 v1.0
Hog_food_Morgan,2016-11-24,food_service,3085.8,1.58,24,1030.254,BDG2 v1.0
Hog_food_Morgan,2016-11-25,food_service,3085.8,1.33,24,1049.315,BDG2 v1.0
Hog_food_Morgan,2016-11-26,food_service,3085.8,2.45,24,1089.021,BDG2 v1.0
Hog_food_Morgan,2016-11-27,food_service,3085.8,2.34,24,1597.403,BDG2 v1.0
Hog_food_Morgan,2016-11-28,food_service,3085.8,8.78,24,1791.850,BDG2 v1.0
Hog_food_Morgan,2016-11-29,food_service,3085.8,2.44,24,1834.502,BDG2 v1.0
Hog_food_Morgan,2016-11-30,food_service,3085.8,2.77,24,1901.764,BDG2 v1.0
Hog_food_Morgan,2016-12-01,food_service,3085.8,2.13,24,1911.756,BDG2 v1.0
Hog_food_Morgan,2016-12-02,food_service,3085.8,-0.17,24,1879.241,BDG2 v1.0
Hog_food_Morgan,2016-12-03,food_service,3085.8,-0.92,24,1813.782,BDG2 v1.0
Hog_food_Morgan,2016-12-04,food_service,3085.8,1.18,24,1881.857,BDG2 v1.0
Hog_food_Morgan,2016-12-05,food_service,3085.8,1.40,24,1948.110,BDG2 v1.0
Hog_food_Morgan,2016-12-06,food_service,3085.8,-4.03,24,1962.546,BDG2 v1.0
Hog_food_Morgan,2016-12-07,food_service,3085.8,-7.87,24,1922.637,BDG2 v1.0
Hog_food_Morgan,2016-12-08,food_service,3085.8,-6.80,24,1923.288,BDG2 v1.0
Hog_food_Morgan,2016-12-09,food_service,3085.8,-9.42,24,1916.127,BDG2 v1.0
Hog_food_Morgan,2016-12-10,food_service,3085.8,-12.83,24,1820.987,BDG2 v1.0
Hog_food_Morgan,2016-12-11,food_service,3085.8,-8.11,24,1847.486,BDG2 v1.0
Hog_food_Morgan,2016-12-12,food_service,3085.8,-15.21,24,1986.500,BDG2 v1.0
Hog_food_Morgan,2016-12-13,food_service,3085.8,-16.69,24,1989.620,BDG2 v1.0
Hog_food_Morgan,2016-12-14,food_service,3085.8,-15.24,24,2032.966,BDG2 v1.0
Hog_food_Morgan,2016-12-15,food_service,3085.8,-19.03,24,2058.574,BDG2 v1.0
Hog_food_Morgan,2016-12-16,food_service,3085.8,-12.70,24,1883.974,BDG2 v1.0
Hog_food_Morgan,2016-12-17,food_service,3085.8,-15.56,24,1856.237,BDG2 v1.0
Hog_food_Morgan,2016-12-18,food_service,3085.8,-24.29,24,1891.234,BDG2 v1.0
Hog_food_Morgan,2016-12-19,food_service,3085.8,-9.59,24,2099.745,BDG2 v1.0
Hog_food_Morgan,2016-12-20,food_service,3085.8,-0.83,24,1931.442,BDG2 v1.0
Hog_food_Morgan,2016-12-21,food_service,3085.8,0.61,24,1902.597,BDG2 v1.0
Hog_food_Morgan,2016-12-22,food_service,3085.8,-1.51,24,1705.969,BDG2 v1.0
Hog_food_Morgan,2016-12-23,food_service,3085.8,1.33,24,1156.774,BDG2 v1.0
Hog_food_Morgan,2016-12-24,food_service,3085.8,1.00,24,1176.403,BDG2 v1.0
Hog_food_Morgan,2016-12-25,food_service,3085.8,0.95,24,1176.704,BDG2 v1.0
Hog_food_Morgan,2016-12-26,food_service,3085.8,-4.02,24,1140.549,BDG2 v1.0
Hog_food_Morgan,2016-12-27,food_service,3085.8,-6.48,24,1112.464,BDG2 v1.0
Hog_food_Morgan,2016-12-28,food_service,3085.8,-1.55,24,1111.067,BDG2 v1.0
Hog_food_Morgan,2016-12-29,food_service,3085.8,-1.65,24,1157.110,BDG2 v1.0
Hog_food_Morgan,2016-12-30,food_service,3085.8,-4.26,24,1189.922,BDG2 v1.0
Hog_food_Morgan,2016-12-31,food_service,3085.8,-3.66,24,1186.383,BDG2 v1.0
Hog_food_Morgan,2017-01-01,food_service,3085.8,-2.70,24,1187.829,BDG2 v1.0
Hog_food_Morgan,2017-01-02,food_service,3085.8,-0.93,24,1185.067,BDG2 v1.0
Hog_food_Morgan,2017-01-03,food_service,3085.8,-8.43,24,1173.009,BDG2 v1.0
Hog_food_Morgan,2017-01-04,food_service,3085.8,-18.11,24,1150.136,BDG2 v1.0
Hog_food_Morgan,2017-01-05,food_service,3085.8,-19.07,24,1148.157,BDG2 v1.0
Hog_food_Morgan,2017-01-06,food_service,3085.8,-19.28,24,1135.064,BDG2 v1.0
Hog_food_Morgan,2017-01-07,food_service,3085.8,-16.13,24,1103.909,BDG2 v1.0
Hog_food_Morgan,2017-01-08,food_service,3085.8,-14.49,24,1108.086,BDG2 v1.0
Hog_food_Morgan,2017-01-09,food_service,3085.8,-6.18,24,1152.548,BDG2 v1.0
Hog_food_Morgan,2017-01-10,food_service,3085.8,-6.99,24,1128.903,BDG2 v1.0
Hog_food_Morgan,2017-01-11,food_service,3085.8,-14.15,24,1127.273,BDG2 v1.0
Hog_food_Morgan,2017-01-12,food_service,3085.8,-14.79,24,1164.789,BDG2 v1.0
Hog_food_Morgan,2017-01-13,food_service,3085.8,-17.73,24,1245.659,BDG2 v1.0
Hog_food_Morgan,2017-01-14,food_service,3085.8,-10.53,24,1668.574,BDG2 v1.0
Hog_food_Morgan,2017-01-15,food_service,3085.8,-8.45,24,1766.545,BDG2 v1.0
Hog_food_Morgan,2017-01-16,food_service,3085.8,-4.15,24,1741.280,BDG2 v1.0
Hog_food_Morgan,2017-01-17,food_service,3085.8,-0.18,24,1952.514,BDG2 v1.0
Hog_food_Morgan,2017-01-18,food_service,3085.8,0.76,24,1921.927,BDG2 v1.0
Hog_food_Morgan,2017-01-19,food_service,3085.8,1.27,24,1947.028,BDG2 v1.0
Hog_food_Morgan,2017-01-20,food_service,3085.8,1.89,24,1915.815,BDG2 v1.0
Hog_food_Morgan,2017-01-21,food_service,3085.8,2.33,24,1761.673,BDG2 v1.0
Hog_food_Morgan,2017-01-22,food_service,3085.8,2.60,24,1786.006,BDG2 v1.0
Hog_food_Morgan,2017-01-23,food_service,3085.8,1.07,24,1941.067,BDG2 v1.0
Hog_food_Morgan,2017-01-24,food_service,3085.8,0.20,24,1908.285,BDG2 v1.0
Hog_food_Morgan,2017-01-25,food_service,3085.8,-1.17,24,1864.454,BDG2 v1.0
Hog_food_Morgan,2017-01-26,food_service,3085.8,-2.55,24,1883.402,BDG2 v1.0
Hog_food_Morgan,2017-01-27,food_service,3085.8,-4.27,24,1759.340,BDG2 v1.0
Hog_food_Morgan,2017-01-28,food_service,3085.8,-3.47,24,1678.474,BDG2 v1.0
Hog_food_Morgan,2017-01-29,food_service,3085.8,-4.00,24,1782.587,BDG2 v1.0
Hog_food_Morgan,2017-01-30,food_service,3085.8,-1.69,24,1863.893,BDG2 v1.0
Hog_food_Morgan,2017-01-31,food_service,3085.8,1.70,24,1913.398,BDG2 v1.0
Hog_food_Morgan,2017-02-01,food_service,3085.8,-7.73,24,1884.416,BDG2 v1.0
Hog_food_Morgan,2017-02-02,food_service,3085.8,-10.96,24,1896.382,BDG2 v1.0
Hog_food_Morgan,2017-02-03,food_service,3085.8,-9.55,24,1813.335,BDG2 v1.0
Hog_food_Morgan,2017-02-04,food_service,3085.8,-3.15,24,1744.555,BDG2 v1.0
Hog_food_Morgan,2017-02-05,food_service,3085.8,-4.40,24,1756.202,BDG2 v1.0
Hog_food_Morgan,2017-02-06,food_service,3085.8,-3.25,24,1939.265,BDG2 v1.0
Hog_food_Morgan,2017-02-07,food_service,3085.8,-4.49,24,1999.491,BDG2 v1.0
Hog_food_Morgan,2017-02-08,food_service,3085.8,-13.27,24,1977.817,BDG2 v1.0
Hog_food_Morgan,2017-02-09,food_service,3085.8,-11.07,24,2097.805,BDG2 v1.0
Hog_food_Morgan,2017-02-10,food_service,3085.8,0.51,24,1982.200,BDG2 v1.0
Hog_food_Morgan,2017-02-11,food_service,3085.8,4.35,24,1935.904,BDG2 v1.0
Hog_food_Morgan,2017-02-12,food_service,3085.8,1.67,24,1921.978,BDG2 v1.0
Hog_food_Morgan,2017-02-13,food_service,3085.8,3.15,24,2045.666,BDG2 v1.0
Hog_food_Morgan,2017-02-14,food_service,3085.8,1.79,24,2039.753,BDG2 v1.0
Hog_food_Morgan,2017-02-15,food_service,3085.8,-2.47,24,2065.917,BDG2 v1.0
Hog_food_Morgan,2017-02-16,food_service,3085.8,0.91,24,1996.530,BDG2 v1.0
Hog_food_Morgan,2017-02-17,food_service,3085.8,6.87,24,1929.328,BDG2 v1.0
Hog_food_Morgan,2017-02-18,food_service,3085.8,8.10,24,1943.084,BDG2 v1.0
Hog_food_Morgan,2017-02-19,food_service,3085.8,7.88,24,1986.649,BDG2 v1.0
Hog_food_Morgan,2017-02-20,food_service,3085.8,10.19,24,2092.926,BDG2 v1.0
Hog_food_Morgan,2017-02-21,food_service,3085.8,8.17,24,2128.668,BDG2 v1.0
Hog_food_Morgan,2017-02-22,food_service,3085.8,7.70,24,2030.014,BDG2 v1.0
Hog_food_Morgan,2017-02-23,food_service,3085.8,0.93,24,2072.801,BDG2 v1.0
Hog_food_Morgan,2017-02-24,food_service,3085.8,-3.54,24,1924.828,BDG2 v1.0
Hog_food_Morgan,2017-02-25,food_service,3085.8,-4.63,24,1874.544,BDG2 v1.0
Hog_food_Morgan,2017-02-26,food_service,3085.8,-1.20,24,1949.092,BDG2 v1.0
Hog_food_Morgan,2017-02-27,food_service,3085.8,1.21,24,2080.289,BDG2 v1.0
Hog_food_Morgan,2017-02-28,food_service,3085.8,3.87,24,2091.551,BDG2 v1.0
Hog_food_Morgan,2017-03-01,food_service,3085.8,-1.13,24,2093.920,BDG2 v1.0
Hog_food_Morgan,2017-03-02,food_service,3085.8,-4.89,24,2109.888,BDG2 v1.0
Hog_food_Morgan,2017-03-03,food_service,3085.8,-5.66,24,2005.548,BDG2 v1.0
Hog_food_Morgan,2017-03-04,food_service,3085.8,0.83,24,1880.706,BDG2 v1.0
Hog_food_Morgan,2017-03-05,food_service,3085.8,8.15,24,1925.509,BDG2 v1.0
Hog_food_Morgan,2017-03-06,food_service,3085.8,12.27,24,2009.505,BDG2 v1.0
Hog_food_Morgan,2017-03-07,food_service,3085.8,3.52,24,2037.025,BDG2 v1.0
Hog_food_Morgan,2017-03-08,food_service,3085.8,-1.34,24,2042.882,BDG2 v1.0
Hog_food_Morgan,2017-03-09,food_service,3085.8,-3.31,24,2018.708,BDG2 v1.0
Hog_food_Morgan,2017-03-10,food_service,3085.8,-10.71,24,1780.184,BDG2 v1.0
Hog_food_Morgan,2017-03-11,food_service,3085.8,-9.87,24,1268.203,BDG2 v1.0
Hog_food_Morgan,2017-03-12,food_service,3085.8,-8.10,24,1206.446,BDG2 v1.0
Hog_food_Morgan,2017-03-13,food_service,3085.8,-6.61,24,1257.863,BDG2 v1.0
Hog_food_Morgan,2017-03-14,food_service,3085.8,-7.15,24,1296.931,BDG2 v1.0
Hog_food_Morgan,2017-03-15,food_service,3085.8,-5.43,24,1274.720,BDG2 v1.0
Hog_food_Morgan,2017-03-16,food_service,3085.8,-0.98,24,1312.992,BDG2 v1.0
Hog_food_Morgan,2017-03-17,food_service,3085.8,2.68,24,1278.020,BDG2 v1.0
Hog_food_Morgan,2017-03-18,food_service,3085.8,1.43,24,1291.905,BDG2 v1.0
Hog_food_Morgan,2017-03-19,food_service,3085.8,4.76,24,1748.995,BDG2 v1.0
Hog_food_Morgan,2017-03-20,food_service,3085.8,7.55,24,1938.201,BDG2 v1.0
Hog_food_Morgan,2017-03-21,food_service,3085.8,0.80,24,1802.255,BDG2 v1.0
Hog_food_Morgan,2017-03-22,food_service,3085.8,-0.70,24,1846.923,BDG2 v1.0
Hog_food_Morgan,2017-03-23,food_service,3085.8,3.36,24,1842.945,BDG2 v1.0
Hog_food_Morgan,2017-03-24,food_service,3085.8,4.67,24,1740.932,BDG2 v1.0
Hog_food_Morgan,2017-03-25,food_service,3085.8,4.19,24,1678.339,BDG2 v1.0
Hog_food_Morgan,2017-03-26,food_service,3085.8,4.10,24,1717.026,BDG2 v1.0
Hog_food_Morgan,2017-03-27,food_service,3085.8,7.84,24,1841.207,BDG2 v1.0
Hog_food_Morgan,2017-03-28,food_service,3085.8,10.14,24,1945.783,BDG2 v1.0
Hog_food_Morgan,2017-03-29,food_service,3085.8,8.03,24,1839.079,BDG2 v1.0
Hog_food_Morgan,2017-03-30,food_service,3085.8,6.29,24,1853.102,BDG2 v1.0
Hog_food_Morgan,2017-03-31,food_service,3085.8,7.19,24,1782.102,BDG2 v1.0
Hog_food_Morgan,2017-04-01,food_service,3085.8,10.87,24,1696.130,BDG2 v1.0
Hog_food_Morgan,2017-04-02,food_service,3085.8,9.95,24,1774.455,BDG2 v1.0
Hog_food_Morgan,2017-04-03,food_service,3085.8,9.45,24,1875.426,BDG2 v1.0
Hog_food_Morgan,2017-04-04,food_service,3085.8,11.56,24,1938.870,BDG2 v1.0
Hog_food_Morgan,2017-04-05,food_service,3085.8,8.42,24,1930.592,BDG2 v1.0
Hog_food_Morgan,2017-04-06,food_service,3085.8,7.52,24,1868.692,BDG2 v1.0
Hog_food_Morgan,2017-04-07,food_service,3085.8,8.47,24,1746.536,BDG2 v1.0
Hog_food_Morgan,2017-04-08,food_service,3085.8,14.74,24,1636.963,BDG2 v1.0
Hog_food_Morgan,2017-04-09,food_service,3085.8,16.85,24,1752.291,BDG2 v1.0
Hog_food_Morgan,2017-04-10,food_service,3085.8,6.80,24,1852.136,BDG2 v1.0
Hog_food_Morgan,2017-04-11,food_service,3085.8,5.03,24,1848.150,BDG2 v1.0
Hog_food_Morgan,2017-04-12,food_service,3085.8,8.95,24,1906.752,BDG2 v1.0
Hog_food_Morgan,2017-04-13,food_service,3085.8,9.84,24,1955.974,BDG2 v1.0
Hog_food_Morgan,2017-04-14,food_service,3085.8,12.91,24,1733.958,BDG2 v1.0
Hog_food_Morgan,2017-04-15,food_service,3085.8,16.45,24,1598.870,BDG2 v1.0
Hog_food_Morgan,2017-04-16,food_service,3085.8,13.64,24,1648.213,BDG2 v1.0
Hog_food_Morgan,2017-04-17,food_service,3085.8,11.43,24,1859.034,BDG2 v1.0
Hog_food_Morgan,2017-04-18,food_service,3085.8,12.16,24,1825.133,BDG2 v1.0
Hog_food_Morgan,2017-04-19,food_service,3085.8,8.34,24,1942.767,BDG2 v1.0
Hog_food_Morgan,2017-04-20,food_service,3085.8,7.07,24,1863.723,BDG2 v1.0
Hog_food_Morgan,2017-04-21,food_service,3085.8,10.60,24,1803.711,BDG2 v1.0
Hog_food_Morgan,2017-04-22,food_service,3085.8,13.85,24,1593.350,BDG2 v1.0
Hog_food_Morgan,2017-04-23,food_service,3085.8,14.68,24,1666.672,BDG2 v1.0
Hog_food_Morgan,2017-04-24,food_service,3085.8,16.16,24,1879.325,BDG2 v1.0
Hog_food_Morgan,2017-04-25,food_service,3085.8,13.38,24,1746.703,BDG2 v1.0
Hog_food_Morgan,2017-04-26,food_service,3085.8,4.39,24,1758.129,BDG2 v1.0
Hog_food_Morgan,2017-04-27,food_service,3085.8,1.32,24,1684.697,BDG2 v1.0
Hog_food_Morgan,2017-04-28,food_service,3085.8,5.81,24,1730.270,BDG2 v1.0
Hog_food_Morgan,2017-04-29,food_service,3085.8,8.50,24,1552.752,BDG2 v1.0
Hog_food_Morgan,2017-04-30,food_service,3085.8,7.08,24,1504.481,BDG2 v1.0
Hog_food_Morgan,2017-05-01,food_service,3085.8,3.72,24,1719.917,BDG2 v1.0
Hog_food_Morgan,2017-05-02,food_service,3085.8,9.72,24,1723.041,BDG2 v1.0
Hog_food_Morgan,2017-05-03,food_service,3085.8,13.40,24,1855.233,BDG2 v1.0
Hog_food_Morgan,2017-05-04,food_service,3085.8,14.80,24,1791.290,BDG2 v1.0
Hog_food_Morgan,2017-05-05,food_service,3085.8,17.17,24,1706.535,BDG2 v1.0
Hog_food_Morgan,2017-05-06,food_service,3085.8,14.61,24,1563.956,BDG2 v1.0
Hog_food_Morgan,2017-05-07,food_service,3085.8,13.87,24,1647.330,BDG2 v1.0
Hog_food_Morgan,2017-05-08,food_service,3085.8,14.69,24,1723.987,BDG2 v1.0
Hog_food_Morgan,2017-05-09,food_service,3085.8,15.75,24,1725.397,BDG2 v1.0
Hog_food_Morgan,2017-05-10,food_service,3085.8,16.37,24,1722.237,BDG2 v1.0
Hog_food_Morgan,2017-05-11,food_service,3085.8,14.58,24,1719.276,BDG2 v1.0
Hog_food_Morgan,2017-05-12,food_service,3085.8,17.27,24,1691.933,BDG2 v1.0
Hog_food_Morgan,2017-05-13,food_service,3085.8,20.81,24,1437.814,BDG2 v1.0
Hog_food_Morgan,2017-05-14,food_service,3085.8,21.94,24,975.591,BDG2 v1.0
Hog_food_Morgan,2017-05-15,food_service,3085.8,18.56,24,957.214,BDG2 v1.0
Hog_food_Morgan,2017-05-16,food_service,3085.8,21.58,24,799.340,BDG2 v1.0
Hog_food_Morgan,2017-05-17,food_service,3085.8,18.09,24,799.274,BDG2 v1.0
Hog_food_Morgan,2017-05-18,food_service,3085.8,10.89,24,825.926,BDG2 v1.0
Hog_food_Morgan,2017-05-19,food_service,3085.8,9.79,24,847.042,BDG2 v1.0
Hog_food_Morgan,2017-05-20,food_service,3085.8,8.42,24,726.430,BDG2 v1.0
Hog_food_Morgan,2017-05-21,food_service,3085.8,9.65,24,714.381,BDG2 v1.0
Hog_food_Morgan,2017-05-22,food_service,3085.8,13.15,24,753.315,BDG2 v1.0
Hog_food_Morgan,2017-05-23,food_service,3085.8,13.20,24,796.561,BDG2 v1.0
Hog_food_Morgan,2017-05-24,food_service,3085.8,12.68,24,858.477,BDG2 v1.0
Hog_food_Morgan,2017-05-25,food_service,3085.8,16.19,24,902.950,BDG2 v1.0
Hog_food_Morgan,2017-05-26,food_service,3085.8,20.12,24,821.431,BDG2 v1.0
Hog_food_Morgan,2017-05-27,food_service,3085.8,18.57,24,740.640,BDG2 v1.0
Hog_food_Morgan,2017-05-28,food_service,3085.8,17.82,24,735.580,BDG2 v1.0
Hog_food_Morgan,2017-05-29,food_service,3085.8,14.90,24,734.114,BDG2 v1.0
Hog_food_Morgan,2017-05-30,food_service,3085.8,13.25,24,794.770,BDG2 v1.0
Hog_food_Morgan,2017-05-31,food_service,3085.8,17.40,24,755.512,BDG2 v1.0
Hog_food_Morgan,2017-06-01,food_service,3085.8,18.92,24,684.565,BDG2 v1.0
Hog_food_Morgan,2017-06-02,food_service,3085.8,23.82,24,714.681,BDG2 v1.0
Hog_food_Morgan,2017-06-03,food_service,3085.8,27.43,24,712.873,BDG2 v1.0
Hog_food_Morgan,2017-06-04,food_service,3085.8,25.51,24,708.190,BDG2 v1.0
Hog_food_Morgan,2017-06-05,food_service,3085.8,22.02,24,738.695,BDG2 v1.0
Hog_food_Morgan,2017-06-06,food_service,3085.8,21.79,24,737.362,BDG2 v1.0
Hog_food_Morgan,2017-06-07,food_service,3085.8,24.49,24,742.546,BDG2 v1.0
Hog_food_Morgan,2017-06-08,food_service,3085.8,24.77,24,759.600,BDG2 v1.0
Hog_food_Morgan,2017-06-09,food_service,3085.8,24.21,24,759.816,BDG2 v1.0
Hog_food_Morgan,2017-06-10,food_service,3085.8,29.37,24,730.419,BDG2 v1.0
Hog_food_Morgan,2017-06-11,food_service,3085.8,22.28,24,717.582,BDG2 v1.0
Hog_food_Morgan,2017-06-12,food_service,3085.8,22.12,24,760.983,BDG2 v1.0
Hog_food_Morgan,2017-06-13,food_service,3085.8,25.58,24,763.176,BDG2 v1.0
Hog_food_Morgan,2017-06-14,food_service,3085.8,23.99,24,749.747,BDG2 v1.0
Hog_food_Morgan,2017-06-15,food_service,3085.8,25.05,24,744.305,BDG2 v1.0
Hog_food_Morgan,2017-06-16,food_service,3085.8,24.19,24,737.439,BDG2 v1.0
Hog_food_Morgan,2017-06-17,food_service,3085.8,22.52,24,698.540,BDG2 v1.0
Hog_food_Morgan,2017-06-18,food_service,3085.8,19.10,24,691.255,BDG2 v1.0
Hog_food_Morgan,2017-06-19,food_service,3085.8,19.54,24,721.921,BDG2 v1.0
Hog_food_Morgan,2017-06-20,food_service,3085.8,19.93,24,720.690,BDG2 v1.0
Hog_food_Morgan,2017-06-21,food_service,3085.8,21.76,24,716.645,BDG2 v1.0
Hog_food_Morgan,2017-06-22,food_service,3085.8,20.86,24,751.047,BDG2 v1.0
Hog_food_Morgan,2017-06-23,food_service,3085.8,18.73,24,735.407,BDG2 v1.0
Hog_food_Morgan,2017-06-24,food_service,3085.8,15.84,24,678.432,BDG2 v1.0
Hog_food_Morgan,2017-06-25,food_service,3085.8,15.80,24,670.942,BDG2 v1.0
Hog_food_Morgan,2017-06-26,food_service,3085.8,16.77,24,708.895,BDG2 v1.0
Hog_food_Morgan,2017-06-27,food_service,3085.8,19.54,24,715.104,BDG2 v1.0
Hog_food_Morgan,2017-06-28,food_service,3085.8,21.71,24,717.623,BDG2 v1.0
Hog_food_Morgan,2017-06-29,food_service,3085.8,21.27,24,735.247,BDG2 v1.0
Hog_food_Morgan,2017-06-30,food_service,3085.8,21.35,24,732.043,BDG2 v1.0
Hog_food_Morgan,2017-07-01,food_service,3085.8,20.78,24,725.728,BDG2 v1.0
Hog_food_Morgan,2017-07-02,food_service,3085.8,22.68,24,725.528,BDG2 v1.0
Hog_food_Morgan,2017-07-03,food_service,3085.8,22.80,24,746.941,BDG2 v1.0
Hog_food_Morgan,2017-07-04,food_service,3085.8,24.95,24,735.116,BDG2 v1.0
Hog_food_Morgan,2017-07-05,food_service,3085.8,27.52,24,762.910,BDG2 v1.0
Hog_food_Morgan,2017-07-06,food_service,3085.8,28.56,24,783.079,BDG2 v1.0
Hog_food_Morgan,2017-07-07,food_service,3085.8,24.15,24,787.927,BDG2 v1.0
Hog_food_Morgan,2017-07-08,food_service,3085.8,23.22,24,674.929,BDG2 v1.0
Hog_food_Morgan,2017-07-09,food_service,3085.8,23.78,24,671.367,BDG2 v1.0
Hog_food_Morgan,2017-07-10,food_service,3085.8,24.51,24,941.544,BDG2 v1.0
Hog_food_Morgan,2017-07-11,food_service,3085.8,25.26,24,1289.047,BDG2 v1.0
Hog_food_Morgan,2017-07-12,food_service,3085.8,25.98,24,1228.363,BDG2 v1.0
Hog_food_Morgan,2017-07-13,food_service,3085.8,18.75,24,1220.680,BDG2 v1.0
Hog_food_Morgan,2017-07-14,food_service,3085.8,20.05,24,1193.286,BDG2 v1.0
Hog_food_Morgan,2017-07-15,food_service,3085.8,25.80,24,1086.071,BDG2 v1.0
Hog_food_Morgan,2017-07-16,food_service,3085.8,24.97,24,1078.193,BDG2 v1.0
Hog_food_Morgan,2017-07-17,food_service,3085.8,26.15,24,1431.987,BDG2 v1.0
Hog_food_Morgan,2017-07-18,food_service,3085.8,24.17,24,1674.154,BDG2 v1.0
Hog_food_Morgan,2017-07-19,food_service,3085.8,21.71,24,1748.944,BDG2 v1.0
Hog_food_Morgan,2017-07-20,food_service,3085.8,25.43,24,1497.559,BDG2 v1.0
Hog_food_Morgan,2017-07-21,food_service,3085.8,24.28,24,1211.551,BDG2 v1.0
Hog_food_Morgan,2017-07-22,food_service,3085.8,26.43,24,1159.226,BDG2 v1.0
Hog_food_Morgan,2017-07-23,food_service,3085.8,22.59,24,1144.156,BDG2 v1.0
Hog_food_Morgan,2017-07-24,food_service,3085.8,20.75,24,1297.220,BDG2 v1.0
Hog_food_Morgan,2017-07-25,food_service,3085.8,23.66,24,1370.650,BDG2 v1.0
Hog_food_Morgan,2017-07-26,food_service,3085.8,25.10,24,1370.111,BDG2 v1.0
Hog_food_Morgan,2017-07-27,food_service,3085.8,24.66,24,1357.779,BDG2 v1.0
Hog_food_Morgan,2017-07-28,food_service,3085.8,24.07,24,1351.310,BDG2 v1.0
Hog_food_Morgan,2017-07-29,food_service,3085.8,24.30,24,1271.847,BDG2 v1.0
Hog_food_Morgan,2017-07-30,food_service,3085.8,25.00,24,1271.006,BDG2 v1.0
Hog_food_Morgan,2017-07-31,food_service,3085.8,25.53,24,1337.422,BDG2 v1.0
Hog_food_Morgan,2017-08-01,food_service,3085.8,25.30,24,1289.125,BDG2 v1.0
Hog_food_Morgan,2017-08-02,food_service,3085.8,23.89,24,1288.953,BDG2 v1.0
Hog_food_Morgan,2017-08-03,food_service,3085.8,15.62,24,1265.452,BDG2 v1.0
Hog_food_Morgan,2017-08-04,food_service,3085.8,18.78,24,1225.410,BDG2 v1.0
Hog_food_Morgan,2017-08-05,food_service,3085.8,19.35,24,1140.116,BDG2 v1.0
Hog_food_Morgan,2017-08-06,food_service,3085.8,19.45,24,1130.509,BDG2 v1.0
Hog_food_Morgan,2017-08-07,food_service,3085.8,20.85,24,1191.826,BDG2 v1.0
Hog_food_Morgan,2017-08-08,food_service,3085.8,22.94,24,1226.203,BDG2 v1.0
Hog_food_Morgan,2017-08-09,food_service,3085.8,19.74,24,1219.525,BDG2 v1.0
Hog_food_Morgan,2017-08-10,food_service,3085.8,19.08,24,1225.327,BDG2 v1.0
Hog_food_Morgan,2017-08-11,food_service,3085.8,20.25,24,1230.391,BDG2 v1.0
Hog_food_Morgan,2017-08-12,food_service,3085.8,21.11,24,1147.514,BDG2 v1.0
Hog_food_Morgan,2017-08-13,food_service,3085.8,19.03,24,1131.549,BDG2 v1.0
Hog_food_Morgan,2017-08-14,food_service,3085.8,19.35,24,1220.604,BDG2 v1.0
Hog_food_Morgan,2017-08-15,food_service,3085.8,19.82,24,1221.745,BDG2 v1.0
Hog_food_Morgan,2017-08-16,food_service,3085.8,21.24,24,1226.215,BDG2 v1.0
Hog_food_Morgan,2017-08-17,food_service,3085.8,20.55,24,1261.198,BDG2 v1.0
Hog_food_Morgan,2017-08-18,food_service,3085.8,19.07,24,1244.090,BDG2 v1.0
Hog_food_Morgan,2017-08-19,food_service,3085.8,20.87,24,1171.486,BDG2 v1.0
Hog_food_Morgan,2017-08-20,food_service,3085.8,23.91,24,1175.975,BDG2 v1.0
Hog_food_Morgan,2017-08-21,food_service,3085.8,21.61,24,1263.272,BDG2 v1.0
Hog_food_Morgan,2017-08-22,food_service,3085.8,19.83,24,1251.087,BDG2 v1.0
Hog_food_Morgan,2017-08-23,food_service,3085.8,19.42,24,1295.788,BDG2 v1.0
Hog_food_Morgan,2017-08-24,food_service,3085.8,18.68,24,1310.714,BDG2 v1.0
Hog_food_Morgan,2017-08-25,food_service,3085.8,18.12,24,1416.765,BDG2 v1.0
Hog_food_Morgan,2017-08-26,food_service,3085.8,17.70,24,1280.705,BDG2 v1.0
Hog_food_Morgan,2017-08-27,food_service,3085.8,19.35,24,1262.418,BDG2 v1.0
Hog_food_Morgan,2017-08-28,food_service,3085.8,19.20,24,1590.206,BDG2 v1.0
Hog_food_Morgan,2017-08-29,food_service,3085.8,20.60,24,1710.667,BDG2 v1.0
Hog_food_Morgan,2017-08-30,food_service,3085.8,22.06,24,1969.956,BDG2 v1.0
Hog_food_Morgan,2017-08-31,food_service,3085.8,17.39,24,1763.806,BDG2 v1.0
Hog_food_Morgan,2017-09-01,food_service,3085.8,16.95,24,1888.521,BDG2 v1.0
Hog_food_Morgan,2017-09-02,food_service,3085.8,21.35,24,1719.232,BDG2 v1.0
Hog_food_Morgan,2017-09-03,food_service,3085.8,22.61,24,1685.634,BDG2 v1.0
Hog_food_Morgan,2017-09-04,food_service,3085.8,19.07,24,1729.693,BDG2 v1.0
Hog_food_Morgan,2017-09-05,food_service,3085.8,14.06,24,2034.186,BDG2 v1.0
Hog_food_Morgan,2017-09-06,food_service,3085.8,14.95,24,2171.578,BDG2 v1.0
Hog_food_Morgan,2017-09-07,food_service,3085.8,16.41,24,1936.858,BDG2 v1.0
Hog_food_Morgan,2017-09-08,food_service,3085.8,15.48,24,1850.975,BDG2 v1.0
Hog_food_Morgan,2017-09-09,food_service,3085.8,17.78,24,1625.393,BDG2 v1.0
Hog_food_Morgan,2017-09-10,food_service,3085.8,20.51,24,1895.734,BDG2 v1.0
Hog_food_Morgan,2017-09-11,food_service,3085.8,21.53,24,1951.118,BDG2 v1.0
Hog_food_Morgan,2017-09-12,food_service,3085.8,22.92,24,1966.782,BDG2 v1.0
Hog_food_Morgan,2017-09-13,food_service,3085.8,24.32,24,1950.900,BDG2 v1.0
Hog_food_Morgan,2017-09-14,food_service,3085.8,25.18,24,1967.213,BDG2 v1.0
Hog_food_Morgan,2017-09-15,food_service,3085.8,25.20,24,1997.049,BDG2 v1.0
Hog_food_Morgan,2017-09-16,food_service,3085.8,22.34,24,1830.427,BDG2 v1.0
Hog_food_Morgan,2017-09-17,food_service,3085.8,15.03,24,1814.027,BDG2 v1.0
Hog_food_Morgan,2017-09-18,food_service,3085.8,13.75,24,1890.575,BDG2 v1.0
Hog_food_Morgan,2017-09-19,food_service,3085.8,20.24,24,1927.007,BDG2 v1.0
Hog_food_Morgan,2017-09-20,food_service,3085.8,21.51,24,2028.677,BDG2 v1.0
Hog_food_Morgan,2017-09-21,food_service,3085.8,20.73,24,1869.719,BDG2 v1.0
Hog_food_Morgan,2017-09-22,food_service,3085.8,28.06,24,1892.387,BDG2 v1.0
Hog_food_Morgan,2017-09-23,food_service,3085.8,27.64,24,1717.604,BDG2 v1.0
Hog_food_Morgan,2017-09-24,food_service,3085.8,26.55,24,1821.141,BDG2 v1.0
Hog_food_Morgan,2017-09-25,food_service,3085.8,16.86,24,1883.388,BDG2 v1.0
Hog_food_Morgan,2017-09-26,food_service,3085.8,15.37,24,1915.983,BDG2 v1.0
Hog_food_Morgan,2017-09-27,food_service,3085.8,13.75,24,1773.265,BDG2 v1.0
Hog_food_Morgan,2017-09-28,food_service,3085.8,16.47,24,1680.825,BDG2 v1.0
Hog_food_Morgan,2017-09-29,food_service,3085.8,13.84,24,1685.432,BDG2 v1.0
Hog_food_Morgan,2017-09-30,food_service,3085.8,14.47,24,1515.990,BDG2 v1.0
Hog_food_Morgan,2017-10-01,food_service,3085.8,15.29,24,1557.915,BDG2 v1.0
Hog_food_Morgan,2017-10-02,food_service,3085.8,16.81,24,1677.408,BDG2 v1.0
Hog_food_Morgan,2017-10-03,food_service,3085.8,17.43,24,1687.898,BDG2 v1.0
Hog_food_Morgan,2017-10-04,food_service,3085.8,11.64,24,1746.533,BDG2 v1.0
Hog_food_Morgan,2017-10-05,food_service,3085.8,13.47,24,1636.821,BDG2 v1.0
Hog_food_Morgan,2017-10-06,food_service,3085.8,12.73,24,1521.056,BDG2 v1.0
Hog_food_Morgan,2017-10-07,food_service,3085.8,14.60,24,1334.185,BDG2 v1.0
Hog_food_Morgan,2017-10-08,food_service,3085.8,15.44,24,1451.776,BDG2 v1.0
Hog_food_Morgan,2017-10-09,food_service,3085.8,10.09,24,1595.379,BDG2 v1.0
Hog_food_Morgan,2017-10-10,food_service,3085.8,6.72,24,1652.876,BDG2 v1.0
Hog_food_Morgan,2017-10-11,food_service,3085.8,8.57,24,1760.588,BDG2 v1.0
Hog_food_Morgan,2017-10-12,food_service,3085.8,14.28,24,1894.839,BDG2 v1.0
Hog_food_Morgan,2017-10-13,food_service,3085.8,11.97,24,1962.693,BDG2 v1.0
Hog_food_Morgan,2017-10-14,food_service,3085.8,9.97,24,1674.755,BDG2 v1.0
Hog_food_Morgan,2017-10-15,food_service,3085.8,8.36,24,1689.427,BDG2 v1.0
Hog_food_Morgan,2017-10-16,food_service,3085.8,11.25,24,1908.242,BDG2 v1.0
Hog_food_Morgan,2017-10-17,food_service,3085.8,15.29,24,1898.690,BDG2 v1.0
Hog_food_Morgan,2017-10-18,food_service,3085.8,15.32,24,1972.750,BDG2 v1.0
Hog_food_Morgan,2017-10-19,food_service,3085.8,14.40,24,1900.969,BDG2 v1.0
Hog_food_Morgan,2017-10-20,food_service,3085.8,18.11,24,1877.066,BDG2 v1.0
Hog_food_Morgan,2017-10-21,food_service,3085.8,17.29,24,1640.229,BDG2 v1.0
Hog_food_Morgan,2017-10-22,food_service,3085.8,12.64,24,1782.401,BDG2 v1.0
Hog_food_Morgan,2017-10-23,food_service,3085.8,11.73,24,1957.102,BDG2 v1.0
Hog_food_Morgan,2017-10-24,food_service,3085.8,6.97,24,1972.720,BDG2 v1.0
Hog_food_Morgan,2017-10-25,food_service,3085.8,8.47,24,2006.817,BDG2 v1.0
Hog_food_Morgan,2017-10-26,food_service,3085.8,7.50,24,1989.059,BDG2 v1.0
Hog_food_Morgan,2017-10-27,food_service,3085.8,1.10,24,1992.576,BDG2 v1.0
Hog_food_Morgan,2017-10-28,food_service,3085.8,0.10,24,1748.803,BDG2 v1.0
Hog_food_Morgan,2017-10-29,food_service,3085.8,2.71,24,1753.153,BDG2 v1.0
Hog_food_Morgan,2017-10-30,food_service,3085.8,2.29,24,2020.332,BDG2 v1.0
Hog_food_Morgan,2017-10-31,food_service,3085.8,-0.75,24,1961.582,BDG2 v1.0
Hog_food_Morgan,2017-11-01,food_service,3085.8,0.18,24,2038.616,BDG2 v1.0
Hog_food_Morgan,2017-11-02,food_service,3085.8,2.88,24,1978.517,BDG2 v1.0
Hog_food_Morgan,2017-11-03,food_service,3085.8,-0.11,24,1934.613,BDG2 v1.0
Hog_food_Morgan,2017-11-04,food_service,3085.8,3.45,24,1717.670,BDG2 v1.0
Hog_food_Morgan,2017-11-05,food_service,3085.8,1.44,24,1937.417,BDG2 v1.0
Hog_food_Morgan,2017-11-06,food_service,3085.8,-2.43,24,1986.177,BDG2 v1.0
Hog_food_Morgan,2017-11-07,food_service,3085.8,-0.78,24,1996.276,BDG2 v1.0
Hog_food_Morgan,2017-11-08,food_service,3085.8,0.83,24,2024.035,BDG2 v1.0
Hog_food_Morgan,2017-11-09,food_service,3085.8,-6.41,24,1995.513,BDG2 v1.0
Hog_food_Morgan,2017-11-10,food_service,3085.8,-7.73,24,2045.893,BDG2 v1.0
Hog_food_Morgan,2017-11-11,food_service,3085.8,1.25,24,1805.732,BDG2 v1.0
Hog_food_Morgan,2017-11-12,food_service,3085.8,-0.88,24,1819.369,BDG2 v1.0
Hog_food_Morgan,2017-11-13,food_service,3085.8,1.99,24,2000.724,BDG2 v1.0
Hog_food_Morgan,2017-11-14,food_service,3085.8,5.56,24,1965.984,BDG2 v1.0
Hog_food_Morgan,2017-11-15,food_service,3085.8,2.18,24,2018.886,BDG2 v1.0
Hog_food_Morgan,2017-11-16,food_service,3085.8,-0.84,24,1967.318,BDG2 v1.0
Hog_food_Morgan,2017-11-17,food_service,3085.8,2.66,24,1883.741,BDG2 v1.0
Hog_food_Morgan,2017-11-18,food_service,3085.8,-0.27,24,1669.566,BDG2 v1.0
Hog_food_Morgan,2017-11-19,food_service,3085.8,-1.75,24,1872.489,BDG2 v1.0
Hog_food_Morgan,2017-11-20,food_service,3085.8,3.96,24,1897.546,BDG2 v1.0
Hog_food_Morgan,2017-11-21,food_service,3085.8,-2.68,24,1906.044,BDG2 v1.0
Hog_food_Morgan,2017-11-22,food_service,3085.8,-4.91,24,1724.232,BDG2 v1.0
Hog_food_Morgan,2017-11-23,food_service,3085.8,1.63,24,1225.620,BDG2 v1.0
Hog_food_Morgan,2017-11-24,food_service,3085.8,9.79,24,1208.793,BDG2 v1.0
Hog_food_Morgan,2017-11-25,food_service,3085.8,2.02,24,1204.643,BDG2 v1.0
Hog_food_Morgan,2017-11-26,food_service,3085.8,3.59,24,1754.782,BDG2 v1.0
Hog_food_Morgan,2017-11-27,food_service,3085.8,8.43,24,2031.585,BDG2 v1.0
Hog_food_Morgan,2017-11-28,food_service,3085.8,7.74,24,1930.572,BDG2 v1.0
Hog_food_Morgan,2017-11-29,food_service,3085.8,2.60,24,2003.766,BDG2 v1.0
Hog_food_Morgan,2017-11-30,food_service,3085.8,5.22,24,1966.788,BDG2 v1.0
Hog_food_Morgan,2017-12-01,food_service,3085.8,4.23,24,1885.094,BDG2 v1.0
Hog_food_Morgan,2017-12-02,food_service,3085.8,2.92,24,1681.956,BDG2 v1.0
Hog_food_Morgan,2017-12-03,food_service,3085.8,4.60,24,1867.640,BDG2 v1.0
Hog_food_Morgan,2017-12-04,food_service,3085.8,9.36,24,1930.579,BDG2 v1.0
Hog_food_Morgan,2017-12-05,food_service,3085.8,-6.63,24,1917.259,BDG2 v1.0
Hog_food_Morgan,2017-12-06,food_service,3085.8,-8.03,24,1909.275,BDG2 v1.0
Hog_food_Morgan,2017-12-07,food_service,3085.8,-9.44,24,1980.962,BDG2 v1.0
Hog_food_Morgan,2017-12-08,food_service,3085.8,-3.52,24,1864.762,BDG2 v1.0
Hog_food_Morgan,2017-12-09,food_service,3085.8,-5.45,24,1745.628,BDG2 v1.0
Hog_food_Morgan,2017-12-10,food_service,3085.8,-3.57,24,1772.479,BDG2 v1.0
Hog_food_Morgan,2017-12-11,food_service,3085.8,-2.16,24,1937.782,BDG2 v1.0
Hog_food_Morgan,2017-12-12,food_service,3085.8,-9.21,24,1953.232,BDG2 v1.0
Hog_food_Morgan,2017-12-13,food_service,3085.8,-3.88,24,1959.833,BDG2 v1.0
Hog_food_Morgan,2017-12-14,food_service,3085.8,-6.49,24,2317.686,BDG2 v1.0
Hog_food_Morgan,2017-12-15,food_service,3085.8,-3.70,24,1947.401,BDG2 v1.0
Hog_food_Morgan,2017-12-16,food_service,3085.8,-2.57,24,1852.199,BDG2 v1.0
Hog_food_Morgan,2017-12-17,food_service,3085.8,-4.08,24,2043.879,BDG2 v1.0
Hog_food_Morgan,2017-12-18,food_service,3085.8,0.57,24,2034.529,BDG2 v1.0
Hog_food_Morgan,2017-12-19,food_service,3085.8,0.26,24,1972.509,BDG2 v1.0
Hog_food_Morgan,2017-12-20,food_service,3085.8,-6.89,24,1971.362,BDG2 v1.0
Hog_food_Morgan,2017-12-21,food_service,3085.8,-5.85,24,1682.039,BDG2 v1.0
Hog_food_Morgan,2017-12-22,food_service,3085.8,-5.80,24,1150.179,BDG2 v1.0
Hog_food_Morgan,2017-12-23,food_service,3085.8,-8.29,24,1038.078,BDG2 v1.0
Hog_food_Morgan,2017-12-24,food_service,3085.8,-8.59,24,1037.482,BDG2 v1.0
Hog_food_Morgan,2017-12-25,food_service,3085.8,-18.26,24,1042.856,BDG2 v1.0
Hog_food_Morgan,2017-12-26,food_service,3085.8,-20.00,24,1156.428,BDG2 v1.0
Hog_food_Morgan,2017-12-27,food_service,3085.8,-18.63,24,1137.699,BDG2 v1.0
Hog_food_Morgan,2017-12-28,food_service,3085.8,-14.15,24,1136.862,BDG2 v1.0
Hog_food_Morgan,2017-12-29,food_service,3085.8,-17.50,24,1116.510,BDG2 v1.0
Hog_food_Morgan,2017-12-30,food_service,3085.8,-23.02,24,1079.194,BDG2 v1.0
Hog_food_Morgan,2017-12-31,food_service,3085.8,-23.26,24,1086.710,BDG2 v1.0
Lamb_food_Sylvia,2016-01-01,food_service,3280.0,6.91,24,65.500,BDG2 v1.0
Lamb_food_Sylvia,2016-01-02,food_service,3280.0,9.67,24,156.800,BDG2 v1.0
Lamb_food_Sylvia,2016-01-03,food_service,3280.0,8.33,24,66.000,BDG2 v1.0
Lamb_food_Sylvia,2016-01-04,food_service,3280.0,8.33,24,160.600,BDG2 v1.0
Lamb_food_Sylvia,2016-01-05,food_service,3280.0,7.92,24,166.400,BDG2 v1.0
Lamb_food_Sylvia,2016-01-06,food_service,3280.0,6.00,24,161.100,BDG2 v1.0
Lamb_food_Sylvia,2016-01-07,food_service,3280.0,7.48,24,169.700,BDG2 v1.0
Lamb_food_Sylvia,2016-01-08,food_service,3280.0,7.54,24,176.400,BDG2 v1.0
Lamb_food_Sylvia,2016-01-09,food_service,3280.0,8.25,24,167.400,BDG2 v1.0
Lamb_food_Sylvia,2016-01-10,food_service,3280.0,6.17,24,71.200,BDG2 v1.0
Lamb_food_Sylvia,2016-01-11,food_service,3280.0,5.92,24,168.400,BDG2 v1.0
Lamb_food_Sylvia,2016-01-12,food_service,3280.0,5.83,24,180.000,BDG2 v1.0
Lamb_food_Sylvia,2016-01-13,food_service,3280.0,4.54,24,189.400,BDG2 v1.0
Lamb_food_Sylvia,2016-01-14,food_service,3280.0,3.29,24,195.800,BDG2 v1.0
Lamb_food_Sylvia,2016-01-15,food_service,3280.0,2.75,24,177.600,BDG2 v1.0
Lamb_food_Sylvia,2016-01-16,food_service,3280.0,2.83,24,191.200,BDG2 v1.0
Lamb_food_Sylvia,2016-01-17,food_service,3280.0,5.58,24,75.500,BDG2 v1.0
Lamb_food_Sylvia,2016-01-18,food_service,3280.0,4.83,24,187.100,BDG2 v1.0
Lamb_food_Sylvia,2016-01-19,food_service,3280.0,0.83,24,192.200,BDG2 v1.0
Lamb_food_Sylvia,2016-01-20,food_service,3280.0,0.62,24,20.804,BDG2 v1.0
Lamb_food_Sylvia,2016-01-21,food_service,3280.0,5.58,23,711.796,BDG2 v1.0
Lamb_food_Sylvia,2016-01-22,food_service,3280.0,9.29,24,174.800,BDG2 v1.0
Lamb_food_Sylvia,2016-01-23,food_service,3280.0,9.04,24,171.500,BDG2 v1.0
Lamb_food_Sylvia,2016-01-24,food_service,3280.0,11.88,24,96.700,BDG2 v1.0
Lamb_food_Sylvia,2016-01-25,food_service,3280.0,10.33,24,176.100,BDG2 v1.0
Lamb_food_Sylvia,2016-01-26,food_service,3280.0,9.96,24,163.700,BDG2 v1.0
Lamb_food_Sylvia,2016-01-27,food_service,3280.0,9.96,24,147.100,BDG2 v1.0
Lamb_food_Sylvia,2016-01-28,food_service,3280.0,7.33,24,156.100,BDG2 v1.0
Lamb_food_Sylvia,2016-01-29,food_service,3280.0,10.54,24,155.200,BDG2 v1.0
Lamb_food_Sylvia,2016-01-30,food_service,3280.0,6.62,24,195.500,BDG2 v1.0
Lamb_food_Sylvia,2016-01-31,food_service,3280.0,9.29,24,120.100,BDG2 v1.0
Lamb_food_Sylvia,2016-02-01,food_service,3280.0,10.46,24,156.400,BDG2 v1.0
Lamb_food_Sylvia,2016-02-02,food_service,3280.0,7.29,24,152.600,BDG2 v1.0
Lamb_food_Sylvia,2016-02-03,food_service,3280.0,6.12,24,170.800,BDG2 v1.0
Lamb_food_Sylvia,2016-02-04,food_service,3280.0,9.08,24,169.700,BDG2 v1.0
Lamb_food_Sylvia,2016-02-05,food_service,3280.0,9.38,24,160.700,BDG2 v1.0
Lamb_food_Sylvia,2016-02-06,food_service,3280.0,8.62,24,169.600,BDG2 v1.0
Lamb_food_Sylvia,2016-02-07,food_service,3280.0,7.29,24,68.100,BDG2 v1.0
Lamb_food_Sylvia,2016-02-08,food_service,3280.0,7.58,24,171.200,BDG2 v1.0
Lamb_food_Sylvia,2016-02-09,food_service,3280.0,4.92,24,179.700,BDG2 v1.0
Lamb_food_Sylvia,2016-02-10,food_service,3280.0,5.17,24,173.100,BDG2 v1.0
Lamb_food_Sylvia,2016-02-11,food_service,3280.0,3.54,24,195.600,BDG2 v1.0
Lamb_food_Sylvia,2016-02-14,food_service,3280.0,3.21,24,931.900,BDG2 v1.0
Lamb_food_Sylvia,2016-02-15,food_service,3280.0,2.37,23,955.200,BDG2 v1.0
Lamb_food_Sylvia,2016-02-16,food_service,3280.0,3.46,23,949.000,BDG2 v1.0
Lamb_food_Sylvia,2016-02-17,food_service,3280.0,5.92,23,946.500,BDG2 v1.0
Lamb_food_Sylvia,2016-02-18,food_service,3280.0,2.72,24,979.600,BDG2 v1.0
Lamb_food_Sylvia,2016-02-19,food_service,3280.0,6.71,21,845.600,BDG2 v1.0
Lamb_food_Sylvia,2016-02-20,food_service,3280.0,9.46,22,886.000,BDG2 v1.0
Lamb_food_Sylvia,2016-02-21,food_service,3280.0,9.96,24,877.000,BDG2 v1.0
Lamb_food_Sylvia,2016-02-22,food_service,3280.0,6.62,23,924.600,BDG2 v1.0
Lamb_food_Sylvia,2016-02-23,food_service,3280.0,4.29,22,898.300,BDG2 v1.0
Lamb_food_Sylvia,2016-02-24,food_service,3280.0,3.62,23,954.500,BDG2 v1.0
Lamb_food_Sylvia,2016-02-25,food_service,3280.0,3.39,23,947.300,BDG2 v1.0
Lamb_food_Sylvia,2016-02-26,food_service,3280.0,4.46,23,930.700,BDG2 v1.0
Lamb_food_Sylvia,2016-02-27,food_service,3280.0,4.71,22,888.100,BDG2 v1.0
Lamb_food_Sylvia,2016-02-28,food_service,3280.0,4.42,24,900.100,BDG2 v1.0
Lamb_food_Sylvia,2016-02-29,food_service,3280.0,3.46,23,952.100,BDG2 v1.0
Lamb_food_Sylvia,2016-03-01,food_service,3280.0,8.67,24,981.300,BDG2 v1.0
Lamb_food_Sylvia,2016-03-02,food_service,3280.0,6.29,24,976.200,BDG2 v1.0
Lamb_food_Sylvia,2016-03-03,food_service,3280.0,6.67,22,903.900,BDG2 v1.0
Lamb_food_Sylvia,2016-03-04,food_service,3280.0,3.58,20,811.400,BDG2 v1.0
Lamb_food_Sylvia,2016-03-06,food_service,3280.0,3.04,24,917.200,BDG2 v1.0
Lamb_food_Sylvia,2016-03-07,food_service,3280.0,3.46,24,979.500,BDG2 v1.0
Lamb_food_Sylvia,2016-03-08,food_service,3280.0,5.71,24,992.100,BDG2 v1.0
Lamb_food_Sylvia,2016-03-09,food_service,3280.0,6.17,24,977.200,BDG2 v1.0
Lamb_food_Sylvia,2016-03-10,food_service,3280.0,5.79,24,978.600,BDG2 v1.0
Lamb_food_Sylvia,2016-03-11,food_service,3280.0,5.25,23,947.200,BDG2 v1.0
Lamb_food_Sylvia,2016-03-12,food_service,3280.0,6.29,23,932.600,BDG2 v1.0
Lamb_food_Sylvia,2016-03-13,food_service,3280.0,8.38,24,901.500,BDG2 v1.0
Lamb_food_Sylvia,2016-03-14,food_service,3280.0,6.17,24,970.100,BDG2 v1.0
Lamb_food_Sylvia,2016-03-15,food_service,3280.0,6.79,23,930.200,BDG2 v1.0
Lamb_food_Sylvia,2016-03-16,food_service,3280.0,7.75,24,960.900,BDG2 v1.0
Lamb_food_Sylvia,2016-03-17,food_service,3280.0,6.25,24,461.621,BDG2 v1.0
Lamb_food_Sylvia,2016-03-18,food_service,3280.0,4.62,21,824.580,BDG2 v1.0
Lamb_food_Sylvia,2016-03-19,food_service,3280.0,6.50,22,890.400,BDG2 v1.0
Lamb_food_Sylvia,2016-03-20,food_service,3280.0,5.50,24,881.700,BDG2 v1.0
Lamb_food_Sylvia,2016-03-21,food_service,3280.0,5.83,24,968.000,BDG2 v1.0
Lamb_food_Sylvia,2016-03-22,food_service,3280.0,6.74,23,922.700,BDG2 v1.0
Lamb_food_Sylvia,2016-03-23,food_service,3280.0,7.56,24,950.000,BDG2 v1.0
Lamb_food_Sylvia,2016-03-24,food_service,3280.0,8.38,24,972.700,BDG2 v1.0
Lamb_food_Sylvia,2016-03-25,food_service,3280.0,8.21,24,959.600,BDG2 v1.0
Lamb_food_Sylvia,2016-03-26,food_service,3280.0,8.96,23,914.300,BDG2 v1.0
Lamb_food_Sylvia,2016-03-27,food_service,3280.0,7.70,24,839.700,BDG2 v1.0
Lamb_food_Sylvia,2016-03-28,food_service,3280.0,7.58,24,885.600,BDG2 v1.0
Lamb_food_Sylvia,2016-03-29,food_service,3280.0,6.46,24,966.200,BDG2 v1.0
Lamb_food_Sylvia,2016-03-30,food_service,3280.0,7.00,24,965.400,BDG2 v1.0
Lamb_food_Sylvia,2016-03-31,food_service,3280.0,6.29,24,974.300,BDG2 v1.0
Lamb_food_Sylvia,2016-04-01,food_service,3280.0,7.12,24,977.000,BDG2 v1.0
Lamb_food_Sylvia,2016-04-02,food_service,3280.0,9.25,24,965.700,BDG2 v1.0
Lamb_food_Sylvia,2016-04-03,food_service,3280.0,8.62,24,922.900,BDG2 v1.0
Lamb_food_Sylvia,2016-04-04,food_service,3280.0,9.04,24,493.900,BDG2 v1.0
Lamb_food_Sylvia,2016-04-05,food_service,3280.0,8.83,24,154.000,BDG2 v1.0
Lamb_food_Sylvia,2016-04-06,food_service,3280.0,8.50,24,153.200,BDG2 v1.0
Lamb_food_Sylvia,2016-04-07,food_service,3280.0,7.48,24,167.500,BDG2 v1.0
Lamb_food_Sylvia,2016-04-08,food_service,3280.0,8.25,24,157.100,BDG2 v1.0
Lamb_food_Sylvia,2016-04-09,food_service,3280.0,6.12,24,172.100,BDG2 v1.0
Lamb_food_Sylvia,2016-04-10,food_service,3280.0,7.58,24,86.800,BDG2 v1.0
Lamb_food_Sylvia,2016-04-11,food_service,3280.0,8.96,24,159.000,BDG2 v1.0
Lamb_food_Sylvia,2016-04-12,food_service,3280.0,8.83,24,151.500,BDG2 v1.0
Lamb_food_Sylvia,2016-04-13,food_service,3280.0,9.12,24,151.000,BDG2 v1.0
Lamb_food_Sylvia,2016-04-14,food_service,3280.0,10.58,24,158.200,BDG2 v1.0
Lamb_food_Sylvia,2016-04-15,food_service,3280.0,9.25,24,158.600,BDG2 v1.0
Lamb_food_Sylvia,2016-04-16,food_service,3280.0,5.88,24,171.900,BDG2 v1.0
Lamb_food_Sylvia,2016-04-17,food_service,3280.0,5.79,24,67.500,BDG2 v1.0
Lamb_food_Sylvia,2016-04-18,food_service,3280.0,7.46,24,150.900,BDG2 v1.0
Lamb_food_Sylvia,2016-04-19,food_service,3280.0,10.33,24,149.000,BDG2 v1.0
Lamb_food_Sylvia,2016-04-20,food_service,3280.0,10.96,24,149.400,BDG2 v1.0
Lamb_food_Sylvia,2016-04-21,food_service,3280.0,10.58,24,157.400,BDG2 v1.0
Lamb_food_Sylvia,2016-04-22,food_service,3280.0,9.00,24,164.400,BDG2 v1.0
Lamb_food_Sylvia,2016-04-23,food_service,3280.0,7.50,24,160.000,BDG2 v1.0
Lamb_food_Sylvia,2016-04-24,food_service,3280.0,8.54,24,68.200,BDG2 v1.0
Lamb_food_Sylvia,2016-04-25,food_service,3280.0,8.79,24,141.700,BDG2 v1.0
Lamb_food_Sylvia,2016-04-26,food_service,3280.0,6.58,24,158.100,BDG2 v1.0
Lamb_food_Sylvia,2016-04-27,food_service,3280.0,4.12,24,152.200,BDG2 v1.0
Lamb_food_Sylvia,2016-04-28,food_service,3280.0,6.42,24,132.900,BDG2 v1.0
Lamb_food_Sylvia,2016-04-29,food_service,3280.0,6.75,24,152.900,BDG2 v1.0
Lamb_food_Sylvia,2016-04-30,food_service,3280.0,6.75,24,152.600,BDG2 v1.0
Lamb_food_Sylvia,2016-05-01,food_service,3280.0,9.21,24,61.900,BDG2 v1.0
Lamb_food_Sylvia,2016-05-02,food_service,3280.0,10.71,24,61.200,BDG2 v1.0
Lamb_food_Sylvia,2016-05-03,food_service,3280.0,8.67,24,144.000,BDG2 v1.0
Lamb_food_Sylvia,2016-05-04,food_service,3280.0,10.08,24,146.900,BDG2 v1.0
Lamb_food_Sylvia,2016-05-05,food_service,3280.0,12.29,24,120.400,BDG2 v1.0
Lamb_food_Sylvia,2016-05-06,food_service,3280.0,14.42,24,144.700,BDG2 v1.0
Lamb_food_Sylvia,2016-05-07,food_service,3280.0,15.25,24,139.400,BDG2 v1.0
Lamb_food_Sylvia,2016-05-08,food_service,3280.0,17.17,24,108.800,BDG2 v1.0
Lamb_food_Sylvia,2016-05-09,food_service,3280.0,16.38,24,139.700,BDG2 v1.0
Lamb_food_Sylvia,2016-05-10,food_service,3280.0,14.92,24,130.300,BDG2 v1.0
Lamb_food_Sylvia,2016-05-11,food_service,3280.0,14.33,24,140.200,BDG2 v1.0
Lamb_food_Sylvia,2016-05-12,food_service,3280.0,17.25,24,136.400,BDG2 v1.0
Lamb_food_Sylvia,2016-05-13,food_service,3280.0,14.88,24,112.600,BDG2 v1.0
Lamb_food_Sylvia,2016-05-14,food_service,3280.0,10.17,24,133.100,BDG2 v1.0
Lamb_food_Sylvia,2016-05-15,food_service,3280.0,10.58,24,49.700,BDG2 v1.0
Lamb_food_Sylvia,2016-05-16,food_service,3280.0,10.62,24,124.700,BDG2 v1.0
Lamb_food_Sylvia,2016-05-17,food_service,3280.0,11.67,24,131.000,BDG2 v1.0
Lamb_food_Sylvia,2016-05-18,food_service,3280.0,11.96,24,125.900,BDG2 v1.0
Lamb_food_Sylvia,2016-05-19,food_service,3280.0,11.25,24,126.200,BDG2 v1.0
Lamb_food_Sylvia,2016-05-20,food_service,3280.0,13.04,24,132.100,BDG2 v1.0
Lamb_food_Sylvia,2016-05-21,food_service,3280.0,12.62,24,139.800,BDG2 v1.0
Lamb_food_Sylvia,2016-05-22,food_service,3280.0,11.54,24,46.800,BDG2 v1.0
Lamb_food_Sylvia,2016-05-23,food_service,3280.0,11.58,24,103.400,BDG2 v1.0
Lamb_food_Sylvia,2016-05-24,food_service,3280.0,13.04,24,129.900,BDG2 v1.0
Lamb_food_Sylvia,2016-05-25,food_service,3280.0,10.38,24,139.800,BDG2 v1.0
Lamb_food_Sylvia,2016-05-26,food_service,3280.0,12.62,24,140.400,BDG2 v1.0
Lamb_food_Sylvia,2016-05-27,food_service,3280.0,14.62,24,128.100,BDG2 v1.0
Lamb_food_Sylvia,2016-05-28,food_service,3280.0,16.00,24,139.300,BDG2 v1.0
Lamb_food_Sylvia,2016-05-29,food_service,3280.0,15.17,24,46.000,BDG2 v1.0
Lamb_food_Sylvia,2016-05-30,food_service,3280.0,14.71,24,49.000,BDG2 v1.0
Lamb_food_Sylvia,2016-05-31,food_service,3280.0,17.08,24,132.700,BDG2 v1.0
Lamb_food_Sylvia,2016-06-01,food_service,3280.0,16.29,24,128.400,BDG2 v1.0
Lamb_food_Sylvia,2016-06-02,food_service,3280.0,14.46,24,131.000,BDG2 v1.0
Lamb_food_Sylvia,2016-06-03,food_service,3280.0,13.04,24,132.000,BDG2 v1.0
Lamb_food_Sylvia,2016-06-04,food_service,3280.0,15.12,24,132.500,BDG2 v1.0
Lamb_food_Sylvia,2016-06-05,food_service,3280.0,18.96,24,84.300,BDG2 v1.0
Lamb_food_Sylvia,2016-06-06,food_service,3280.0,18.83,24,123.800,BDG2 v1.0
Lamb_food_Sylvia,2016-06-07,food_service,3280.0,15.79,24,125.200,BDG2 v1.0
Lamb_food_Sylvia,2016-06-08,food_service,3280.0,15.79,24,124.800,BDG2 v1.0
Lamb_food_Sylvia,2016-06-09,food_service,3280.0,16.75,24,101.400,BDG2 v1.0
Lamb_food_Sylvia,2016-06-10,food_service,3280.0,16.79,24,107.100,BDG2 v1.0
Lamb_food_Sylvia,2016-06-11,food_service,3280.0,15.75,24,125.200,BDG2 v1.0
Lamb_food_Sylvia,2016-06-12,food_service,3280.0,15.42,24,43.100,BDG2 v1.0
Lamb_food_Sylvia,2016-06-13,food_service,3280.0,14.88,24,125.300,BDG2 v1.0
Lamb_food_Sylvia,2016-06-14,food_service,3280.0,13.92,24,140.000,BDG2 v1.0
Lamb_food_Sylvia,2016-06-15,food_service,3280.0,14.04,24,122.200,BDG2 v1.0
Lamb_food_Sylvia,2016-06-16,food_service,3280.0,14.71,24,131.700,BDG2 v1.0
Lamb_food_Sylvia,2016-06-17,food_service,3280.0,14.04,24,134.300,BDG2 v1.0
Lamb_food_Sylvia,2016-06-18,food_service,3280.0,13.04,24,147.400,BDG2 v1.0
Lamb_food_Sylvia,2016-06-19,food_service,3280.0,14.12,24,57.000,BDG2 v1.0
Lamb_food_Sylvia,2016-06-20,food_service,3280.0,15.46,24,139.800,BDG2 v1.0
Lamb_food_Sylvia,2016-06-21,food_service,3280.0,15.21,24,141.700,BDG2 v1.0
Lamb_food_Sylvia,2016-06-22,food_service,3280.0,15.88,24,129.300,BDG2 v1.0
Lamb_food_Sylvia,2016-06-23,food_service,3280.0,15.33,24,134.900,BDG2 v1.0
Lamb_food_Sylvia,2016-06-24,food_service,3280.0,14.96,24,136.100,BDG2 v1.0
Lamb_food_Sylvia,2016-06-25,food_service,3280.0,14.17,24,137.800,BDG2 v1.0
Lamb_food_Sylvia,2016-06-26,food_service,3280.0,13.75,24,88.600,BDG2 v1.0
Lamb_food_Sylvia,2016-06-27,food_service,3280.0,14.83,24,111.300,BDG2 v1.0
Lamb_food_Sylvia,2016-06-28,food_service,3280.0,13.08,24,126.000,BDG2 v1.0
Lamb_food_Sylvia,2016-06-29,food_service,3280.0,14.25,24,138.500,BDG2 v1.0
Lamb_food_Sylvia,2016-06-30,food_service,3280.0,14.75,24,116.100,BDG2 v1.0
Lamb_food_Sylvia,2016-07-01,food_service,3280.0,14.46,24,146.000,BDG2 v1.0
Lamb_food_Sylvia,2016-07-02,food_service,3280.0,13.83,24,120.100,BDG2 v1.0
Lamb_food_Sylvia,2016-07-03,food_service,3280.0,14.62,24,57.800,BDG2 v1.0
Lamb_food_Sylvia,2016-07-04,food_service,3280.0,14.12,24,135.000,BDG2 v1.0
Lamb_food_Sylvia,2016-07-05,food_service,3280.0,14.83,24,139.900,BDG2 v1.0
Lamb_food_Sylvia,2016-07-06,food_service,3280.0,13.62,24,113.500,BDG2 v1.0
Lamb_food_Sylvia,2016-07-07,food_service,3280.0,16.21,24,116.800,BDG2 v1.0
Lamb_food_Sylvia,2016-07-08,food_service,3280.0,16.46,24,116.600,BDG2 v1.0
Lamb_food_Sylvia,2016-07-09,food_service,3280.0,17.96,24,150.100,BDG2 v1.0
Lamb_food_Sylvia,2016-07-10,food_service,3280.0,17.38,24,57.500,BDG2 v1.0
Lamb_food_Sylvia,2016-07-11,food_service,3280.0,15.62,24,140.200,BDG2 v1.0
Lamb_food_Sylvia,2016-07-12,food_service,3280.0,14.62,24,127.800,BDG2 v1.0
Lamb_food_Sylvia,2016-07-13,food_service,3280.0,13.38,24,3.300,BDG2 v1.0
Lamb_food_Sylvia,2016-07-14,food_service,3280.0,14.25,24,130.700,BDG2 v1.0
Lamb_food_Sylvia,2016-07-15,food_service,3280.0,14.46,24,135.600,BDG2 v1.0
Lamb_food_Sylvia,2016-07-16,food_service,3280.0,16.58,24,149.100,BDG2 v1.0
Lamb_food_Sylvia,2016-07-17,food_service,3280.0,17.50,24,54.500,BDG2 v1.0
Lamb_food_Sylvia,2016-07-18,food_service,3280.0,20.29,24,131.600,BDG2 v1.0
Lamb_food_Sylvia,2016-07-19,food_service,3280.0,23.79,24,108.500,BDG2 v1.0
Lamb_food_Sylvia,2016-07-20,food_service,3280.0,18.88,24,126.700,BDG2 v1.0
Lamb_food_Sylvia,2016-07-21,food_service,3280.0,16.83,24,133.400,BDG2 v1.0
Lamb_food_Sylvia,2016-07-22,food_service,3280.0,18.08,24,110.100,BDG2 v1.0
Lamb_food_Sylvia,2016-07-23,food_service,3280.0,17.54,24,133.800,BDG2 v1.0
Lamb_food_Sylvia,2016-07-24,food_service,3280.0,16.58,24,52.100,BDG2 v1.0
Lamb_food_Sylvia,2016-07-25,food_service,3280.0,16.17,24,113.400,BDG2 v1.0
Lamb_food_Sylvia,2016-07-26,food_service,3280.0,16.21,24,134.300,BDG2 v1.0
Lamb_food_Sylvia,2016-07-27,food_service,3280.0,17.42,24,136.800,BDG2 v1.0
Lamb_food_Sylvia,2016-07-28,food_service,3280.0,15.21,24,120.400,BDG2 v1.0
Lamb_food_Sylvia,2016-07-29,food_service,3280.0,16.71,24,141.000,BDG2 v1.0
Lamb_food_Sylvia,2016-07-30,food_service,3280.0,16.42,24,121.800,BDG2 v1.0
Lamb_food_Sylvia,2016-07-31,food_service,3280.0,15.04,24,61.400,BDG2 v1.0
Lamb_food_Sylvia,2016-08-01,food_service,3280.0,14.42,24,119.000,BDG2 v1.0
Lamb_food_Sylvia,2016-08-02,food_service,3280.0,17.54,24,138.100,BDG2 v1.0
Lamb_food_Sylvia,2016-08-03,food_service,3280.0,17.42,24,118.800,BDG2 v1.0
Lamb_food_Sylvia,2016-08-04,food_service,3280.0,16.25,24,115.800,BDG2 v1.0
Lamb_food_Sylvia,2016-08-05,food_service,3280.0,16.08,24,142.500,BDG2 v1.0
Lamb_food_Sylvia,2016-08-06,food_service,3280.0,17.46,24,137.300,BDG2 v1.0
Lamb_food_Sylvia,2016-08-07,food_service,3280.0,17.79,24,55.700,BDG2 v1.0
Lamb_food_Sylvia,2016-08-08,food_service,3280.0,15.46,24,116.600,BDG2 v1.0
Lamb_food_Sylvia,2016-08-09,food_service,3280.0,13.75,24,121.700,BDG2 v1.0
Lamb_food_Sylvia,2016-08-10,food_service,3280.0,14.21,24,140.900,BDG2 v1.0
Lamb_food_Sylvia,2016-08-11,food_service,3280.0,15.38,24,142.000,BDG2 v1.0
Lamb_food_Sylvia,2016-08-12,food_service,3280.0,16.75,24,140.500,BDG2 v1.0
Lamb_food_Sylvia,2016-08-13,food_service,3280.0,16.92,24,121.600,BDG2 v1.0
Lamb_food_Sylvia,2016-08-14,food_service,3280.0,15.88,24,55.100,BDG2 v1.0
Lamb_food_Sylvia,2016-08-15,food_service,3280.0,17.75,24,135.800,BDG2 v1.0
Lamb_food_Sylvia,2016-08-16,food_service,3280.0,18.33,24,119.400,BDG2 v1.0
Lamb_food_Sylvia,2016-08-17,food_service,3280.0,17.75,24,138.000,BDG2 v1.0
Lamb_food_Sylvia,2016-08-18,food_service,3280.0,18.33,24,122.200,BDG2 v1.0
Lamb_food_Sylvia,2016-08-19,food_service,3280.0,16.88,24,148.500,BDG2 v1.0
Lamb_food_Sylvia,2016-08-20,food_service,3280.0,16.00,24,143.700,BDG2 v1.0
Lamb_food_Sylvia,2016-08-21,food_service,3280.0,15.96,24,60.300,BDG2 v1.0
Lamb_food_Sylvia,2016-08-22,food_service,3280.0,18.08,24,143.300,BDG2 v1.0
Lamb_food_Sylvia,2016-08-23,food_service,3280.0,19.12,24,142.200,BDG2 v1.0
Lamb_food_Sylvia,2016-08-24,food_service,3280.0,17.75,24,125.800,BDG2 v1.0
Lamb_food_Sylvia,2016-08-25,food_service,3280.0,16.79,24,146.900,BDG2 v1.0
Lamb_food_Sylvia,2016-08-26,food_service,3280.0,15.88,24,119.400,BDG2 v1.0
Lamb_food_Sylvia,2016-08-27,food_service,3280.0,16.04,24,146.200,BDG2 v1.0
Lamb_food_Sylvia,2016-08-28,food_service,3280.0,17.96,24,55.400,BDG2 v1.0
Lamb_food_Sylvia,2016-08-29,food_service,3280.0,16.71,24,58.600,BDG2 v1.0
Lamb_food_Sylvia,2016-08-30,food_service,3280.0,16.33,24,135.100,BDG2 v1.0
Lamb_food_Sylvia,2016-08-31,food_service,3280.0,16.67,24,133.400,BDG2 v1.0
Lamb_food_Sylvia,2016-09-01,food_service,3280.0,16.04,24,137.100,BDG2 v1.0
Lamb_food_Sylvia,2016-09-02,food_service,3280.0,16.71,24,143.100,BDG2 v1.0
Lamb_food_Sylvia,2016-09-03,food_service,3280.0,16.75,24,150.400,BDG2 v1.0
Lamb_food_Sylvia,2016-09-04,food_service,3280.0,16.46,24,83.500,BDG2 v1.0
Lamb_food_Sylvia,2016-09-05,food_service,3280.0,16.79,24,3.900,BDG2 v1.0
Lamb_food_Sylvia,2016-09-06,food_service,3280.0,19.67,24,133.600,BDG2 v1.0
Lamb_food_Sylvia,2016-09-07,food_service,3280.0,19.21,24,133.000,BDG2 v1.0
Lamb_food_Sylvia,2016-09-08,food_service,3280.0,17.21,24,134.700,BDG2 v1.0
Lamb_food_Sylvia,2016-09-09,food_service,3280.0,18.42,24,141.100,BDG2 v1.0
Lamb_food_Sylvia,2016-09-10,food_service,3280.0,16.12,24,135.400,BDG2 v1.0
Lamb_food_Sylvia,2016-09-11,food_service,3280.0,14.67,24,54.000,BDG2 v1.0
Lamb_food_Sylvia,2016-09-12,food_service,3280.0,18.00,24,134.200,BDG2 v1.0
Lamb_food_Sylvia,2016-09-13,food_service,3280.0,17.92,24,143.400,BDG2 v1.0
Lamb_food_Sylvia,2016-09-14,food_service,3280.0,19.58,24,130.000,BDG2 v1.0
Lamb_food_Sylvia,2016-09-15,food_service,3280.0,16.83,24,133.100,BDG2 v1.0
Lamb_food_Sylvia,2016-09-16,food_service,3280.0,14.79,24,138.000,BDG2 v1.0
Lamb_food_Sylvia,2016-09-17,food_service,3280.0,15.04,24,148.700,BDG2 v1.0
Lamb_food_Sylvia,2016-09-18,food_service,3280.0,14.96,24,57.100,BDG2 v1.0
Lamb_food_Sylvia,2016-09-19,food_service,3280.0,15.25,24,141.800,BDG2 v1.0
Lamb_food_Sylvia,2016-09-20,food_service,3280.0,14.04,24,145.000,BDG2 v1.0
Lamb_food_Sylvia,2016-09-21,food_service,3280.0,15.17,24,143.800,BDG2 v1.0
Lamb_food_Sylvia,2016-09-22,food_service,3280.0,13.88,24,139.500,BDG2 v1.0
Lamb_food_Sylvia,2016-09-23,food_service,3280.0,15.38,24,129.700,BDG2 v1.0
Lamb_food_Sylvia,2016-09-24,food_service,3280.0,17.00,24,146.700,BDG2 v1.0
Lamb_food_Sylvia,2016-09-25,food_service,3280.0,14.58,24,103.500,BDG2 v1.0
Lamb_food_Sylvia,2016-09-26,food_service,3280.0,14.33,24,144.800,BDG2 v1.0
Lamb_food_Sylvia,2016-09-27,food_service,3280.0,15.75,24,140.600,BDG2 v1.0
Lamb_food_Sylvia,2016-09-28,food_service,3280.0,16.46,24,147.100,BDG2 v1.0
Lamb_food_Sylvia,2016-09-29,food_service,3280.0,15.52,24,141.200,BDG2 v1.0
Lamb_food_Sylvia,2016-09-30,food_service,3280.0,13.71,24,136.400,BDG2 v1.0
Lamb_food_Sylvia,2016-10-01,food_service,3280.0,11.75,24,146.500,BDG2 v1.0
Lamb_food_Sylvia,2016-10-02,food_service,3280.0,10.96,24,57.000,BDG2 v1.0
Lamb_food_Sylvia,2016-10-03,food_service,3280.0,12.21,24,149.400,BDG2 v1.0
Lamb_food_Sylvia,2016-10-04,food_service,3280.0,13.75,24,145.800,BDG2 v1.0
Lamb_food_Sylvia,2016-10-05,food_service,3280.0,13.71,24,152.400,BDG2 v1.0
Lamb_food_Sylvia,2016-10-06,food_service,3280.0,10.92,24,157.000,BDG2 v1.0
Lamb_food_Sylvia,2016-10-07,food_service,3280.0,11.54,24,158.700,BDG2 v1.0
Lamb_food_Sylvia,2016-10-08,food_service,3280.0,12.83,24,153.900,BDG2 v1.0
Lamb_food_Sylvia,2016-10-09,food_service,3280.0,11.46,24,83.600,BDG2 v1.0
Lamb_food_Sylvia,2016-10-10,food_service,3280.0,9.38,24,155.500,BDG2 v1.0
Lamb_food_Sylvia,2016-10-11,food_service,3280.0,9.42,24,160.300,BDG2 v1.0
Lamb_food_Sylvia,2016-10-12,food_service,3280.0,12.00,24,150.800,BDG2 v1.0
Lamb_food_Sylvia,2016-10-13,food_service,3280.0,10.08,24,152.700,BDG2 v1.0
Lamb_food_Sylvia,2016-10-14,food_service,3280.0,9.92,24,170.400,BDG2 v1.0
Lamb_food_Sylvia,2016-10-15,food_service,3280.0,11.42,24,157.100,BDG2 v1.0
Lamb_food_Sylvia,2016-10-16,food_service,3280.0,13.29,24,60.800,BDG2 v1.0
Lamb_food_Sylvia,2016-10-17,food_service,3280.0,13.08,24,150.600,BDG2 v1.0
Lamb_food_Sylvia,2016-10-18,food_service,3280.0,11.12,24,151.700,BDG2 v1.0
Lamb_food_Sylvia,2016-10-19,food_service,3280.0,9.75,24,148.600,BDG2 v1.0
Lamb_food_Sylvia,2016-10-20,food_service,3280.0,9.38,24,152.800,BDG2 v1.0
Lamb_food_Sylvia,2016-10-21,food_service,3280.0,8.83,24,162.600,BDG2 v1.0
Lamb_food_Sylvia,2016-10-22,food_service,3280.0,7.58,24,180.100,BDG2 v1.0
Lamb_food_Sylvia,2016-10-23,food_service,3280.0,9.00,24,68.300,BDG2 v1.0
Lamb_food_Sylvia,2016-10-24,food_service,3280.0,9.33,24,173.600,BDG2 v1.0
Lamb_food_Sylvia,2016-10-25,food_service,3280.0,10.83,24,169.500,BDG2 v1.0
Lamb_food_Sylvia,2016-10-26,food_service,3280.0,11.96,24,154.500,BDG2 v1.0
Lamb_food_Sylvia,2016-10-27,food_service,3280.0,12.62,24,153.000,BDG2 v1.0
Lamb_food_Sylvia,2016-10-28,food_service,3280.0,13.21,24,143.500,BDG2 v1.0
Lamb_food_Sylvia,2016-10-29,food_service,3280.0,12.33,24,152.900,BDG2 v1.0
Lamb_food_Sylvia,2016-10-30,food_service,3280.0,12.84,24,72.900,BDG2 v1.0
Lamb_food_Sylvia,2016-10-31,food_service,3280.0,11.33,24,159.600,BDG2 v1.0
Lamb_food_Sylvia,2016-11-01,food_service,3280.0,10.92,24,166.300,BDG2 v1.0
Lamb_food_Sylvia,2016-11-02,food_service,3280.0,7.08,24,158.800,BDG2 v1.0
Lamb_food_Sylvia,2016-11-03,food_service,3280.0,8.04,24,159.300,BDG2 v1.0
Lamb_food_Sylvia,2016-11-04,food_service,3280.0,8.29,24,162.300,BDG2 v1.0
Lamb_food_Sylvia,2016-11-05,food_service,3280.0,4.75,24,176.800,BDG2 v1.0
Lamb_food_Sylvia,2016-11-06,food_service,3280.0,4.54,24,70.400,BDG2 v1.0
Lamb_food_Sylvia,2016-11-07,food_service,3280.0,4.88,24,180.000,BDG2 v1.0
Lamb_food_Sylvia,2016-11-08,food_service,3280.0,5.79,24,180.400,BDG2 v1.0
Lamb_food_Sylvia,2016-11-09,food_service,3280.0,8.17,24,180.900,BDG2 v1.0
Lamb_food_Sylvia,2016-11-10,food_service,3280.0,8.25,24,180.300,BDG2 v1.0
Lamb_food_Sylvia,2016-11-11,food_service,3280.0,7.25,24,195.200,BDG2 v1.0
Lamb_food_Sylvia,2016-11-12,food_service,3280.0,10.29,24,182.200,BDG2 v1.0
Lamb_food_Sylvia,2016-11-13,food_service,3280.0,9.12,24,70.400,BDG2 v1.0
Lamb_food_Sylvia,2016-11-14,food_service,3280.0,11.88,24,165.000,BDG2 v1.0
Lamb_food_Sylvia,2016-11-15,food_service,3280.0,12.62,24,158.700,BDG2 v1.0
Lamb_food_Sylvia,2016-11-16,food_service,3280.0,11.12,24,160.600,BDG2 v1.0
Lamb_food_Sylvia,2016-11-17,food_service,3280.0,8.75,24,165.700,BDG2 v1.0
Lamb_food_Sylvia,2016-11-18,food_service,3280.0,4.67,24,188.500,BDG2 v1.0
Lamb_food_Sylvia,2016-11-19,food_service,3280.0,5.09,24,206.600,BDG2 v1.0
Lamb_food_Sylvia,2016-11-20,food_service,3280.0,5.08,24,92.000,BDG2 v1.0
Lamb_food_Sylvia,2016-11-21,food_service,3280.0,6.21,24,184.500,BDG2 v1.0
Lamb_food_Sylvia,2016-11-22,food_service,3280.0,6.88,24,193.800,BDG2 v1.0
Lamb_food_Sylvia,2016-11-23,food_service,3280.0,6.76,24,190.100,BDG2 v1.0
Lamb_food_Sylvia,2016-11-24,food_service,3280.0,7.79,24,184.900,BDG2 v1.0
Lamb_food_Sylvia,2016-11-25,food_service,3280.0,6.88,24,199.800,BDG2 v1.0
Lamb_food_Sylvia,2016-11-26,food_service,3280.0,5.75,24,180.600,BDG2 v1.0
Lamb_food_Sylvia,2016-11-27,food_service,3280.0,6.29,24,133.300,BDG2 v1.0
Lamb_food_Sylvia,2016-11-28,food_service,3280.0,6.25,24,203.200,BDG2 v1.0
Lamb_food_Sylvia,2016-11-29,food_service,3280.0,2.08,24,205.200,BDG2 v1.0
Lamb_food_Sylvia,2016-12-04,food_service,3280.0,3.58,24,982.800,BDG2 v1.0
Lamb_food_Sylvia,2016-12-05,food_service,3280.0,4.00,23,960.000,BDG2 v1.0
Lamb_food_Sylvia,2016-12-06,food_service,3280.0,7.83,22,902.400,BDG2 v1.0
Lamb_food_Sylvia,2016-12-07,food_service,3280.0,11.12,24,988.500,BDG2 v1.0
Lamb_food_Sylvia,2016-12-08,food_service,3280.0,12.17,24,971.300,BDG2 v1.0
Lamb_food_Sylvia,2016-12-09,food_service,3280.0,12.54,24,967.300,BDG2 v1.0
Lamb_food_Sylvia,2016-12-10,food_service,3280.0,9.62,23,931.900,BDG2 v1.0
Lamb_food_Sylvia,2016-12-11,food_service,3280.0,6.42,24,946.700,BDG2 v1.0
Lamb_food_Sylvia,2016-12-12,food_service,3280.0,7.96,21,858.500,BDG2 v1.0
Lamb_food_Sylvia,2016-12-13,food_service,3280.0,10.54,24,1001.300,BDG2 v1.0
Lamb_food_Sylvia,2016-12-14,food_service,3280.0,9.54,23,947.400,BDG2 v1.0
Lamb_food_Sylvia,2016-12-15,food_service,3280.0,9.67,23,940.700,BDG2 v1.0
Lamb_food_Sylvia,2016-12-16,food_service,3280.0,8.21,22,902.400,BDG2 v1.0
Lamb_food_Sylvia,2016-12-17,food_service,3280.0,7.29,22,890.900,BDG2 v1.0
Lamb_food_Sylvia,2016-12-18,food_service,3280.0,6.00,24,974.300,BDG2 v1.0
Lamb_food_Sylvia,2016-12-24,food_service,3280.0,9.17,20,805.400,BDG2 v1.0
Lamb_food_Sylvia,2016-12-25,food_service,3280.0,11.08,24,916.700,BDG2 v1.0
Lamb_food_Sylvia,2016-12-26,food_service,3280.0,6.50,24,923.800,BDG2 v1.0
Lamb_food_Sylvia,2016-12-27,food_service,3280.0,2.42,24,931.600,BDG2 v1.0
Lamb_food_Sylvia,2016-12-28,food_service,3280.0,3.38,23,961.100,BDG2 v1.0
Lamb_food_Sylvia,2017-01-01,food_service,3280.0,6.26,24,887.200,BDG2 v1.0
Lamb_food_Sylvia,2017-01-02,food_service,3280.0,3.08,24,912.200,BDG2 v1.0
Lamb_food_Sylvia,2017-01-03,food_service,3280.0,2.50,23,962.000,BDG2 v1.0
Lamb_food_Sylvia,2017-01-08,food_service,3280.0,9.04,24,910.400,BDG2 v1.0
Lamb_food_Sylvia,2017-01-09,food_service,3280.0,8.08,24,991.000,BDG2 v1.0
Lamb_food_Sylvia,2017-01-10,food_service,3280.0,7.71,21,856.800,BDG2 v1.0
Lamb_food_Sylvia,2017-01-11,food_service,3280.0,8.54,21,859.700,BDG2 v1.0
Lamb_food_Sylvia,2017-01-12,food_service,3280.0,4.71,23,948.100,BDG2 v1.0
Lamb_food_Sylvia,2017-01-14,food_service,3280.0,4.00,24,20.067,BDG2 v1.0
Lamb_food_Sylvia,2017-01-15,food_service,3280.0,7.88,24,0.886,BDG2 v1.0
Lamb_food_Sylvia,2017-01-16,food_service,3280.0,9.21,24,0.886,BDG2 v1.0
Lamb_food_Sylvia,2017-01-17,food_service,3280.0,6.00,24,0.886,BDG2 v1.0
Lamb_food_Sylvia,2017-01-18,food_service,3280.0,4.45,24,0.886,BDG2 v1.0
Lamb_food_Sylvia,2017-01-19,food_service,3280.0,3.96,24,0.886,BDG2 v1.0
Lamb_food_Sylvia,2017-01-20,food_service,3280.0,2.58,24,0.886,BDG2 v1.0
Lamb_food_Sylvia,2017-01-21,food_service,3280.0,1.04,24,0.886,BDG2 v1.0
Lamb_food_Sylvia,2017-01-22,food_service,3280.0,3.62,24,0.886,BDG2 v1.0
Lamb_food_Sylvia,2017-01-23,food_service,3280.0,3.62,24,0.886,BDG2 v1.0
Lamb_food_Sylvia,2017-01-24,food_service,3280.0,3.79,24,0.886,BDG2 v1.0
Lamb_food_Sylvia,2017-01-25,food_service,3280.0,4.96,24,0.886,BDG2 v1.0
Lamb_food_Sylvia,2017-01-26,food_service,3280.0,2.33,24,0.886,BDG2 v1.0
Lamb_food_Sylvia,2017-01-27,food_service,3280.0,4.54,24,0.886,BDG2 v1.0
Lamb_food_Sylvia,2017-01-28,food_service,3280.0,5.92,24,0.886,BDG2 v1.0
Lamb_food_Sylvia,2017-01-29,food_service,3280.0,6.88,24,0.886,BDG2 v1.0
Lamb_food_Sylvia,2017-01-30,food_service,3280.0,8.29,24,0.886,BDG2 v1.0
Lamb_food_Sylvia,2017-01-31,food_service,3280.0,10.08,24,0.886,BDG2 v1.0
Lamb_food_Sylvia,2017-02-01,food_service,3280.0,9.21,24,0.886,BDG2 v1.0
Lamb_food_Sylvia,2017-02-02,food_service,3280.0,10.25,24,0.886,BDG2 v1.0
Lamb_food_Sylvia,2017-02-03,food_service,3280.0,6.50,24,0.886,BDG2 v1.0
Lamb_food_Sylvia,2017-02-05,food_service,3280.0,4.00,24,916.100,BDG2 v1.0
Lamb_food_Sylvia,2017-02-12,food_service,3280.0,3.08,24,950.800,BDG2 v1.0
Lamb_food_Sylvia,2017-02-16,food_service,3280.0,8.42,24,985.200,BDG2 v1.0
Lamb_food_Sylvia,2017-02-17,food_service,3280.0,8.08,20,807.000,BDG2 v1.0
Lamb_food_Sylvia,2017-02-19,food_service,3280.0,8.79,24,907.800,BDG2 v1.0
Lamb_food_Sylvia,2017-02-20,food_service,3280.0,9.17,22,901.000,BDG2 v1.0
Lamb_food_Sylvia,2017-02-21,food_service,3280.0,9.00,22,905.600,BDG2 v1.0
Lamb_food_Sylvia,2017-02-22,food_service,3280.0,9.25,22,897.700,BDG2 v1.0
Lamb_food_Sylvia,2017-02-23,food_service,3280.0,8.21,20,811.800,BDG2 v1.0
Lamb_food_Sylvia,2017-02-24,food_service,3280.0,5.96,22,893.200,BDG2 v1.0
Lamb_food_Sylvia,2017-02-25,food_service,3280.0,8.62,20,812.100,BDG2 v1.0
Lamb_food_Sylvia,2017-02-26,food_service,3280.0,8.67,24,911.600,BDG2 v1.0
Lamb_food_Sylvia,2017-02-27,food_service,3280.0,5.71,21,862.600,BDG2 v1.0
Lamb_food_Sylvia,2017-03-02,food_service,3280.0,7.79,21,859.700,BDG2 v1.0
Lamb_food_Sylvia,2017-03-04,food_service,3280.0,7.12,22,905.600,BDG2 v1.0
Lamb_food_Sylvia,2017-03-05,food_service,3280.0,6.88,24,896.400,BDG2 v1.0
Lamb_food_Sylvia,2017-03-06,food_service,3280.0,5.42,23,943.600,BDG2 v1.0
Lamb_food_Sylvia,2017-03-07,food_service,3280.0,6.25,24,18.545,BDG2 v1.0
Lamb_food_Sylvia,2017-03-08,food_service,3280.0,9.33,24,0.046,BDG2 v1.0
Lamb_food_Sylvia,2017-03-09,food_service,3280.0,9.88,24,0.046,BDG2 v1.0
Lamb_food_Sylvia,2017-03-10,food_service,3280.0,9.83,24,0.046,BDG2 v1.0
Lamb_food_Sylvia,2017-03-11,food_service,3280.0,10.17,24,0.046,BDG2 v1.0
Lamb_food_Sylvia,2017-03-12,food_service,3280.0,8.83,24,0.046,BDG2 v1.0
Lamb_food_Sylvia,2017-03-13,food_service,3280.0,7.42,24,0.046,BDG2 v1.0
Lamb_food_Sylvia,2017-03-14,food_service,3280.0,9.62,24,0.046,BDG2 v1.0
Lamb_food_Sylvia,2017-03-15,food_service,3280.0,7.75,24,0.046,BDG2 v1.0
Lamb_food_Sylvia,2017-03-16,food_service,3280.0,8.04,24,0.046,BDG2 v1.0
Lamb_food_Sylvia,2017-03-17,food_service,3280.0,7.00,24,0.046,BDG2 v1.0
Lamb_food_Sylvia,2017-03-18,food_service,3280.0,9.92,24,0.046,BDG2 v1.0
Lamb_food_Sylvia,2017-03-19,food_service,3280.0,10.00,24,0.046,BDG2 v1.0
Lamb_food_Sylvia,2017-03-20,food_service,3280.0,9.21,24,0.046,BDG2 v1.0
Lamb_food_Sylvia,2017-03-21,food_service,3280.0,6.58,24,0.046,BDG2 v1.0
Lamb_food_Sylvia,2017-03-22,food_service,3280.0,5.88,24,0.046,BDG2 v1.0
Lamb_food_Sylvia,2017-03-23,food_service,3280.0,6.58,24,0.046,BDG2 v1.0
Lamb_food_Sylvia,2017-03-24,food_service,3280.0,8.58,24,0.046,BDG2 v1.0
Lamb_food_Sylvia,2017-03-25,food_service,3280.0,9.58,24,0.046,BDG2 v1.0
Lamb_food_Sylvia,2017-03-26,food_service,3280.0,10.61,24,0.046,BDG2 v1.0
Lamb_food_Sylvia,2017-03-27,food_service,3280.0,8.04,24,0.046,BDG2 v1.0
Lamb_food_Sylvia,2017-03-28,food_service,3280.0,9.38,24,0.046,BDG2 v1.0
Lamb_food_Sylvia,2017-03-29,food_service,3280.0,11.58,24,0.046,BDG2 v1.0
Lamb_food_Sylvia,2017-03-30,food_service,3280.0,12.83,24,0.046,BDG2 v1.0
Lamb_food_Sylvia,2017-03-31,food_service,3280.0,11.79,24,0.046,BDG2 v1.0
Lamb_food_Sylvia,2017-04-01,food_service,3280.0,10.08,24,0.046,BDG2 v1.0
Lamb_food_Sylvia,2017-04-02,food_service,3280.0,9.21,24,0.046,BDG2 v1.0
Lamb_food_Sylvia,2017-04-03,food_service,3280.0,9.25,24,0.046,BDG2 v1.0
Lamb_food_Sylvia,2017-04-04,food_service,3280.0,10.67,24,162.302,BDG2 v1.0
Lamb_food_Sylvia,2017-04-05,food_service,3280.0,8.50,24,164.000,BDG2 v1.0
Lamb_food_Sylvia,2017-04-06,food_service,3280.0,8.75,24,158.200,BDG2 v1.0
Lamb_food_Sylvia,2017-04-07,food_service,3280.0,9.04,24,168.900,BDG2 v1.0
Lamb_food_Sylvia,2017-04-08,food_service,3280.0,11.17,24,160.300,BDG2 v1.0
Lamb_food_Sylvia,2017-04-09,food_service,3280.0,11.29,24,60.000,BDG2 v1.0
Lamb_food_Sylvia,2017-04-10,food_service,3280.0,9.50,24,152.700,BDG2 v1.0
Lamb_food_Sylvia,2017-04-11,food_service,3280.0,8.33,24,3.700,BDG2 v1.0
Lamb_food_Sylvia,2017-04-12,food_service,3280.0,9.79,24,154.100,BDG2 v1.0
Lamb_food_Sylvia,2017-04-13,food_service,3280.0,8.67,24,164.100,BDG2 v1.0
Lamb_food_Sylvia,2017-04-14,food_service,3280.0,9.25,24,175.000,BDG2 v1.0
Lamb_food_Sylvia,2017-04-15,food_service,3280.0,9.21,24,199.900,BDG2 v1.0
Lamb_food_Sylvia,2017-04-16,food_service,3280.0,8.50,24,111.200,BDG2 v1.0
Lamb_food_Sylvia,2017-04-17,food_service,3280.0,10.58,24,63.200,BDG2 v1.0
Lamb_food_Sylvia,2017-04-18,food_service,3280.0,8.33,24,171.900,BDG2 v1.0
Lamb_food_Sylvia,2017-04-19,food_service,3280.0,8.83,24,163.800,BDG2 v1.0
Lamb_food_Sylvia,2017-04-20,food_service,3280.0,9.50,24,166.900,BDG2 v1.0
Lamb_food_Sylvia,2017-04-21,food_service,3280.0,10.50,24,163.500,BDG2 v1.0
Lamb_food_Sylvia,2017-04-22,food_service,3280.0,11.96,24,158.000,BDG2 v1.0
Lamb_food_Sylvia,2017-04-23,food_service,3280.0,10.12,24,62.100,BDG2 v1.0
Lamb_food_Sylvia,2017-04-24,food_service,3280.0,9.38,24,163.100,BDG2 v1.0
Lamb_food_Sylvia,2017-04-25,food_service,3280.0,5.96,24,165.000,BDG2 v1.0
Lamb_food_Sylvia,2017-04-26,food_service,3280.0,5.79,24,169.000,BDG2 v1.0
Lamb_food_Sylvia,2017-04-27,food_service,3280.0,6.58,24,172.000,BDG2 v1.0
Lamb_food_Sylvia,2017-04-28,food_service,3280.0,8.83,24,179.000,BDG2 v1.0
Lamb_food_Sylvia,2017-04-29,food_service,3280.0,10.42,24,173.000,BDG2 v1.0
Lamb_food_Sylvia,2017-04-30,food_service,3280.0,11.00,24,76.500,BDG2 v1.0
Lamb_food_Sylvia,2017-05-01,food_service,3280.0,10.46,24,71.800,BDG2 v1.0
Lamb_food_Sylvia,2017-05-02,food_service,3280.0,11.38,24,158.600,BDG2 v1.0
Lamb_food_Sylvia,2017-05-03,food_service,3280.0,11.21,24,167.400,BDG2 v1.0
Lamb_food_Sylvia,2017-05-04,food_service,3280.0,12.33,24,170.400,BDG2 v1.0
Lamb_food_Sylvia,2017-05-05,food_service,3280.0,11.92,24,168.700,BDG2 v1.0
Lamb_food_Sylvia,2017-05-06,food_service,3280.0,11.88,24,160.400,BDG2 v1.0
Lamb_food_Sylvia,2017-05-07,food_service,3280.0,11.58,24,58.800,BDG2 v1.0
Lamb_food_Sylvia,2017-05-08,food_service,3280.0,11.08,24,159.100,BDG2 v1.0
Lamb_food_Sylvia,2017-05-09,food_service,3280.0,10.08,24,10.800,BDG2 v1.0
Lamb_food_Sylvia,2017-05-10,food_service,3280.0,11.25,24,0.000,BDG2 v1.0
Lamb_food_Sylvia,2017-05-11,food_service,3280.0,12.92,24,0.000,BDG2 v1.0
Lamb_food_Sylvia,2017-05-12,food_service,3280.0,13.04,24,0.000,BDG2 v1.0
Lamb_food_Sylvia,2017-05-13,food_service,3280.0,13.00,24,0.000,BDG2 v1.0
Lamb_food_Sylvia,2017-05-14,food_service,3280.0,12.12,24,0.000,BDG2 v1.0
Lamb_food_Sylvia,2017-05-15,food_service,3280.0,13.50,24,0.000,BDG2 v1.0
Lamb_food_Sylvia,2017-05-16,food_service,3280.0,14.79,24,0.000,BDG2 v1.0
Lamb_food_Sylvia,2017-05-17,food_service,3280.0,11.17,24,0.000,BDG2 v1.0
Lamb_food_Sylvia,2017-05-18,food_service,3280.0,11.00,24,0.000,BDG2 v1.0
Lamb_food_Sylvia,2017-05-19,food_service,3280.0,10.29,24,0.000,BDG2 v1.0
Lamb_food_Sylvia,2017-05-20,food_service,3280.0,11.00,24,0.000,BDG2 v1.0
Lamb_food_Sylvia,2017-05-21,food_service,3280.0,13.21,24,0.000,BDG2 v1.0
Lamb_food_Sylvia,2017-05-22,food_service,3280.0,14.58,24,0.000,BDG2 v1.0
Lamb_food_Sylvia,2017-05-23,food_service,3280.0,13.67,24,0.000,BDG2 v1.0
Lamb_food_Sylvia,2017-05-24,food_service,3280.0,16.00,24,0.000,BDG2 v1.0
Lamb_food_Sylvia,2017-05-25,food_service,3280.0,18.96,24,0.000,BDG2 v1.0
Lamb_food_Sylvia,2017-05-26,food_service,3280.0,20.00,24,0.000,BDG2 v1.0
Lamb_food_Sylvia,2017-05-27,food_service,3280.0,15.83,24,0.000,BDG2 v1.0
Lamb_food_Sylvia,2017-05-28,food_service,3280.0,16.12,24,0.000,BDG2 v1.0
Lamb_food_Sylvia,2017-05-29,food_service,3280.0,15.96,24,0.000,BDG2 v1.0
Lamb_food_Sylvia,2017-05-30,food_service,3280.0,14.46,24,0.000,BDG2 v1.0
Lamb_food_Sylvia,2017-05-31,food_service,3280.0,15.92,24,0.000,BDG2 v1.0
Lamb_food_Sylvia,2017-06-01,food_service,3280.0,16.08,24,0.000,BDG2 v1.0
Lamb_food_Sylvia,2017-06-02,food_service,3280.0,14.29,24,0.000,BDG2 v1.0
Lamb_food_Sylvia,2017-06-03,food_service,3280.0,12.71,24,0.000,BDG2 v1.0
Lamb_food_Sylvia,2017-06-04,food_service,3280.0,12.88,24,0.000,BDG2 v1.0
Lamb_food_Sylvia,2017-06-05,food_service,3280.0,13.21,24,0.000,BDG2 v1.0
Lamb_food_Sylvia,2017-06-06,food_service,3280.0,12.58,24,0.000,BDG2 v1.0
Lamb_food_Sylvia,2017-06-07,food_service,3280.0,13.00,24,0.000,BDG2 v1.0
Lamb_food_Sylvia,2017-06-08,food_service,3280.0,14.46,24,0.000,BDG2 v1.0
Lamb_food_Sylvia,2017-06-09,food_service,3280.0,14.08,24,0.000,BDG2 v1.0
Lamb_food_Sylvia,2017-06-10,food_service,3280.0,15.83,24,0.000,BDG2 v1.0
Lamb_food_Sylvia,2017-06-11,food_service,3280.0,14.79,24,0.000,BDG2 v1.0
Lamb_food_Sylvia,2017-06-12,food_service,3280.0,13.96,24,0.000,BDG2 v1.0
Lamb_food_Sylvia,2017-06-13,food_service,3280.0,15.17,24,0.000,BDG2 v1.0
Lamb_food_Sylvia,2017-06-14,food_service,3280.0,16.58,24,0.000,BDG2 v1.0
Lamb_food_Sylvia,2017-06-15,food_service,3280.0,14.42,24,0.000,BDG2 v1.0
Lamb_food_Sylvia,2017-06-16,food_service,3280.0,15.17,24,0.000,BDG2 v1.0
Lamb_food_Sylvia,2017-06-17,food_service,3280.0,17.04,24,0.000,BDG2 v1.0
Lamb_food_Sylvia,2017-06-18,food_service,3280.0,20.04,24,0.000,BDG2 v1.0
Lamb_food_Sylvia,2017-06-19,food_service,3280.0,23.29,24,0.000,BDG2 v1.0
Lamb_food_Sylvia,2017-06-20,food_service,3280.0,23.67,24,120.900,BDG2 v1.0
Lamb_food_Sylvia,2017-06-21,food_service,3280.0,22.71,24,117.700,BDG2 v1.0
Lamb_food_Sylvia,2017-06-22,food_service,3280.0,16.33,24,152.100,BDG2 v1.0
Lamb_food_Sylvia,2017-06-23,food_service,3280.0,16.17,24,156.900,BDG2 v1.0
Lamb_food_Sylvia,2017-06-24,food_service,3280.0,15.62,24,166.300,BDG2 v1.0
Lamb_food_Sylvia,2017-06-25,food_service,3280.0,15.58,24,90.000,BDG2 v1.0
Lamb_food_Sylvia,2017-06-26,food_service,3280.0,16.17,24,147.900,BDG2 v1.0
Lamb_food_Sylvia,2017-06-27,food_service,3280.0,17.29,24,152.700,BDG2 v1.0
Lamb_food_Sylvia,2017-06-28,food_service,3280.0,14.92,24,156.700,BDG2 v1.0
Lamb_food_Sylvia,2017-06-29,food_service,3280.0,13.33,24,160.000,BDG2 v1.0
Lamb_food_Sylvia,2017-06-30,food_service,3280.0,14.86,24,159.000,BDG2 v1.0
Lamb_food_Sylvia,2017-07-01,food_service,3280.0,15.00,24,132.300,BDG2 v1.0
Lamb_food_Sylvia,2017-07-02,food_service,3280.0,15.38,24,56.800,BDG2 v1.0
Lamb_food_Sylvia,2017-07-03,food_service,3280.0,16.17,24,127.100,BDG2 v1.0
Lamb_food_Sylvia,2017-07-04,food_service,3280.0,16.79,24,151.300,BDG2 v1.0
Lamb_food_Sylvia,2017-07-05,food_service,3280.0,18.38,24,147.900,BDG2 v1.0
Lamb_food_Sylvia,2017-07-06,food_service,3280.0,18.96,24,143.100,BDG2 v1.0
Lamb_food_Sylvia,2017-07-07,food_service,3280.0,16.92,24,126.800,BDG2 v1.0
Lamb_food_Sylvia,2017-07-08,food_service,3280.0,17.71,24,135.300,BDG2 v1.0
Lamb_food_Sylvia,2017-07-09,food_service,3280.0,18.33,24,57.700,BDG2 v1.0
Lamb_food_Sylvia,2017-07-10,food_service,3280.0,15.96,24,149.200,BDG2 v1.0
Lamb_food_Sylvia,2017-07-11,food_service,3280.0,15.33,24,150.600,BDG2 v1.0
Lamb_food_Sylvia,2017-07-12,food_service,3280.0,16.58,24,151.600,BDG2 v1.0
Lamb_food_Sylvia,2017-07-13,food_service,3280.0,16.62,24,123.300,BDG2 v1.0
Lamb_food_Sylvia,2017-07-14,food_service,3280.0,16.04,24,147.700,BDG2 v1.0
Lamb_food_Sylvia,2017-07-15,food_service,3280.0,16.17,24,152.800,BDG2 v1.0
Lamb_food_Sylvia,2017-07-16,food_service,3280.0,17.54,24,52.900,BDG2 v1.0
Lamb_food_Sylvia,2017-07-17,food_service,3280.0,17.46,24,116.200,BDG2 v1.0
Lamb_food_Sylvia,2017-07-18,food_service,3280.0,21.12,24,146.900,BDG2 v1.0
Lamb_food_Sylvia,2017-07-19,food_service,3280.0,18.42,24,150.200,BDG2 v1.0
Lamb_food_Sylvia,2017-07-20,food_service,3280.0,15.38,24,140.400,BDG2 v1.0
Lamb_food_Sylvia,2017-07-21,food_service,3280.0,15.08,24,157.900,BDG2 v1.0
Lamb_food_Sylvia,2017-07-22,food_service,3280.0,14.58,24,154.600,BDG2 v1.0
Lamb_food_Sylvia,2017-07-23,food_service,3280.0,14.21,24,50.200,BDG2 v1.0
Lamb_food_Sylvia,2017-07-24,food_service,3280.0,18.00,24,143.300,BDG2 v1.0
Lamb_food_Sylvia,2017-07-25,food_service,3280.0,17.38,24,144.100,BDG2 v1.0
Lamb_food_Sylvia,2017-07-26,food_service,3280.0,16.62,24,142.200,BDG2 v1.0
Lamb_food_Sylvia,2017-07-27,food_service,3280.0,15.71,24,149.300,BDG2 v1.0
Lamb_food_Sylvia,2017-07-28,food_service,3280.0,16.62,24,159.400,BDG2 v1.0
Lamb_food_Sylvia,2017-07-29,food_service,3280.0,15.54,24,149.900,BDG2 v1.0
Lamb_food_Sylvia,2017-07-30,food_service,3280.0,15.00,24,101.000,BDG2 v1.0
Lamb_food_Sylvia,2017-07-31,food_service,3280.0,15.92,24,151.500,BDG2 v1.0
Lamb_food_Sylvia,2017-08-01,food_service,3280.0,16.29,24,133.200,BDG2 v1.0
Lamb_food_Sylvia,2017-08-02,food_service,3280.0,16.96,24,160.900,BDG2 v1.0
Lamb_food_Sylvia,2017-08-03,food_service,3280.0,16.46,24,161.700,BDG2 v1.0
Lamb_food_Sylvia,2017-08-04,food_service,3280.0,16.46,24,155.200,BDG2 v1.0
Lamb_food_Sylvia,2017-08-05,food_service,3280.0,15.33,24,157.400,BDG2 v1.0
Lamb_food_Sylvia,2017-08-06,food_service,3280.0,15.88,24,60.200,BDG2 v1.0
Lamb_food_Sylvia,2017-08-07,food_service,3280.0,15.67,24,152.200,BDG2 v1.0
Lamb_food_Sylvia,2017-08-08,food_service,3280.0,15.00,24,157.300,BDG2 v1.0
Lamb_food_Sylvia,2017-08-09,food_service,3280.0,14.42,24,157.500,BDG2 v1.0
Lamb_food_Sylvia,2017-08-10,food_service,3280.0,15.17,24,129.200,BDG2 v1.0
Lamb_food_Sylvia,2017-08-11,food_service,3280.0,14.33,24,147.600,BDG2 v1.0
Lamb_food_Sylvia,2017-08-12,food_service,3280.0,15.96,24,156.400,BDG2 v1.0
Lamb_food_Sylvia,2017-08-13,food_service,3280.0,14.71,24,51.600,BDG2 v1.0
Lamb_food_Sylvia,2017-08-14,food_service,3280.0,15.38,24,124.300,BDG2 v1.0
Lamb_food_Sylvia,2017-08-15,food_service,3280.0,16.29,24,18.900,BDG2 v1.0
Lamb_food_Sylvia,2017-08-16,food_service,3280.0,16.25,24,15.833,BDG2 v1.0
Lamb_food_Sylvia,2017-08-17,food_service,3280.0,17.79,24,0.834,BDG2 v1.0
Lamb_food_Sylvia,2017-08-18,food_service,3280.0,14.96,24,0.078,BDG2 v1.0
Lamb_food_Sylvia,2017-08-19,food_service,3280.0,15.00,24,0.079,BDG2 v1.0
Lamb_food_Sylvia,2017-08-20,food_service,3280.0,14.96,24,0.079,BDG2 v1.0
Lamb_food_Sylvia,2017-08-21,food_service,3280.0,18.12,24,0.079,BDG2 v1.0
Lamb_food_Sylvia,2017-08-22,food_service,3280.0,18.21,24,0.079,BDG2 v1.0
Lamb_food_Sylvia,2017-08-23,food_service,3280.0,16.92,24,0.079,BDG2 v1.0
Lamb_food_Sylvia,2017-08-24,food_service,3280.0,16.12,24,0.079,BDG2 v1.0
Lamb_food_Sylvia,2017-08-25,food_service,3280.0,15.42,24,0.079,BDG2 v1.0
Lamb_food_Sylvia,2017-08-26,food_service,3280.0,16.58,24,0.079,BDG2 v1.0
Lamb_food_Sylvia,2017-08-27,food_service,3280.0,18.08,24,0.079,BDG2 v1.0
Lamb_food_Sylvia,2017-08-28,food_service,3280.0,17.29,24,0.079,BDG2 v1.0
Lamb_food_Sylvia,2017-08-29,food_service,3280.0,16.42,24,0.079,BDG2 v1.0
Lamb_food_Sylvia,2017-08-30,food_service,3280.0,13.71,24,0.079,BDG2 v1.0
Lamb_food_Sylvia,2017-08-31,food_service,3280.0,14.12,24,0.079,BDG2 v1.0
Lamb_food_Sylvia,2017-09-01,food_service,3280.0,13.92,24,0.079,BDG2 v1.0
Lamb_food_Sylvia,2017-09-02,food_service,3280.0,14.00,24,0.079,BDG2 v1.0
Lamb_food_Sylvia,2017-09-03,food_service,3280.0,14.71,24,0.079,BDG2 v1.0
Lamb_food_Sylvia,2017-09-04,food_service,3280.0,17.12,24,0.079,BDG2 v1.0
Lamb_food_Sylvia,2017-09-05,food_service,3280.0,17.25,24,0.079,BDG2 v1.0
Lamb_food_Sylvia,2017-09-06,food_service,3280.0,15.46,24,0.079,BDG2 v1.0
Lamb_food_Sylvia,2017-09-07,food_service,3280.0,15.42,24,0.079,BDG2 v1.0
Lamb_food_Sylvia,2017-09-08,food_service,3280.0,15.25,24,0.079,BDG2 v1.0
Lamb_food_Sylvia,2017-09-09,food_service,3280.0,13.12,24,0.079,BDG2 v1.0
Lamb_food_Sylvia,2017-09-10,food_service,3280.0,13.38,24,0.079,BDG2 v1.0
Lamb_food_Sylvia,2017-09-11,food_service,3280.0,14.12,24,0.079,BDG2 v1.0
Lamb_food_Sylvia,2017-09-12,food_service,3280.0,13.71,24,0.079,BDG2 v1.0
Lamb_food_Sylvia,2017-09-13,food_service,3280.0,13.08,24,0.079,BDG2 v1.0
Lamb_food_Sylvia,2017-09-14,food_service,3280.0,11.29,24,0.079,BDG2 v1.0
Lamb_food_Sylvia,2017-09-15,food_service,3280.0,11.29,24,0.079,BDG2 v1.0
Lamb_food_Sylvia,2017-09-16,food_service,3280.0,10.54,24,0.079,BDG2 v1.0
Lamb_food_Sylvia,2017-09-17,food_service,3280.0,11.21,24,0.079,BDG2 v1.0
Lamb_food_Sylvia,2017-09-18,food_service,3280.0,12.04,24,0.079,BDG2 v1.0
Lamb_food_Sylvia,2017-09-19,food_service,3280.0,12.79,24,0.079,BDG2 v1.0
Lamb_food_Sylvia,2017-09-20,food_service,3280.0,15.04,24,0.079,BDG2 v1.0
Lamb_food_Sylvia,2017-09-21,food_service,3280.0,14.08,24,0.079,BDG2 v1.0
Lamb_food_Sylvia,2017-09-22,food_service,3280.0,13.42,24,0.079,BDG2 v1.0
Lamb_food_Sylvia,2017-09-23,food_service,3280.0,15.62,24,0.079,BDG2 v1.0
Lamb_food_Sylvia,2017-09-24,food_service,3280.0,15.21,24,0.079,BDG2 v1.0
Lamb_food_Sylvia,2017-09-25,food_service,3280.0,15.21,24,0.079,BDG2 v1.0
Lamb_food_Sylvia,2017-09-26,food_service,3280.0,14.71,24,0.079,BDG2 v1.0
Lamb_food_Sylvia,2017-09-27,food_service,3280.0,15.00,24,0.079,BDG2 v1.0
Lamb_food_Sylvia,2017-09-28,food_service,3280.0,14.71,24,0.079,BDG2 v1.0
Lamb_food_Sylvia,2017-09-29,food_service,3280.0,14.83,24,0.079,BDG2 v1.0
Lamb_food_Sylvia,2017-09-30,food_service,3280.0,14.00,24,0.079,BDG2 v1.0
Lamb_food_Sylvia,2017-10-01,food_service,3280.0,15.50,24,0.079,BDG2 v1.0
Lamb_food_Sylvia,2017-10-02,food_service,3280.0,13.92,24,0.079,BDG2 v1.0
Lamb_food_Sylvia,2017-10-03,food_service,3280.0,11.00,24,0.079,BDG2 v1.0
Lamb_food_Sylvia,2017-10-04,food_service,3280.0,12.92,24,0.079,BDG2 v1.0
Lamb_food_Sylvia,2017-10-05,food_service,3280.0,13.38,24,0.079,BDG2 v1.0
Lamb_food_Sylvia,2017-10-06,food_service,3280.0,10.62,24,0.079,BDG2 v1.0
Lamb_food_Sylvia,2017-10-07,food_service,3280.0,13.67,24,0.079,BDG2 v1.0
Lamb_food_Sylvia,2017-10-08,food_service,3280.0,13.46,24,0.079,BDG2 v1.0
Lamb_food_Sylvia,2017-10-09,food_service,3280.0,13.62,24,0.079,BDG2 v1.0
Lamb_food_Sylvia,2017-10-10,food_service,3280.0,14.62,24,0.079,BDG2 v1.0
Lamb_food_Sylvia,2017-10-11,food_service,3280.0,14.83,24,0.079,BDG2 v1.0
Lamb_food_Sylvia,2017-10-12,food_service,3280.0,14.00,24,0.079,BDG2 v1.0
Lamb_food_Sylvia,2017-10-13,food_service,3280.0,16.83,24,0.079,BDG2 v1.0
Lamb_food_Sylvia,2017-10-14,food_service,3280.0,15.92,24,0.079,BDG2 v1.0
Lamb_food_Sylvia,2017-10-15,food_service,3280.0,15.21,24,0.079,BDG2 v1.0
Lamb_food_Sylvia,2017-10-16,food_service,3280.0,16.08,24,0.079,BDG2 v1.0
Lamb_food_Sylvia,2017-10-17,food_service,3280.0,13.04,24,0.079,BDG2 v1.0
Lamb_food_Sylvia,2017-10-18,food_service,3280.0,11.08,24,0.079,BDG2 v1.0
Lamb_food_Sylvia,2017-10-19,food_service,3280.0,12.83,24,0.079,BDG2 v1.0
Lamb_food_Sylvia,2017-10-20,food_service,3280.0,12.79,24,0.079,BDG2 v1.0
Lamb_food_Sylvia,2017-10-21,food_service,3280.0,12.83,24,0.079,BDG2 v1.0
Lamb_food_Sylvia,2017-10-22,food_service,3280.0,11.29,24,0.079,BDG2 v1.0
Lamb_food_Sylvia,2017-10-23,food_service,3280.0,13.75,24,0.079,BDG2 v1.0
Lamb_food_Sylvia,2017-10-24,food_service,3280.0,15.38,24,0.079,BDG2 v1.0
Lamb_food_Sylvia,2017-10-25,food_service,3280.0,13.17,24,0.079,BDG2 v1.0
Lamb_food_Sylvia,2017-10-26,food_service,3280.0,12.12,24,0.079,BDG2 v1.0
Lamb_food_Sylvia,2017-10-27,food_service,3280.0,11.21,24,0.079,BDG2 v1.0
Lamb_food_Sylvia,2017-10-28,food_service,3280.0,10.75,24,0.079,BDG2 v1.0
Lamb_food_Sylvia,2017-10-29,food_service,3280.0,12.92,24,0.079,BDG2 v1.0
Lamb_food_Sylvia,2017-10-30,food_service,3280.0,7.42,24,0.079,BDG2 v1.0
Lamb_food_Sylvia,2017-10-31,food_service,3280.0,11.38,24,0.079,BDG2 v1.0
Lamb_food_Sylvia,2017-11-01,food_service,3280.0,10.04,24,0.079,BDG2 v1.0
Lamb_food_Sylvia,2017-11-02,food_service,3280.0,8.83,24,0.079,BDG2 v1.0
Lamb_food_Sylvia,2017-11-03,food_service,3280.0,9.42,24,0.079,BDG2 v1.0
Lamb_food_Sylvia,2017-11-04,food_service,3280.0,9.79,24,0.079,BDG2 v1.0
Lamb_food_Sylvia,2017-11-05,food_service,3280.0,6.50,24,0.079,BDG2 v1.0
Lamb_food_Sylvia,2017-11-06,food_service,3280.0,8.04,24,0.079,BDG2 v1.0
Lamb_food_Sylvia,2017-11-07,food_service,3280.0,9.00,24,0.079,BDG2 v1.0
Lamb_food_Sylvia,2017-11-08,food_service,3280.0,5.58,24,0.079,BDG2 v1.0
Lamb_food_Sylvia,2017-11-09,food_service,3280.0,10.50,24,0.079,BDG2 v1.0
Lamb_food_Sylvia,2017-11-10,food_service,3280.0,10.71,24,0.079,BDG2 v1.0
Lamb_food_Sylvia,2017-11-11,food_service,3280.0,11.83,24,0.079,BDG2 v1.0
Lamb_food_Sylvia,2017-11-12,food_service,3280.0,6.46,24,0.079,BDG2 v1.0
Lamb_food_Sylvia,2017-11-13,food_service,3280.0,5.79,24,0.079,BDG2 v1.0
Lamb_food_Sylvia,2017-11-14,food_service,3280.0,11.08,24,0.079,BDG2 v1.0
Lamb_food_Sylvia,2017-11-15,food_service,3280.0,11.12,24,0.079,BDG2 v1.0
Lamb_food_Sylvia,2017-11-16,food_service,3280.0,9.62,24,0.079,BDG2 v1.0
Lamb_food_Sylvia,2017-11-17,food_service,3280.0,4.92,24,0.079,BDG2 v1.0
Lamb_food_Sylvia,2017-11-18,food_service,3280.0,9.54,24,0.079,BDG2 v1.0
Lamb_food_Sylvia,2017-11-19,food_service,3280.0,7.71,24,0.079,BDG2 v1.0
Lamb_food_Sylvia,2017-11-20,food_service,3280.0,11.62,24,0.079,BDG2 v1.0
Lamb_food_Sylvia,2017-11-21,food_service,3280.0,12.42,24,0.079,BDG2 v1.0
Lamb_food_Sylvia,2017-11-22,food_service,3280.0,13.92,24,0.079,BDG2 v1.0
Lamb_food_Sylvia,2017-11-23,food_service,3280.0,9.00,24,0.079,BDG2 v1.0
Lamb_food_Sylvia,2017-11-24,food_service,3280.0,5.08,24,0.079,BDG2 v1.0
Lamb_food_Sylvia,2017-11-25,food_service,3280.0,3.62,24,0.079,BDG2 v1.0
Lamb_food_Sylvia,2017-11-26,food_service,3280.0,6.25,24,0.079,BDG2 v1.0
Lamb_food_Sylvia,2017-11-27,food_service,3280.0,8.62,24,0.079,BDG2 v1.0
Lamb_food_Sylvia,2017-11-28,food_service,3280.0,4.38,24,0.079,BDG2 v1.0
Lamb_food_Sylvia,2017-11-29,food_service,3280.0,3.17,24,0.079,BDG2 v1.0
Lamb_food_Sylvia,2017-11-30,food_service,3280.0,2.04,24,0.079,BDG2 v1.0
Lamb_food_Sylvia,2017-12-01,food_service,3280.0,3.67,24,0.079,BDG2 v1.0
Lamb_food_Sylvia,2017-12-02,food_service,3280.0,5.79,24,0.079,BDG2 v1.0
Lamb_food_Sylvia,2017-12-03,food_service,3280.0,7.71,24,0.079,BDG2 v1.0
Lamb_food_Sylvia,2017-12-04,food_service,3280.0,7.46,24,0.079,BDG2 v1.0
Lamb_food_Sylvia,2017-12-05,food_service,3280.0,8.12,24,0.079,BDG2 v1.0
Lamb_food_Sylvia,2017-12-06,food_service,3280.0,9.88,24,0.079,BDG2 v1.0
Lamb_food_Sylvia,2017-12-07,food_service,3280.0,9.12,24,0.079,BDG2 v1.0
Lamb_food_Sylvia,2017-12-08,food_service,3280.0,3.08,24,0.079,BDG2 v1.0
Lamb_food_Sylvia,2017-12-09,food_service,3280.0,1.75,24,0.079,BDG2 v1.0
Lamb_food_Sylvia,2017-12-10,food_service,3280.0,2.04,24,0.079,BDG2 v1.0
Lamb_food_Sylvia,2017-12-11,food_service,3280.0,1.25,24,0.079,BDG2 v1.0
Lamb_food_Sylvia,2017-12-12,food_service,3280.0,3.17,24,0.079,BDG2 v1.0
Lamb_food_Sylvia,2017-12-13,food_service,3280.0,7.12,24,0.079,BDG2 v1.0
Lamb_food_Sylvia,2017-12-14,food_service,3280.0,5.00,24,0.079,BDG2 v1.0
Lamb_food_Sylvia,2017-12-15,food_service,3280.0,4.79,24,0.079,BDG2 v1.0
Lamb_food_Sylvia,2017-12-16,food_service,3280.0,3.71,24,0.079,BDG2 v1.0
Lamb_food_Sylvia,2017-12-17,food_service,3280.0,7.46,24,0.079,BDG2 v1.0
Lamb_food_Sylvia,2017-12-18,food_service,3280.0,5.33,24,0.079,BDG2 v1.0
Lamb_food_Sylvia,2017-12-19,food_service,3280.0,5.54,24,0.079,BDG2 v1.0
Lamb_food_Sylvia,2017-12-20,food_service,3280.0,9.96,24,0.079,BDG2 v1.0
Lamb_food_Sylvia,2017-12-21,food_service,3280.0,10.00,24,0.079,BDG2 v1.0
Lamb_food_Sylvia,2017-12-22,food_service,3280.0,9.75,24,0.079,BDG2 v1.0
Lamb_food_Sylvia,2017-12-23,food_service,3280.0,8.83,24,0.079,BDG2 v1.0
Lamb_food_Sylvia,2017-12-24,food_service,3280.0,8.96,24,0.079,BDG2 v1.0
Lamb_food_Sylvia,2017-12-25,food_service,3280.0,9.21,24,0.079,BDG2 v1.0
Lamb_food_Sylvia,2017-12-26,food_service,3280.0,5.42,24,0.079,BDG2 v1.0
Lamb_food_Sylvia,2017-12-27,food_service,3280.0,2.67,24,0.079,BDG2 v1.0
Lamb_food_Sylvia,2017-12-28,food_service,3280.0,2.17,24,0.079,BDG2 v1.0
Lamb_food_Sylvia,2017-12-29,food_service,3280.0,6.92,24,0.079,BDG2 v1.0
Lamb_food_Sylvia,2017-12-30,food_service,3280.0,10.29,24,0.079,BDG2 v1.0
Lamb_food_Sylvia,2017-12-31,food_service,3280.0,9.50,24,0.079,BDG2 v1.0
Lamb_lodging_Harley,2016-01-01,hotel,1587.0,6.91,24,58.900,BDG2 v1.0
Lamb_lodging_Harley,2016-01-02,hotel,1587.0,9.67,24,60.700,BDG2 v1.0
Lamb_lodging_Harley,2016-01-03,hotel,1587.0,8.33,24,60.900,BDG2 v1.0
Lamb_lodging_Harley,2016-01-04,hotel,1587.0,8.33,20,108.700,BDG2 v1.0
Lamb_lodging_Harley,2016-01-05,hotel,1587.0,7.92,24,134.800,BDG2 v1.0
Lamb_lodging_Harley,2016-01-06,hotel,1587.0,6.00,24,117.600,BDG2 v1.0
Lamb_lodging_Harley,2016-01-07,hotel,1587.0,7.48,24,137.100,BDG2 v1.0
Lamb_lodging_Harley,2016-01-08,hotel,1587.0,7.54,24,120.100,BDG2 v1.0
Lamb_lodging_Harley,2016-01-09,hotel,1587.0,8.25,24,107.700,BDG2 v1.0
Lamb_lodging_Harley,2016-01-10,hotel,1587.0,6.17,24,101.600,BDG2 v1.0
Lamb_lodging_Harley,2016-01-11,hotel,1587.0,5.92,24,159.700,BDG2 v1.0
Lamb_lodging_Harley,2016-01-12,hotel,1587.0,5.83,24,121.500,BDG2 v1.0
Lamb_lodging_Harley,2016-01-13,hotel,1587.0,4.54,20,112.300,BDG2 v1.0
Lamb_lodging_Harley,2016-01-14,hotel,1587.0,3.29,24,161.700,BDG2 v1.0
Lamb_lodging_Harley,2016-01-15,hotel,1587.0,2.75,24,112.400,BDG2 v1.0
Lamb_lodging_Harley,2016-01-16,hotel,1587.0,2.83,24,100.500,BDG2 v1.0
Lamb_lodging_Harley,2016-01-17,hotel,1587.0,5.58,24,100.600,BDG2 v1.0
Lamb_lodging_Harley,2016-01-18,hotel,1587.0,4.83,24,120.300,BDG2 v1.0
Lamb_lodging_Harley,2016-01-19,hotel,1587.0,0.83,22,143.500,BDG2 v1.0
Lamb_lodging_Harley,2016-01-20,hotel,1587.0,0.62,24,4.314,BDG2 v1.0
Lamb_lodging_Harley,2016-01-21,hotel,1587.0,5.58,24,146.386,BDG2 v1.0
Lamb_lodging_Harley,2016-01-22,hotel,1587.0,9.29,24,116.900,BDG2 v1.0
Lamb_lodging_Harley,2016-01-23,hotel,1587.0,9.04,24,102.200,BDG2 v1.0
Lamb_lodging_Harley,2016-01-24,hotel,1587.0,11.88,24,102.800,BDG2 v1.0
Lamb_lodging_Harley,2016-01-25,hotel,1587.0,10.33,24,155.800,BDG2 v1.0
Lamb_lodging_Harley,2016-01-26,hotel,1587.0,9.96,24,116.400,BDG2 v1.0
Lamb_lodging_Harley,2016-01-27,hotel,1587.0,9.96,24,149.300,BDG2 v1.0
Lamb_lodging_Harley,2016-01-28,hotel,1587.0,7.33,20,100.400,BDG2 v1.0
Lamb_lodging_Harley,2016-01-29,hotel,1587.0,10.54,24,113.700,BDG2 v1.0
Lamb_lodging_Harley,2016-01-30,hotel,1587.0,6.62,24,63.100,BDG2 v1.0
Lamb_lodging_Harley,2016-01-31,hotel,1587.0,9.29,24,62.200,BDG2 v1.0
Lamb_lodging_Harley,2016-02-01,hotel,1587.0,10.46,24,122.100,BDG2 v1.0
Lamb_lodging_Harley,2016-02-02,hotel,1587.0,7.29,24,114.500,BDG2 v1.0
Lamb_lodging_Harley,2016-02-03,hotel,1587.0,6.12,24,120.600,BDG2 v1.0
Lamb_lodging_Harley,2016-02-04,hotel,1587.0,9.08,24,126.700,BDG2 v1.0
Lamb_lodging_Harley,2016-02-05,hotel,1587.0,9.38,24,130.200,BDG2 v1.0
Lamb_lodging_Harley,2016-02-06,hotel,1587.0,8.62,22,131.100,BDG2 v1.0
Lamb_lodging_Harley,2016-02-07,hotel,1587.0,7.29,24,96.600,BDG2 v1.0
Lamb_lodging_Harley,2016-02-08,hotel,1587.0,7.58,24,151.500,BDG2 v1.0
Lamb_lodging_Harley,2016-02-09,hotel,1587.0,4.92,24,161.400,BDG2 v1.0
Lamb_lodging_Harley,2016-02-10,hotel,1587.0,5.17,24,139.900,BDG2 v1.0
Lamb_lodging_Harley,2016-02-11,hotel,1587.0,3.54,21,110.100,BDG2 v1.0
Lamb_lodging_Harley,2016-02-12,hotel,1587.0,5.21,23,124.000,BDG2 v1.0
Lamb_lodging_Harley,2016-02-13,hotel,1587.0,4.00,24,87.200,BDG2 v1.0
Lamb_lodging_Harley,2016-02-15,hotel,1587.0,2.37,24,126.300,BDG2 v1.0
Lamb_lodging_Harley,2016-02-16,hotel,1587.0,3.46,24,123.000,BDG2 v1.0
Lamb_lodging_Harley,2016-02-17,hotel,1587.0,5.92,22,121.300,BDG2 v1.0
Lamb_lodging_Harley,2016-02-18,hotel,1587.0,2.72,23,149.000,BDG2 v1.0
Lamb_lodging_Harley,2016-02-19,hotel,1587.0,6.71,24,132.300,BDG2 v1.0
Lamb_lodging_Harley,2016-02-20,hotel,1587.0,9.46,24,82.300,BDG2 v1.0
Lamb_lodging_Harley,2016-02-21,hotel,1587.0,9.96,24,82.300,BDG2 v1.0
Lamb_lodging_Harley,2016-02-22,hotel,1587.0,6.62,24,127.600,BDG2 v1.0
Lamb_lodging_Harley,2016-02-23,hotel,1587.0,4.29,24,135.200,BDG2 v1.0
Lamb_lodging_Harley,2016-02-24,hotel,1587.0,3.62,20,119.400,BDG2 v1.0
Lamb_lodging_Harley,2016-02-25,hotel,1587.0,3.39,24,119.900,BDG2 v1.0
Lamb_lodging_Harley,2016-02-26,hotel,1587.0,4.46,24,106.300,BDG2 v1.0
Lamb_lodging_Harley,2016-02-27,hotel,1587.0,4.71,20,83.300,BDG2 v1.0
Lamb_lodging_Harley,2016-02-28,hotel,1587.0,4.42,24,82.200,BDG2 v1.0
Lamb_lodging_Harley,2016-02-29,hotel,1587.0,3.46,24,120.700,BDG2 v1.0
Lamb_lodging_Harley,2016-03-01,hotel,1587.0,8.67,24,118.300,BDG2 v1.0
Lamb_lodging_Harley,2016-03-02,hotel,1587.0,6.29,24,166.400,BDG2 v1.0
Lamb_lodging_Harley,2016-03-03,hotel,1587.0,6.67,24,162.000,BDG2 v1.0
Lamb_lodging_Harley,2016-03-04,hotel,1587.0,3.58,24,153.400,BDG2 v1.0
Lamb_lodging_Harley,2016-03-05,hotel,1587.0,4.54,24,97.200,BDG2 v1.0
Lamb_lodging_Harley,2016-03-06,hotel,1587.0,3.04,24,97.600,BDG2 v1.0
Lamb_lodging_Harley,2016-03-07,hotel,1587.0,3.46,24,132.800,BDG2 v1.0
Lamb_lodging_Harley,2016-03-08,hotel,1587.0,5.71,24,114.300,BDG2 v1.0
Lamb_lodging_Harley,2016-03-09,hotel,1587.0,6.17,23,143.000,BDG2 v1.0
Lamb_lodging_Harley,2016-03-10,hotel,1587.0,5.79,24,144.000,BDG2 v1.0
Lamb_lodging_Harley,2016-03-11,hotel,1587.0,5.25,22,109.100,BDG2 v1.0
Lamb_lodging_Harley,2016-03-12,hotel,1587.0,6.29,24,62.100,BDG2 v1.0
Lamb_lodging_Harley,2016-03-13,hotel,1587.0,8.38,24,61.400,BDG2 v1.0
Lamb_lodging_Harley,2016-03-14,hotel,1587.0,6.17,24,107.200,BDG2 v1.0
Lamb_lodging_Harley,2016-03-15,hotel,1587.0,6.79,21,122.300,BDG2 v1.0
Lamb_lodging_Harley,2016-03-16,hotel,1587.0,7.75,20,107.100,BDG2 v1.0
Lamb_lodging_Harley,2016-03-17,hotel,1587.0,6.25,24,127.400,BDG2 v1.0
Lamb_lodging_Harley,2016-03-18,hotel,1587.0,4.62,24,149.400,BDG2 v1.0
Lamb_lodging_Harley,2016-03-19,hotel,1587.0,6.50,24,62.000,BDG2 v1.0
Lamb_lodging_Harley,2016-03-20,hotel,1587.0,5.50,24,60.800,BDG2 v1.0
Lamb_lodging_Harley,2016-03-21,hotel,1587.0,5.83,24,119.900,BDG2 v1.0
Lamb_lodging_Harley,2016-03-23,hotel,1587.0,7.56,24,125.500,BDG2 v1.0
Lamb_lodging_Harley,2016-03-24,hotel,1587.0,8.38,24,82.000,BDG2 v1.0
Lamb_lodging_Harley,2016-03-25,hotel,1587.0,8.21,24,62.200,BDG2 v1.0
Lamb_lodging_Harley,2016-03-26,hotel,1587.0,8.96,24,62.100,BDG2 v1.0
Lamb_lodging_Harley,2016-03-27,hotel,1587.0,7.70,24,59.300,BDG2 v1.0
Lamb_lodging_Harley,2016-03-28,hotel,1587.0,7.58,24,61.800,BDG2 v1.0
Lamb_lodging_Harley,2016-03-29,hotel,1587.0,6.46,22,114.700,BDG2 v1.0
Lamb_lodging_Harley,2016-03-30,hotel,1587.0,7.00,24,141.700,BDG2 v1.0
Lamb_lodging_Harley,2016-04-01,hotel,1587.0,7.12,24,115.400,BDG2 v1.0
Lamb_lodging_Harley,2016-04-03,hotel,1587.0,8.62,24,94.500,BDG2 v1.0
Lamb_lodging_Harley,2016-04-04,hotel,1587.0,9.04,24,113.400,BDG2 v1.0
Lamb_lodging_Harley,2016-04-05,hotel,1587.0,8.83,24,107.100,BDG2 v1.0
Lamb_lodging_Harley,2016-04-06,hotel,1587.0,8.50,24,122.100,BDG2 v1.0
Lamb_lodging_Harley,2016-04-07,hotel,1587.0,7.48,24,103.900,BDG2 v1.0
Lamb_lodging_Harley,2016-04-08,hotel,1587.0,8.25,24,98.600,BDG2 v1.0
Lamb_lodging_Harley,2016-04-09,hotel,1587.0,6.12,24,85.000,BDG2 v1.0
Lamb_lodging_Harley,2016-04-10,hotel,1587.0,7.58,24,84.600,BDG2 v1.0
Lamb_lodging_Harley,2016-04-11,hotel,1587.0,8.96,24,112.200,BDG2 v1.0
Lamb_lodging_Harley,2016-04-12,hotel,1587.0,8.83,22,124.600,BDG2 v1.0
Lamb_lodging_Harley,2016-04-13,hotel,1587.0,9.12,24,116.000,BDG2 v1.0
Lamb_lodging_Harley,2016-04-14,hotel,1587.0,10.58,24,90.600,BDG2 v1.0
Lamb_lodging_Harley,2016-04-15,hotel,1587.0,9.25,24,98.700,BDG2 v1.0
Lamb_lodging_Harley,2016-04-17,hotel,1587.0,5.79,24,63.600,BDG2 v1.0
Lamb_lodging_Harley,2016-04-18,hotel,1587.0,7.46,24,113.500,BDG2 v1.0
Lamb_lodging_Harley,2016-04-19,hotel,1587.0,10.33,24,109.800,BDG2 v1.0
Lamb_lodging_Harley,2016-04-20,hotel,1587.0,10.96,24,93.400,BDG2 v1.0
Lamb_lodging_Harley,2016-04-21,hotel,1587.0,10.58,24,119.400,BDG2 v1.0
Lamb_lodging_Harley,2016-04-22,hotel,1587.0,9.00,24,105.500,BDG2 v1.0
Lamb_lodging_Harley,2016-04-23,hotel,1587.0,7.50,24,83.900,BDG2 v1.0
Lamb_lodging_Harley,2016-04-24,hotel,1587.0,8.54,24,84.100,BDG2 v1.0
Lamb_lodging_Harley,2016-04-25,hotel,1587.0,8.79,24,106.200,BDG2 v1.0
Lamb_lodging_Harley,2016-04-26,hotel,1587.0,6.58,24,107.100,BDG2 v1.0
Lamb_lodging_Harley,2016-04-27,hotel,1587.0,4.12,23,139.900,BDG2 v1.0
Lamb_lodging_Harley,2016-04-28,hotel,1587.0,6.42,22,132.100,BDG2 v1.0
Lamb_lodging_Harley,2016-04-29,hotel,1587.0,6.75,24,130.400,BDG2 v1.0
Lamb_lodging_Harley,2016-04-30,hotel,1587.0,6.75,24,59.600,BDG2 v1.0
Lamb_lodging_Harley,2016-05-01,hotel,1587.0,9.21,24,59.300,BDG2 v1.0
Lamb_lodging_Harley,2016-05-02,hotel,1587.0,10.71,24,59.300,BDG2 v1.0
Lamb_lodging_Harley,2016-05-03,hotel,1587.0,8.67,24,109.800,BDG2 v1.0
Lamb_lodging_Harley,2016-05-04,hotel,1587.0,10.08,24,120.700,BDG2 v1.0
Lamb_lodging_Harley,2016-05-05,hotel,1587.0,12.29,24,126.400,BDG2 v1.0
Lamb_lodging_Harley,2016-05-06,hotel,1587.0,14.42,21,147.100,BDG2 v1.0
Lamb_lodging_Harley,2016-05-07,hotel,1587.0,15.25,24,82.500,BDG2 v1.0
Lamb_lodging_Harley,2016-05-08,hotel,1587.0,17.17,24,66.000,BDG2 v1.0
Lamb_lodging_Harley,2016-05-09,hotel,1587.0,16.38,24,96.500,BDG2 v1.0
Lamb_lodging_Harley,2016-05-10,hotel,1587.0,14.92,22,106.100,BDG2 v1.0
Lamb_lodging_Harley,2016-05-11,hotel,1587.0,14.33,23,138.300,BDG2 v1.0
Lamb_lodging_Harley,2016-05-12,hotel,1587.0,17.25,22,100.500,BDG2 v1.0
Lamb_lodging_Harley,2016-05-13,hotel,1587.0,14.88,24,81.100,BDG2 v1.0
Lamb_lodging_Harley,2016-05-14,hotel,1587.0,10.17,24,72.800,BDG2 v1.0
Lamb_lodging_Harley,2016-05-15,hotel,1587.0,10.58,24,72.900,BDG2 v1.0
Lamb_lodging_Harley,2016-05-16,hotel,1587.0,10.62,24,90.600,BDG2 v1.0
Lamb_lodging_Harley,2016-05-17,hotel,1587.0,11.67,24,85.500,BDG2 v1.0
Lamb_lodging_Harley,2016-05-18,hotel,1587.0,11.96,24,87.400,BDG2 v1.0
Lamb_lodging_Harley,2016-05-19,hotel,1587.0,11.25,24,103.900,BDG2 v1.0
Lamb_lodging_Harley,2016-05-20,hotel,1587.0,13.04,24,119.300,BDG2 v1.0
Lamb_lodging_Harley,2016-05-21,hotel,1587.0,12.62,24,59.200,BDG2 v1.0
Lamb_lodging_Harley,2016-05-22,hotel,1587.0,11.54,24,57.000,BDG2 v1.0
Lamb_lodging_Harley,2016-05-23,hotel,1587.0,11.58,24,124.100,BDG2 v1.0
Lamb_lodging_Harley,2016-05-24,hotel,1587.0,13.04,24,116.200,BDG2 v1.0
Lamb_lodging_Harley,2016-05-25,hotel,1587.0,10.38,21,129.500,BDG2 v1.0
Lamb_lodging_Harley,2016-05-26,hotel,1587.0,12.62,24,163.000,BDG2 v1.0
Lamb_lodging_Harley,2016-05-27,hotel,1587.0,14.62,24,84.500,BDG2 v1.0
Lamb_lodging_Harley,2016-05-28,hotel,1587.0,16.00,24,53.700,BDG2 v1.0
Lamb_lodging_Harley,2016-05-29,hotel,1587.0,15.17,24,53.800,BDG2 v1.0
Lamb_lodging_Harley,2016-05-30,hotel,1587.0,14.71,24,54.200,BDG2 v1.0
Lamb_lodging_Harley,2016-05-31,hotel,1587.0,17.08,24,111.200,BDG2 v1.0
Lamb_lodging_Harley,2016-06-01,hotel,1587.0,16.29,23,113.400,BDG2 v1.0
Lamb_lodging_Harley,2016-06-02,hotel,1587.0,14.46,20,101.800,BDG2 v1.0
Lamb_lodging_Harley,2016-06-03,hotel,1587.0,13.04,24,80.800,BDG2 v1.0
Lamb_lodging_Harley,2016-06-04,hotel,1587.0,15.12,24,59.000,BDG2 v1.0
Lamb_lodging_Harley,2016-06-05,hotel,1587.0,18.96,24,59.700,BDG2 v1.0
Lamb_lodging_Harley,2016-06-06,hotel,1587.0,18.83,24,80.500,BDG2 v1.0
Lamb_lodging_Harley,2016-06-07,hotel,1587.0,15.79,24,122.300,BDG2 v1.0
Lamb_lodging_Harley,2016-06-08,hotel,1587.0,15.79,24,88.300,BDG2 v1.0
Lamb_lodging_Harley,2016-06-09,hotel,1587.0,16.75,24,72.800,BDG2 v1.0
Lamb_lodging_Harley,2016-06-10,hotel,1587.0,16.79,24,94.600,BDG2 v1.0
Lamb_lodging_Harley,2016-06-11,hotel,1587.0,15.75,24,59.200,BDG2 v1.0
Lamb_lodging_Harley,2016-06-12,hotel,1587.0,15.42,24,55.700,BDG2 v1.0
Lamb_lodging_Harley,2016-06-13,hotel,1587.0,14.88,24,77.900,BDG2 v1.0
Lamb_lodging_Harley,2016-06-14,hotel,1587.0,13.92,24,68.900,BDG2 v1.0
Lamb_lodging_Harley,2016-06-15,hotel,1587.0,14.04,24,121.500,BDG2 v1.0
Lamb_lodging_Harley,2016-06-16,hotel,1587.0,14.71,24,82.100,BDG2 v1.0
Lamb_lodging_Harley,2016-06-17,hotel,1587.0,14.04,24,77.600,BDG2 v1.0
Lamb_lodging_Harley,2016-06-18,hotel,1587.0,13.04,24,56.300,BDG2 v1.0
Lamb_lodging_Harley,2016-06-19,hotel,1587.0,14.12,24,55.800,BDG2 v1.0
Lamb_lodging_Harley,2016-06-20,hotel,1587.0,15.46,24,92.900,BDG2 v1.0
Lamb_lodging_Harley,2016-06-21,hotel,1587.0,15.21,23,121.700,BDG2 v1.0
Lamb_lodging_Harley,2016-06-22,hotel,1587.0,15.88,24,111.800,BDG2 v1.0
Lamb_lodging_Harley,2016-06-23,hotel,1587.0,15.33,24,85.400,BDG2 v1.0
Lamb_lodging_Harley,2016-06-24,hotel,1587.0,14.96,24,80.500,BDG2 v1.0
Lamb_lodging_Harley,2016-06-25,hotel,1587.0,14.17,24,56.800,BDG2 v1.0
Lamb_lodging_Harley,2016-06-26,hotel,1587.0,13.75,24,56.700,BDG2 v1.0
Lamb_lodging_Harley,2016-06-27,hotel,1587.0,14.83,24,90.900,BDG2 v1.0
Lamb_lodging_Harley,2016-06-28,hotel,1587.0,13.08,24,87.200,BDG2 v1.0
Lamb_lodging_Harley,2016-06-29,hotel,1587.0,14.25,24,107.400,BDG2 v1.0
Lamb_lodging_Harley,2016-06-30,hotel,1587.0,14.75,24,87.800,BDG2 v1.0
Lamb_lodging_Harley,2016-07-01,hotel,1587.0,14.46,24,133.500,BDG2 v1.0
Lamb_lodging_Harley,2016-07-02,hotel,1587.0,13.83,24,75.000,BDG2 v1.0
Lamb_lodging_Harley,2016-07-03,hotel,1587.0,14.62,24,71.600,BDG2 v1.0
Lamb_lodging_Harley,2016-07-04,hotel,1587.0,14.12,21,94.300,BDG2 v1.0
Lamb_lodging_Harley,2016-07-05,hotel,1587.0,14.83,22,104.700,BDG2 v1.0
Lamb_lodging_Harley,2016-07-06,hotel,1587.0,13.62,24,84.100,BDG2 v1.0
Lamb_lodging_Harley,2016-07-07,hotel,1587.0,16.21,24,78.700,BDG2 v1.0
Lamb_lodging_Harley,2016-07-08,hotel,1587.0,16.46,24,70.900,BDG2 v1.0
Lamb_lodging_Harley,2016-07-09,hotel,1587.0,17.96,24,59.700,BDG2 v1.0
Lamb_lodging_Harley,2016-07-10,hotel,1587.0,17.38,24,59.700,BDG2 v1.0
Lamb_lodging_Harley,2016-07-11,hotel,1587.0,15.62,24,72.100,BDG2 v1.0
Lamb_lodging_Harley,2016-07-12,hotel,1587.0,14.62,24,78.100,BDG2 v1.0
Lamb_lodging_Harley,2016-07-13,hotel,1587.0,13.38,24,4.000,BDG2 v1.0
Lamb_lodging_Harley,2016-07-14,hotel,1587.0,14.25,22,104.400,BDG2 v1.0
Lamb_lodging_Harley,2016-07-15,hotel,1587.0,14.46,22,106.500,BDG2 v1.0
Lamb_lodging_Harley,2016-07-16,hotel,1587.0,16.58,24,76.400,BDG2 v1.0
Lamb_lodging_Harley,2016-07-17,hotel,1587.0,17.50,24,86.700,BDG2 v1.0
Lamb_lodging_Harley,2016-07-18,hotel,1587.0,20.29,24,88.500,BDG2 v1.0
Lamb_lodging_Harley,2016-07-19,hotel,1587.0,23.79,24,85.300,BDG2 v1.0
Lamb_lodging_Harley,2016-07-20,hotel,1587.0,18.88,24,97.100,BDG2 v1.0
Lamb_lodging_Harley,2016-07-21,hotel,1587.0,16.83,24,114.500,BDG2 v1.0
Lamb_lodging_Harley,2016-07-22,hotel,1587.0,18.08,24,92.400,BDG2 v1.0
Lamb_lodging_Harley,2016-07-24,hotel,1587.0,16.58,24,68.200,BDG2 v1.0
Lamb_lodging_Harley,2016-07-25,hotel,1587.0,16.17,24,84.900,BDG2 v1.0
Lamb_lodging_Harley,2016-07-26,hotel,1587.0,16.21,24,93.900,BDG2 v1.0
Lamb_lodging_Harley,2016-07-27,hotel,1587.0,17.42,24,88.600,BDG2 v1.0
Lamb_lodging_Harley,2016-07-28,hotel,1587.0,15.21,24,99.000,BDG2 v1.0
Lamb_lodging_Harley,2016-07-29,hotel,1587.0,16.71,24,3.231,BDG2 v1.0
Lamb_lodging_Harley,2016-07-30,hotel,1587.0,16.42,24,67.669,BDG2 v1.0
Lamb_lodging_Harley,2016-07-31,hotel,1587.0,15.04,24,64.400,BDG2 v1.0
Lamb_lodging_Harley,2016-08-01,hotel,1587.0,14.42,24,86.500,BDG2 v1.0
Lamb_lodging_Harley,2016-08-02,hotel,1587.0,17.54,24,112.200,BDG2 v1.0
Lamb_lodging_Harley,2016-08-03,hotel,1587.0,17.42,24,74.400,BDG2 v1.0
Lamb_lodging_Harley,2016-08-04,hotel,1587.0,16.25,24,74.500,BDG2 v1.0
Lamb_lodging_Harley,2016-08-05,hotel,1587.0,16.08,24,74.700,BDG2 v1.0
Lamb_lodging_Harley,2016-08-06,hotel,1587.0,17.46,24,62.800,BDG2 v1.0
Lamb_lodging_Harley,2016-08-07,hotel,1587.0,17.79,21,96.600,BDG2 v1.0
Lamb_lodging_Harley,2016-08-08,hotel,1587.0,15.46,24,100.200,BDG2 v1.0
Lamb_lodging_Harley,2016-08-09,hotel,1587.0,13.75,24,86.400,BDG2 v1.0
Lamb_lodging_Harley,2016-08-10,hotel,1587.0,14.21,23,116.300,BDG2 v1.0
Lamb_lodging_Harley,2016-08-11,hotel,1587.0,15.38,24,88.300,BDG2 v1.0
Lamb_lodging_Harley,2016-08-12,hotel,1587.0,16.75,24,70.500,BDG2 v1.0
Lamb_lodging_Harley,2016-08-13,hotel,1587.0,16.92,24,60.700,BDG2 v1.0
Lamb_lodging_Harley,2016-08-14,hotel,1587.0,15.88,24,60.500,BDG2 v1.0
Lamb_lodging_Harley,2016-08-15,hotel,1587.0,17.75,23,104.300,BDG2 v1.0
Lamb_lodging_Harley,2016-08-16,hotel,1587.0,18.33,24,88.800,BDG2 v1.0
Lamb_lodging_Harley,2016-08-17,hotel,1587.0,17.75,24,101.200,BDG2 v1.0
Lamb_lodging_Harley,2016-08-18,hotel,1587.0,18.33,23,120.700,BDG2 v1.0
Lamb_lodging_Harley,2016-08-19,hotel,1587.0,16.88,24,103.600,BDG2 v1.0
Lamb_lodging_Harley,2016-08-20,hotel,1587.0,16.00,24,61.100,BDG2 v1.0
Lamb_lodging_Harley,2016-08-21,hotel,1587.0,15.96,24,61.300,BDG2 v1.0
Lamb_lodging_Harley,2016-08-22,hotel,1587.0,18.08,24,87.600,BDG2 v1.0
Lamb_lodging_Harley,2016-08-23,hotel,1587.0,19.12,24,115.400,BDG2 v1.0
Lamb_lodging_Harley,2016-08-24,hotel,1587.0,17.75,24,78.200,BDG2 v1.0
Lamb_lodging_Harley,2016-08-25,hotel,1587.0,16.79,24,79.800,BDG2 v1.0
Lamb_lodging_Harley,2016-08-26,hotel,1587.0,15.88,24,73.000,BDG2 v1.0
Lamb_lodging_Harley,2016-08-27,hotel,1587.0,16.04,24,63.100,BDG2 v1.0
Lamb_lodging_Harley,2016-08-28,hotel,1587.0,17.96,24,64.200,BDG2 v1.0
Lamb_lodging_Harley,2016-08-29,hotel,1587.0,16.71,24,64.700,BDG2 v1.0
Lamb_lodging_Harley,2016-08-30,hotel,1587.0,16.33,24,80.000,BDG2 v1.0
Lamb_lodging_Harley,2016-08-31,hotel,1587.0,16.67,23,143.100,BDG2 v1.0
Lamb_lodging_Harley,2016-09-01,hotel,1587.0,16.04,24,87.500,BDG2 v1.0
Lamb_lodging_Harley,2016-09-02,hotel,1587.0,16.71,24,129.800,BDG2 v1.0
Lamb_lodging_Harley,2016-09-03,hotel,1587.0,16.75,24,79.200,BDG2 v1.0
Lamb_lodging_Harley,2016-09-04,hotel,1587.0,16.46,24,73.100,BDG2 v1.0
Lamb_lodging_Harley,2016-09-05,hotel,1587.0,16.79,24,4.200,BDG2 v1.0
Lamb_lodging_Harley,2016-09-06,hotel,1587.0,19.67,24,91.800,BDG2 v1.0
Lamb_lodging_Harley,2016-09-07,hotel,1587.0,19.21,24,109.800,BDG2 v1.0
Lamb_lodging_Harley,2016-09-08,hotel,1587.0,17.21,24,98.600,BDG2 v1.0
Lamb_lodging_Harley,2016-09-09,hotel,1587.0,18.42,24,91.900,BDG2 v1.0
Lamb_lodging_Harley,2016-09-10,hotel,1587.0,16.12,24,66.400,BDG2 v1.0
Lamb_lodging_Harley,2016-09-11,hotel,1587.0,14.67,24,65.600,BDG2 v1.0
Lamb_lodging_Harley,2016-09-12,hotel,1587.0,18.00,24,96.200,BDG2 v1.0
Lamb_lodging_Harley,2016-09-13,hotel,1587.0,17.92,24,85.100,BDG2 v1.0
Lamb_lodging_Harley,2016-09-14,hotel,1587.0,19.58,24,142.700,BDG2 v1.0
Lamb_lodging_Harley,2016-09-15,hotel,1587.0,16.83,24,115.100,BDG2 v1.0
Lamb_lodging_Harley,2016-09-16,hotel,1587.0,14.79,23,107.100,BDG2 v1.0
Lamb_lodging_Harley,2016-09-17,hotel,1587.0,15.04,24,81.100,BDG2 v1.0
Lamb_lodging_Harley,2016-09-18,hotel,1587.0,14.96,24,61.300,BDG2 v1.0
Lamb_lodging_Harley,2016-09-19,hotel,1587.0,15.25,23,110.500,BDG2 v1.0
Lamb_lodging_Harley,2016-09-20,hotel,1587.0,14.04,21,99.700,BDG2 v1.0
Lamb_lodging_Harley,2016-09-21,hotel,1587.0,15.17,24,85.700,BDG2 v1.0
Lamb_lodging_Harley,2016-09-22,hotel,1587.0,13.88,24,80.900,BDG2 v1.0
Lamb_lodging_Harley,2016-09-23,hotel,1587.0,15.38,24,119.400,BDG2 v1.0
Lamb_lodging_Harley,2016-09-24,hotel,1587.0,17.00,24,58.500,BDG2 v1.0
Lamb_lodging_Harley,2016-09-25,hotel,1587.0,14.58,24,58.300,BDG2 v1.0
Lamb_lodging_Harley,2016-09-26,hotel,1587.0,14.33,24,98.200,BDG2 v1.0
Lamb_lodging_Harley,2016-09-27,hotel,1587.0,15.75,24,100.400,BDG2 v1.0
Lamb_lodging_Harley,2016-09-28,hotel,1587.0,16.46,23,128.100,BDG2 v1.0
Lamb_lodging_Harley,2016-09-29,hotel,1587.0,15.52,24,109.000,BDG2 v1.0
Lamb_lodging_Harley,2016-09-30,hotel,1587.0,13.71,24,70.100,BDG2 v1.0
Lamb_lodging_Harley,2016-10-01,hotel,1587.0,11.75,24,57.700,BDG2 v1.0
Lamb_lodging_Harley,2016-10-02,hotel,1587.0,10.96,24,57.600,BDG2 v1.0
Lamb_lodging_Harley,2016-10-03,hotel,1587.0,12.21,24,113.800,BDG2 v1.0
Lamb_lodging_Harley,2016-10-04,hotel,1587.0,13.75,24,95.900,BDG2 v1.0
Lamb_lodging_Harley,2016-10-05,hotel,1587.0,13.71,24,107.900,BDG2 v1.0
Lamb_lodging_Harley,2016-10-06,hotel,1587.0,10.92,24,121.200,BDG2 v1.0
Lamb_lodging_Harley,2016-10-07,hotel,1587.0,11.54,24,113.900,BDG2 v1.0
Lamb_lodging_Harley,2016-10-08,hotel,1587.0,12.83,24,76.300,BDG2 v1.0
Lamb_lodging_Harley,2016-10-09,hotel,1587.0,11.46,24,76.300,BDG2 v1.0
Lamb_lodging_Harley,2016-10-10,hotel,1587.0,9.38,24,110.100,BDG2 v1.0
Lamb_lodging_Harley,2016-10-11,hotel,1587.0,9.42,24,98.100,BDG2 v1.0
Lamb_lodging_Harley,2016-10-12,hotel,1587.0,12.00,24,118.500,BDG2 v1.0
Lamb_lodging_Harley,2016-10-13,hotel,1587.0,10.08,24,88.600,BDG2 v1.0
Lamb_lodging_Harley,2016-10-14,hotel,1587.0,9.92,24,95.100,BDG2 v1.0
Lamb_lodging_Harley,2016-10-15,hotel,1587.0,11.42,24,106.600,BDG2 v1.0
Lamb_lodging_Harley,2016-10-16,hotel,1587.0,13.29,24,63.000,BDG2 v1.0
Lamb_lodging_Harley,2016-10-17,hotel,1587.0,13.08,24,119.200,BDG2 v1.0
Lamb_lodging_Harley,2016-10-18,hotel,1587.0,11.12,24,110.500,BDG2 v1.0
Lamb_lodging_Harley,2016-10-19,hotel,1587.0,9.75,24,94.100,BDG2 v1.0
Lamb_lodging_Harley,2016-10-20,hotel,1587.0,9.38,24,98.400,BDG2 v1.0
Lamb_lodging_Harley,2016-10-21,hotel,1587.0,8.83,24,88.500,BDG2 v1.0
Lamb_lodging_Harley,2016-10-22,hotel,1587.0,7.58,24,57.600,BDG2 v1.0
Lamb_lodging_Harley,2016-10-23,hotel,1587.0,9.00,24,57.400,BDG2 v1.0
Lamb_lodging_Harley,2016-10-24,hotel,1587.0,9.33,24,113.100,BDG2 v1.0
Lamb_lodging_Harley,2016-10-25,hotel,1587.0,10.83,24,106.200,BDG2 v1.0
Lamb_lodging_Harley,2016-10-27,hotel,1587.0,12.62,24,93.200,BDG2 v1.0
Lamb_lodging_Harley,2016-10-28,hotel,1587.0,13.21,24,85.700,BDG2 v1.0
Lamb_lodging_Harley,2016-10-30,hotel,1587.0,12.84,24,63.500,BDG2 v1.0
Lamb_lodging_Harley,2016-10-31,hotel,1587.0,11.33,24,109.900,BDG2 v1.0
Lamb_lodging_Harley,2016-11-02,hotel,1587.0,7.08,24,121.100,BDG2 v1.0
Lamb_lodging_Harley,2016-11-03,hotel,1587.0,8.04,24,118.300,BDG2 v1.0
Lamb_lodging_Harley,2016-11-05,hotel,1587.0,4.75,24,99.400,BDG2 v1.0
Lamb_lodging_Harley,2016-11-06,hotel,1587.0,4.54,20,108.300,BDG2 v1.0
Lamb_lodging_Harley,2016-11-07,hotel,1587.0,4.88,24,130.000,BDG2 v1.0
Lamb_lodging_Harley,2016-11-08,hotel,1587.0,5.79,24,117.200,BDG2 v1.0
Lamb_lodging_Harley,2016-11-09,hotel,1587.0,8.17,24,158.200,BDG2 v1.0
Lamb_lodging_Harley,2016-11-10,hotel,1587.0,8.25,24,122.200,BDG2 v1.0
Lamb_lodging_Harley,2016-11-11,hotel,1587.0,7.25,24,109.600,BDG2 v1.0
Lamb_lodging_Harley,2016-11-12,hotel,1587.0,10.29,24,99.000,BDG2 v1.0
Lamb_lodging_Harley,2016-11-13,hotel,1587.0,9.12,24,101.900,BDG2 v1.0
Lamb_lodging_Harley,2016-11-14,hotel,1587.0,11.88,23,147.800,BDG2 v1.0
Lamb_lodging_Harley,2016-11-15,hotel,1587.0,12.62,24,125.200,BDG2 v1.0
Lamb_lodging_Harley,2016-11-16,hotel,1587.0,11.12,24,147.000,BDG2 v1.0
Lamb_lodging_Harley,2016-11-17,hotel,1587.0,8.75,24,114.200,BDG2 v1.0
Lamb_lodging_Harley,2016-11-18,hotel,1587.0,4.67,24,132.700,BDG2 v1.0
Lamb_lodging_Harley,2016-11-19,hotel,1587.0,5.09,24,94.500,BDG2 v1.0
Lamb_lodging_Harley,2016-11-20,hotel,1587.0,5.08,24,92.900,BDG2 v1.0
Lamb_lodging_Harley,2016-11-21,hotel,1587.0,6.21,24,122.100,BDG2 v1.0
Lamb_lodging_Harley,2016-11-22,hotel,1587.0,6.88,24,112.200,BDG2 v1.0
Lamb_lodging_Harley,2016-11-23,hotel,1587.0,6.76,22,128.800,BDG2 v1.0
Lamb_lodging_Harley,2016-11-24,hotel,1587.0,7.79,24,164.100,BDG2 v1.0
Lamb_lodging_Harley,2016-11-25,hotel,1587.0,6.88,23,131.900,BDG2 v1.0
Lamb_lodging_Harley,2016-11-26,hotel,1587.0,5.75,24,93.600,BDG2 v1.0
Lamb_lodging_Harley,2016-11-27,hotel,1587.0,6.29,24,94.200,BDG2 v1.0
Lamb_lodging_Harley,2016-11-28,hotel,1587.0,6.25,24,118.500,BDG2 v1.0
Lamb_lodging_Harley,2016-11-29,hotel,1587.0,2.08,24,169.800,BDG2 v1.0
Lamb_lodging_Harley,2016-11-30,hotel,1587.0,0.58,24,139.600,BDG2 v1.0
Lamb_lodging_Harley,2016-12-01,hotel,1587.0,0.92,20,111.900,BDG2 v1.0
Lamb_lodging_Harley,2016-12-03,hotel,1587.0,5.50,24,80.100,BDG2 v1.0
Lamb_lodging_Harley,2016-12-04,hotel,1587.0,3.58,24,79.300,BDG2 v1.0
Lamb_lodging_Harley,2016-12-05,hotel,1587.0,4.00,20,121.100,BDG2 v1.0
Lamb_lodging_Harley,2016-12-07,hotel,1587.0,11.12,24,176.900,BDG2 v1.0
Lamb_lodging_Harley,2016-12-08,hotel,1587.0,12.17,20,150.700,BDG2 v1.0
Lamb_lodging_Harley,2016-12-09,hotel,1587.0,12.54,20,107.000,BDG2 v1.0
Lamb_lodging_Harley,2016-12-10,hotel,1587.0,9.62,24,83.500,BDG2 v1.0
Lamb_lodging_Harley,2016-12-11,hotel,1587.0,6.42,24,83.800,BDG2 v1.0
Lamb_lodging_Harley,2016-12-12,hotel,1587.0,7.96,24,147.500,BDG2 v1.0
Lamb_lodging_Harley,2016-12-14,hotel,1587.0,9.54,23,134.600,BDG2 v1.0
Lamb_lodging_Harley,2016-12-15,hotel,1587.0,9.67,24,122.200,BDG2 v1.0
Lamb_lodging_Harley,2016-12-16,hotel,1587.0,8.21,21,117.600,BDG2 v1.0
Lamb_lodging_Harley,2016-12-17,hotel,1587.0,7.29,24,101.200,BDG2 v1.0
Lamb_lodging_Harley,2016-12-18,hotel,1587.0,6.00,24,95.400,BDG2 v1.0
Lamb_lodging_Harley,2016-12-19,hotel,1587.0,6.67,20,105.400,BDG2 v1.0
Lamb_lodging_Harley,2016-12-20,hotel,1587.0,6.21,24,121.800,BDG2 v1.0
Lamb_lodging_Harley,2016-12-21,hotel,1587.0,8.21,24,122.800,BDG2 v1.0
Lamb_lodging_Harley,2016-12-22,hotel,1587.0,7.25,20,98.200,BDG2 v1.0
Lamb_lodging_Harley,2016-12-23,hotel,1587.0,9.38,24,125.900,BDG2 v1.0
Lamb_lodging_Harley,2016-12-24,hotel,1587.0,9.17,24,145.300,BDG2 v1.0
Lamb_lodging_Harley,2016-12-25,hotel,1587.0,11.08,24,205.300,BDG2 v1.0
Lamb_lodging_Harley,2016-12-26,hotel,1587.0,6.50,24,113.800,BDG2 v1.0
Lamb_lodging_Harley,2016-12-27,hotel,1587.0,2.42,24,83.700,BDG2 v1.0
Lamb_lodging_Harley,2016-12-28,hotel,1587.0,3.38,24,152.500,BDG2 v1.0
Lamb_lodging_Harley,2016-12-29,hotel,1587.0,3.62,24,81.600,BDG2 v1.0
Lamb_lodging_Harley,2016-12-30,hotel,1587.0,4.79,24,82.200,BDG2 v1.0
Lamb_lodging_Harley,2016-12-31,hotel,1587.0,7.38,24,82.800,BDG2 v1.0
Lamb_lodging_Harley,2017-01-01,hotel,1587.0,6.26,24,94.700,BDG2 v1.0
Lamb_lodging_Harley,2017-01-02,hotel,1587.0,3.08,24,95.700,BDG2 v1.0
Lamb_lodging_Harley,2017-01-03,hotel,1587.0,2.50,24,152.200,BDG2 v1.0
Lamb_lodging_Harley,2017-01-04,hotel,1587.0,6.17,24,137.500,BDG2 v1.0
Lamb_lodging_Harley,2017-01-05,hotel,1587.0,1.50,24,139.800,BDG2 v1.0
Lamb_lodging_Harley,2017-01-06,hotel,1587.0,6.04,24,110.200,BDG2 v1.0
Lamb_lodging_Harley,2017-01-07,hotel,1587.0,9.96,24,63.800,BDG2 v1.0
Lamb_lodging_Harley,2017-01-08,hotel,1587.0,9.04,24,63.600,BDG2 v1.0
Lamb_lodging_Harley,2017-01-09,hotel,1587.0,8.08,24,128.000,BDG2 v1.0
Lamb_lodging_Harley,2017-01-10,hotel,1587.0,7.71,24,135.400,BDG2 v1.0
Lamb_lodging_Harley,2017-01-11,hotel,1587.0,8.54,23,128.300,BDG2 v1.0
Lamb_lodging_Harley,2017-01-12,hotel,1587.0,4.71,20,110.300,BDG2 v1.0
Lamb_lodging_Harley,2017-01-13,hotel,1587.0,2.75,24,108.200,BDG2 v1.0
Lamb_lodging_Harley,2017-01-14,hotel,1587.0,4.00,24,2.080,BDG2 v1.0
Lamb_lodging_Harley,2017-01-15,hotel,1587.0,7.88,24,0.082,BDG2 v1.0
Lamb_lodging_Harley,2017-01-16,hotel,1587.0,9.21,24,0.082,BDG2 v1.0
Lamb_lodging_Harley,2017-01-17,hotel,1587.0,6.00,24,0.082,BDG2 v1.0
Lamb_lodging_Harley,2017-01-18,hotel,1587.0,4.45,24,0.082,BDG2 v1.0
Lamb_lodging_Harley,2017-01-19,hotel,1587.0,3.96,24,0.082,BDG2 v1.0
Lamb_lodging_Harley,2017-01-20,hotel,1587.0,2.58,24,0.082,BDG2 v1.0
Lamb_lodging_Harley,2017-01-21,hotel,1587.0,1.04,24,0.082,BDG2 v1.0
Lamb_lodging_Harley,2017-01-22,hotel,1587.0,3.62,24,0.082,BDG2 v1.0
Lamb_lodging_Harley,2017-01-23,hotel,1587.0,3.62,24,0.082,BDG2 v1.0
Lamb_lodging_Harley,2017-01-24,hotel,1587.0,3.79,24,0.082,BDG2 v1.0
Lamb_lodging_Harley,2017-01-25,hotel,1587.0,4.96,24,0.082,BDG2 v1.0
Lamb_lodging_Harley,2017-01-26,hotel,1587.0,2.33,24,0.082,BDG2 v1.0
Lamb_lodging_Harley,2017-01-27,hotel,1587.0,4.54,24,0.082,BDG2 v1.0
Lamb_lodging_Harley,2017-01-28,hotel,1587.0,5.92,24,0.082,BDG2 v1.0
Lamb_lodging_Harley,2017-01-29,hotel,1587.0,6.88,24,0.082,BDG2 v1.0
Lamb_lodging_Harley,2017-01-30,hotel,1587.0,8.29,24,0.082,BDG2 v1.0
Lamb_lodging_Harley,2017-01-31,hotel,1587.0,10.08,24,0.082,BDG2 v1.0
Lamb_lodging_Harley,2017-02-01,hotel,1587.0,9.21,24,0.082,BDG2 v1.0
Lamb_lodging_Harley,2017-02-02,hotel,1587.0,10.25,24,0.082,BDG2 v1.0
Lamb_lodging_Harley,2017-02-03,hotel,1587.0,6.50,24,0.082,BDG2 v1.0
Lamb_lodging_Harley,2017-02-04,hotel,1587.0,5.33,24,90.403,BDG2 v1.0
Lamb_lodging_Harley,2017-02-05,hotel,1587.0,4.00,24,85.800,BDG2 v1.0
Lamb_lodging_Harley,2017-02-06,hotel,1587.0,4.25,21,108.700,BDG2 v1.0
Lamb_lodging_Harley,2017-02-07,hotel,1587.0,6.38,24,128.700,BDG2 v1.0
Lamb_lodging_Harley,2017-02-08,hotel,1587.0,4.00,24,131.800,BDG2 v1.0
Lamb_lodging_Harley,2017-02-09,hotel,1587.0,2.04,24,102.700,BDG2 v1.0
Lamb_lodging_Harley,2017-02-10,hotel,1587.0,1.29,24,93.400,BDG2 v1.0
Lamb_lodging_Harley,2017-02-11,hotel,1587.0,1.79,24,79.600,BDG2 v1.0
Lamb_lodging_Harley,2017-02-12,hotel,1587.0,3.08,24,79.600,BDG2 v1.0
Lamb_lodging_Harley,2017-02-13,hotel,1587.0,6.58,24,104.400,BDG2 v1.0
Lamb_lodging_Harley,2017-02-14,hotel,1587.0,5.42,24,96.000,BDG2 v1.0
Lamb_lodging_Harley,2017-02-15,hotel,1587.0,8.71,24,98.600,BDG2 v1.0
Lamb_lodging_Harley,2017-02-16,hotel,1587.0,8.42,24,145.500,BDG2 v1.0
Lamb_lodging_Harley,2017-02-18,hotel,1587.0,7.67,24,61.400,BDG2 v1.0
Lamb_lodging_Harley,2017-02-19,hotel,1587.0,8.79,24,60.600,BDG2 v1.0
Lamb_lodging_Harley,2017-02-20,hotel,1587.0,9.17,24,121.900,BDG2 v1.0
Lamb_lodging_Harley,2017-02-21,hotel,1587.0,9.00,24,100.700,BDG2 v1.0
Lamb_lodging_Harley,2017-02-22,hotel,1587.0,9.25,20,97.500,BDG2 v1.0
Lamb_lodging_Harley,2017-02-23,hotel,1587.0,8.21,24,105.400,BDG2 v1.0
Lamb_lodging_Harley,2017-02-24,hotel,1587.0,5.96,21,105.600,BDG2 v1.0
Lamb_lodging_Harley,2017-02-25,hotel,1587.0,8.62,24,82.900,BDG2 v1.0
Lamb_lodging_Harley,2017-02-26,hotel,1587.0,8.67,24,82.800,BDG2 v1.0
Lamb_lodging_Harley,2017-02-27,hotel,1587.0,5.71,24,144.000,BDG2 v1.0
Lamb_lodging_Harley,2017-02-28,hotel,1587.0,5.21,24,103.600,BDG2 v1.0
Lamb_lodging_Harley,2017-03-01,hotel,1587.0,6.62,23,144.700,BDG2 v1.0
Lamb_lodging_Harley,2017-03-02,hotel,1587.0,7.79,24,118.100,BDG2 v1.0
Lamb_lodging_Harley,2017-03-03,hotel,1587.0,8.08,24,110.900,BDG2 v1.0
Lamb_lodging_Harley,2017-03-04,hotel,1587.0,7.12,24,97.500,BDG2 v1.0
Lamb_lodging_Harley,2017-03-05,hotel,1587.0,6.88,24,98.000,BDG2 v1.0
Lamb_lodging_Harley,2017-03-06,hotel,1587.0,5.42,24,125.400,BDG2 v1.0
Lamb_lodging_Harley,2017-03-07,hotel,1587.0,6.25,24,2.049,BDG2 v1.0
Lamb_lodging_Harley,2017-03-08,hotel,1587.0,9.33,24,0.050,BDG2 v1.0
Lamb_lodging_Harley,2017-03-09,hotel,1587.0,9.88,24,0.050,BDG2 v1.0
Lamb_lodging_Harley,2017-03-10,hotel,1587.0,9.83,24,0.050,BDG2 v1.0
Lamb_lodging_Harley,2017-03-11,hotel,1587.0,10.17,24,0.050,BDG2 v1.0
Lamb_lodging_Harley,2017-03-12,hotel,1587.0,8.83,24,0.050,BDG2 v1.0
Lamb_lodging_Harley,2017-03-13,hotel,1587.0,7.42,24,0.050,BDG2 v1.0
Lamb_lodging_Harley,2017-03-14,hotel,1587.0,9.62,24,0.050,BDG2 v1.0
Lamb_lodging_Harley,2017-03-15,hotel,1587.0,7.75,24,0.050,BDG2 v1.0
Lamb_lodging_Harley,2017-03-16,hotel,1587.0,8.04,24,0.050,BDG2 v1.0
Lamb_lodging_Harley,2017-03-17,hotel,1587.0,7.00,24,0.050,BDG2 v1.0
Lamb_lodging_Harley,2017-03-18,hotel,1587.0,9.92,24,0.050,BDG2 v1.0
Lamb_lodging_Harley,2017-03-19,hotel,1587.0,10.00,24,0.050,BDG2 v1.0
Lamb_lodging_Harley,2017-03-20,hotel,1587.0,9.21,24,0.050,BDG2 v1.0
Lamb_lodging_Harley,2017-03-21,hotel,1587.0,6.58,24,0.050,BDG2 v1.0
Lamb_lodging_Harley,2017-03-22,hotel,1587.0,5.88,24,0.050,BDG2 v1.0
Lamb_lodging_Harley,2017-03-23,hotel,1587.0,6.58,24,0.050,BDG2 v1.0
Lamb_lodging_Harley,2017-03-24,hotel,1587.0,8.58,24,0.050,BDG2 v1.0
Lamb_lodging_Harley,2017-03-25,hotel,1587.0,9.58,24,0.050,BDG2 v1.0
Lamb_lodging_Harley,2017-03-26,hotel,1587.0,10.61,24,0.050,BDG2 v1.0
Lamb_lodging_Harley,2017-03-27,hotel,1587.0,8.04,24,0.050,BDG2 v1.0
Lamb_lodging_Harley,2017-03-28,hotel,1587.0,9.38,24,0.050,BDG2 v1.0
Lamb_lodging_Harley,2017-03-29,hotel,1587.0,11.58,24,0.050,BDG2 v1.0
Lamb_lodging_Harley,2017-03-30,hotel,1587.0,12.83,24,0.050,BDG2 v1.0
Lamb_lodging_Harley,2017-03-31,hotel,1587.0,11.79,24,0.050,BDG2 v1.0
Lamb_lodging_Harley,2017-04-01,hotel,1587.0,10.08,24,0.050,BDG2 v1.0
Lamb_lodging_Harley,2017-04-02,hotel,1587.0,9.21,24,0.050,BDG2 v1.0
Lamb_lodging_Harley,2017-04-03,hotel,1587.0,9.25,24,0.050,BDG2 v1.0
Lamb_lodging_Harley,2017-04-04,hotel,1587.0,10.67,24,112.302,BDG2 v1.0
Lamb_lodging_Harley,2017-04-05,hotel,1587.0,8.50,24,111.300,BDG2 v1.0
Lamb_lodging_Harley,2017-04-06,hotel,1587.0,8.75,24,79.300,BDG2 v1.0
Lamb_lodging_Harley,2017-04-07,hotel,1587.0,9.04,24,80.400,BDG2 v1.0
Lamb_lodging_Harley,2017-04-08,hotel,1587.0,11.17,24,61.500,BDG2 v1.0
Lamb_lodging_Harley,2017-04-09,hotel,1587.0,11.29,24,60.700,BDG2 v1.0
Lamb_lodging_Harley,2017-04-10,hotel,1587.0,9.50,24,95.600,BDG2 v1.0
Lamb_lodging_Harley,2017-04-11,hotel,1587.0,8.33,24,3.900,BDG2 v1.0
Lamb_lodging_Harley,2017-04-12,hotel,1587.0,9.79,24,105.100,BDG2 v1.0
Lamb_lodging_Harley,2017-04-14,hotel,1587.0,9.25,23,143.600,BDG2 v1.0
Lamb_lodging_Harley,2017-04-15,hotel,1587.0,9.21,24,120.700,BDG2 v1.0
Lamb_lodging_Harley,2017-04-17,hotel,1587.0,10.58,24,76.500,BDG2 v1.0
Lamb_lodging_Harley,2017-04-18,hotel,1587.0,8.33,21,118.200,BDG2 v1.0
Lamb_lodging_Harley,2017-04-19,hotel,1587.0,8.83,24,134.900,BDG2 v1.0
Lamb_lodging_Harley,2017-04-20,hotel,1587.0,9.50,24,87.100,BDG2 v1.0
Lamb_lodging_Harley,2017-04-21,hotel,1587.0,10.50,24,98.000,BDG2 v1.0
Lamb_lodging_Harley,2017-04-22,hotel,1587.0,11.96,24,61.900,BDG2 v1.0
Lamb_lodging_Harley,2017-04-23,hotel,1587.0,10.12,24,57.200,BDG2 v1.0
Lamb_lodging_Harley,2017-04-24,hotel,1587.0,9.38,24,111.000,BDG2 v1.0
Lamb_lodging_Harley,2017-04-26,hotel,1587.0,5.79,24,128.900,BDG2 v1.0
Lamb_lodging_Harley,2017-04-28,hotel,1587.0,8.83,24,143.900,BDG2 v1.0
Lamb_lodging_Harley,2017-04-29,hotel,1587.0,10.42,24,91.600,BDG2 v1.0
Lamb_lodging_Harley,2017-04-30,hotel,1587.0,11.00,24,56.600,BDG2 v1.0
Lamb_lodging_Harley,2017-05-01,hotel,1587.0,10.46,24,55.100,BDG2 v1.0
Lamb_lodging_Harley,2017-05-02,hotel,1587.0,11.38,24,98.400,BDG2 v1.0
Lamb_lodging_Harley,2017-05-03,hotel,1587.0,11.21,24,103.800,BDG2 v1.0
Lamb_lodging_Harley,2017-05-04,hotel,1587.0,12.33,24,134.100,BDG2 v1.0
Lamb_lodging_Harley,2017-05-05,hotel,1587.0,11.92,24,72.600,BDG2 v1.0
Lamb_lodging_Harley,2017-05-06,hotel,1587.0,11.88,24,74.800,BDG2 v1.0
Lamb_lodging_Harley,2017-05-07,hotel,1587.0,11.58,24,59.500,BDG2 v1.0
Lamb_lodging_Harley,2017-05-08,hotel,1587.0,11.08,24,102.200,BDG2 v1.0
Lamb_lodging_Harley,2017-05-09,hotel,1587.0,10.08,24,3.800,BDG2 v1.0
Lamb_lodging_Harley,2017-05-10,hotel,1587.0,11.25,24,0.000,BDG2 v1.0
Lamb_lodging_Harley,2017-05-11,hotel,1587.0,12.92,24,0.000,BDG2 v1.0
Lamb_lodging_Harley,2017-05-12,hotel,1587.0,13.04,24,0.000,BDG2 v1.0
Lamb_lodging_Harley,2017-05-13,hotel,1587.0,13.00,24,0.000,BDG2 v1.0
Lamb_lodging_Harley,2017-05-14,hotel,1587.0,12.12,24,0.000,BDG2 v1.0
Lamb_lodging_Harley,2017-05-15,hotel,1587.0,13.50,24,0.000,BDG2 v1.0
Lamb_lodging_Harley,2017-05-16,hotel,1587.0,14.79,24,0.000,BDG2 v1.0
Lamb_lodging_Harley,2017-05-17,hotel,1587.0,11.17,24,0.000,BDG2 v1.0
Lamb_lodging_Harley,2017-05-18,hotel,1587.0,11.00,24,0.000,BDG2 v1.0
Lamb_lodging_Harley,2017-05-19,hotel,1587.0,10.29,24,0.000,BDG2 v1.0
Lamb_lodging_Harley,2017-05-20,hotel,1587.0,11.00,24,0.000,BDG2 v1.0
Lamb_lodging_Harley,2017-05-21,hotel,1587.0,13.21,24,0.000,BDG2 v1.0
Lamb_lodging_Harley,2017-05-22,hotel,1587.0,14.58,24,0.000,BDG2 v1.0
Lamb_lodging_Harley,2017-05-23,hotel,1587.0,13.67,24,0.000,BDG2 v1.0
Lamb_lodging_Harley,2017-05-24,hotel,1587.0,16.00,24,0.000,BDG2 v1.0
Lamb_lodging_Harley,2017-05-25,hotel,1587.0,18.96,24,0.000,BDG2 v1.0
Lamb_lodging_Harley,2017-05-26,hotel,1587.0,20.00,24,0.000,BDG2 v1.0
Lamb_lodging_Harley,2017-05-27,hotel,1587.0,15.83,24,0.000,BDG2 v1.0
Lamb_lodging_Harley,2017-05-28,hotel,1587.0,16.12,24,0.000,BDG2 v1.0
Lamb_lodging_Harley,2017-05-29,hotel,1587.0,15.96,24,0.000,BDG2 v1.0
Lamb_lodging_Harley,2017-05-30,hotel,1587.0,14.46,24,0.000,BDG2 v1.0
Lamb_lodging_Harley,2017-05-31,hotel,1587.0,15.92,24,0.000,BDG2 v1.0
Lamb_lodging_Harley,2017-06-01,hotel,1587.0,16.08,24,0.000,BDG2 v1.0
Lamb_lodging_Harley,2017-06-02,hotel,1587.0,14.29,24,0.000,BDG2 v1.0
Lamb_lodging_Harley,2017-06-03,hotel,1587.0,12.71,24,0.000,BDG2 v1.0
Lamb_lodging_Harley,2017-06-04,hotel,1587.0,12.88,24,0.000,BDG2 v1.0
Lamb_lodging_Harley,2017-06-05,hotel,1587.0,13.21,24,0.000,BDG2 v1.0
Lamb_lodging_Harley,2017-06-06,hotel,1587.0,12.58,24,0.000,BDG2 v1.0
Lamb_lodging_Harley,2017-06-07,hotel,1587.0,13.00,24,0.000,BDG2 v1.0
Lamb_lodging_Harley,2017-06-08,hotel,1587.0,14.46,24,0.000,BDG2 v1.0
Lamb_lodging_Harley,2017-06-09,hotel,1587.0,14.08,24,0.000,BDG2 v1.0
Lamb_lodging_Harley,2017-06-10,hotel,1587.0,15.83,24,0.000,BDG2 v1.0
Lamb_lodging_Harley,2017-06-11,hotel,1587.0,14.79,24,0.000,BDG2 v1.0
Lamb_lodging_Harley,2017-06-12,hotel,1587.0,13.96,24,0.000,BDG2 v1.0
Lamb_lodging_Harley,2017-06-13,hotel,1587.0,15.17,24,0.000,BDG2 v1.0
Lamb_lodging_Harley,2017-06-14,hotel,1587.0,16.58,24,0.000,BDG2 v1.0
Lamb_lodging_Harley,2017-06-15,hotel,1587.0,14.42,24,0.000,BDG2 v1.0
Lamb_lodging_Harley,2017-06-16,hotel,1587.0,15.17,24,0.000,BDG2 v1.0
Lamb_lodging_Harley,2017-06-17,hotel,1587.0,17.04,24,0.000,BDG2 v1.0
Lamb_lodging_Harley,2017-06-18,hotel,1587.0,20.04,24,0.000,BDG2 v1.0
Lamb_lodging_Harley,2017-06-19,hotel,1587.0,23.29,24,0.000,BDG2 v1.0
Lamb_lodging_Harley,2017-06-20,hotel,1587.0,23.67,24,91.600,BDG2 v1.0
Lamb_lodging_Harley,2017-06-21,hotel,1587.0,22.71,24,106.200,BDG2 v1.0
Lamb_lodging_Harley,2017-06-22,hotel,1587.0,16.33,24,128.200,BDG2 v1.0
Lamb_lodging_Harley,2017-06-23,hotel,1587.0,16.17,24,97.700,BDG2 v1.0
Lamb_lodging_Harley,2017-06-24,hotel,1587.0,15.62,21,133.400,BDG2 v1.0
Lamb_lodging_Harley,2017-06-25,hotel,1587.0,15.58,24,122.900,BDG2 v1.0
Lamb_lodging_Harley,2017-06-26,hotel,1587.0,16.17,24,92.400,BDG2 v1.0
Lamb_lodging_Harley,2017-06-27,hotel,1587.0,17.29,24,87.600,BDG2 v1.0
Lamb_lodging_Harley,2017-06-29,hotel,1587.0,13.33,24,86.800,BDG2 v1.0
Lamb_lodging_Harley,2017-06-30,hotel,1587.0,14.86,24,64.800,BDG2 v1.0
Lamb_lodging_Harley,2017-07-01,hotel,1587.0,15.00,24,56.700,BDG2 v1.0
Lamb_lodging_Harley,2017-07-02,hotel,1587.0,15.38,24,56.500,BDG2 v1.0
Lamb_lodging_Harley,2017-07-03,hotel,1587.0,16.17,24,71.800,BDG2 v1.0
Lamb_lodging_Harley,2017-07-04,hotel,1587.0,16.79,24,71.200,BDG2 v1.0
Lamb_lodging_Harley,2017-07-05,hotel,1587.0,18.38,24,68.700,BDG2 v1.0
Lamb_lodging_Harley,2017-07-06,hotel,1587.0,18.96,24,68.800,BDG2 v1.0
Lamb_lodging_Harley,2017-07-07,hotel,1587.0,16.92,24,78.800,BDG2 v1.0
Lamb_lodging_Harley,2017-07-08,hotel,1587.0,17.71,24,66.100,BDG2 v1.0
Lamb_lodging_Harley,2017-07-09,hotel,1587.0,18.33,24,84.100,BDG2 v1.0
Lamb_lodging_Harley,2017-07-10,hotel,1587.0,15.96,24,89.300,BDG2 v1.0
Lamb_lodging_Harley,2017-07-11,hotel,1587.0,15.33,24,73.500,BDG2 v1.0
Lamb_lodging_Harley,2017-07-12,hotel,1587.0,16.58,24,69.900,BDG2 v1.0
Lamb_lodging_Harley,2017-07-13,hotel,1587.0,16.62,24,70.400,BDG2 v1.0
Lamb_lodging_Harley,2017-07-14,hotel,1587.0,16.04,24,81.900,BDG2 v1.0
Lamb_lodging_Harley,2017-07-15,hotel,1587.0,16.17,24,57.500,BDG2 v1.0
Lamb_lodging_Harley,2017-07-16,hotel,1587.0,17.54,24,56.800,BDG2 v1.0
Lamb_lodging_Harley,2017-07-17,hotel,1587.0,17.46,24,80.000,BDG2 v1.0
Lamb_lodging_Harley,2017-07-18,hotel,1587.0,21.12,24,79.200,BDG2 v1.0
Lamb_lodging_Harley,2017-07-19,hotel,1587.0,18.42,24,110.300,BDG2 v1.0
Lamb_lodging_Harley,2017-07-20,hotel,1587.0,15.38,24,78.200,BDG2 v1.0
Lamb_lodging_Harley,2017-07-21,hotel,1587.0,15.08,24,73.300,BDG2 v1.0
Lamb_lodging_Harley,2017-07-22,hotel,1587.0,14.58,24,67.900,BDG2 v1.0
Lamb_lodging_Harley,2017-07-23,hotel,1587.0,14.21,24,73.800,BDG2 v1.0
Lamb_lodging_Harley,2017-07-24,hotel,1587.0,18.00,24,91.900,BDG2 v1.0
Lamb_lodging_Harley,2017-07-25,hotel,1587.0,17.38,24,79.800,BDG2 v1.0
Lamb_lodging_Harley,2017-07-26,hotel,1587.0,16.62,24,83.500,BDG2 v1.0
Lamb_lodging_Harley,2017-07-27,hotel,1587.0,15.71,24,105.500,BDG2 v1.0
Lamb_lodging_Harley,2017-07-28,hotel,1587.0,16.62,24,107.700,BDG2 v1.0
Lamb_lodging_Harley,2017-07-29,hotel,1587.0,15.54,24,63.800,BDG2 v1.0
Lamb_lodging_Harley,2017-07-30,hotel,1587.0,15.00,24,60.200,BDG2 v1.0
Lamb_lodging_Harley,2017-07-31,hotel,1587.0,15.92,24,86.100,BDG2 v1.0
Lamb_lodging_Harley,2017-08-01,hotel,1587.0,16.29,24,88.000,BDG2 v1.0
Lamb_lodging_Harley,2017-08-02,hotel,1587.0,16.96,24,94.500,BDG2 v1.0
Lamb_lodging_Harley,2017-08-03,hotel,1587.0,16.46,21,86.700,BDG2 v1.0
Lamb_lodging_Harley,2017-08-04,hotel,1587.0,16.46,24,82.000,BDG2 v1.0
Lamb_lodging_Harley,2017-08-05,hotel,1587.0,15.33,24,69.300,BDG2 v1.0
Lamb_lodging_Harley,2017-08-06,hotel,1587.0,15.88,24,67.900,BDG2 v1.0
Lamb_lodging_Harley,2017-08-07,hotel,1587.0,15.67,24,85.500,BDG2 v1.0
Lamb_lodging_Harley,2017-08-08,hotel,1587.0,15.00,24,90.800,BDG2 v1.0
Lamb_lodging_Harley,2017-08-09,hotel,1587.0,14.42,24,104.200,BDG2 v1.0
Lamb_lodging_Harley,2017-08-10,hotel,1587.0,15.17,24,75.800,BDG2 v1.0
Lamb_lodging_Harley,2017-08-11,hotel,1587.0,14.33,24,92.400,BDG2 v1.0
Lamb_lodging_Harley,2017-08-12,hotel,1587.0,15.96,24,65.300,BDG2 v1.0
Lamb_lodging_Harley,2017-08-13,hotel,1587.0,14.71,24,62.300,BDG2 v1.0
Lamb_lodging_Harley,2017-08-14,hotel,1587.0,15.38,24,89.000,BDG2 v1.0
Lamb_lodging_Harley,2017-08-15,hotel,1587.0,16.29,23,109.800,BDG2 v1.0
Lamb_lodging_Harley,2017-08-16,hotel,1587.0,16.25,24,104.800,BDG2 v1.0
Lamb_lodging_Harley,2017-08-17,hotel,1587.0,17.79,24,4.400,BDG2 v1.0
Lamb_lodging_Harley,2017-08-18,hotel,1587.0,14.96,24,0.009,BDG2 v1.0
Lamb_lodging_Harley,2017-08-19,hotel,1587.0,15.00,24,0.010,BDG2 v1.0
Lamb_lodging_Harley,2017-08-20,hotel,1587.0,14.96,24,0.010,BDG2 v1.0
Lamb_lodging_Harley,2017-08-21,hotel,1587.0,18.12,24,0.010,BDG2 v1.0
Lamb_lodging_Harley,2017-08-22,hotel,1587.0,18.21,24,0.010,BDG2 v1.0
Lamb_lodging_Harley,2017-08-23,hotel,1587.0,16.92,24,0.010,BDG2 v1.0
Lamb_lodging_Harley,2017-08-24,hotel,1587.0,16.12,24,0.010,BDG2 v1.0
Lamb_lodging_Harley,2017-08-25,hotel,1587.0,15.42,24,0.010,BDG2 v1.0
Lamb_lodging_Harley,2017-08-26,hotel,1587.0,16.58,24,0.010,BDG2 v1.0
Lamb_lodging_Harley,2017-08-27,hotel,1587.0,18.08,24,0.010,BDG2 v1.0
Lamb_lodging_Harley,2017-08-28,hotel,1587.0,17.29,24,0.010,BDG2 v1.0
Lamb_lodging_Harley,2017-08-29,hotel,1587.0,16.42,24,0.010,BDG2 v1.0
Lamb_lodging_Harley,2017-08-30,hotel,1587.0,13.71,24,0.010,BDG2 v1.0
Lamb_lodging_Harley,2017-08-31,hotel,1587.0,14.12,24,0.010,BDG2 v1.0
Lamb_lodging_Harley,2017-09-01,hotel,1587.0,13.92,24,0.010,BDG2 v1.0
Lamb_lodging_Harley,2017-09-02,hotel,1587.0,14.00,24,0.010,BDG2 v1.0
Lamb_lodging_Harley,2017-09-03,hotel,1587.0,14.71,24,0.010,BDG2 v1.0
Lamb_lodging_Harley,2017-09-04,hotel,1587.0,17.12,24,0.010,BDG2 v1.0
Lamb_lodging_Harley,2017-09-05,hotel,1587.0,17.25,24,0.010,BDG2 v1.0
Lamb_lodging_Harley,2017-09-06,hotel,1587.0,15.46,24,0.010,BDG2 v1.0
Lamb_lodging_Harley,2017-09-07,hotel,1587.0,15.42,24,0.010,BDG2 v1.0
Lamb_lodging_Harley,2017-09-08,hotel,1587.0,15.25,24,0.010,BDG2 v1.0
Lamb_lodging_Harley,2017-09-09,hotel,1587.0,13.12,24,0.010,BDG2 v1.0
Lamb_lodging_Harley,2017-09-10,hotel,1587.0,13.38,24,0.010,BDG2 v1.0
Lamb_lodging_Harley,2017-09-11,hotel,1587.0,14.12,24,0.010,BDG2 v1.0
Lamb_lodging_Harley,2017-09-12,hotel,1587.0,13.71,24,0.010,BDG2 v1.0
Lamb_lodging_Harley,2017-09-13,hotel,1587.0,13.08,24,0.010,BDG2 v1.0
Lamb_lodging_Harley,2017-09-14,hotel,1587.0,11.29,24,0.010,BDG2 v1.0
Lamb_lodging_Harley,2017-09-15,hotel,1587.0,11.29,24,0.010,BDG2 v1.0
Lamb_lodging_Harley,2017-09-16,hotel,1587.0,10.54,24,0.010,BDG2 v1.0
Lamb_lodging_Harley,2017-09-17,hotel,1587.0,11.21,24,0.010,BDG2 v1.0
Lamb_lodging_Harley,2017-09-18,hotel,1587.0,12.04,24,0.010,BDG2 v1.0
Lamb_lodging_Harley,2017-09-19,hotel,1587.0,12.79,24,0.010,BDG2 v1.0
Lamb_lodging_Harley,2017-09-20,hotel,1587.0,15.04,24,0.010,BDG2 v1.0
Lamb_lodging_Harley,2017-09-21,hotel,1587.0,14.08,24,0.010,BDG2 v1.0
Lamb_lodging_Harley,2017-09-22,hotel,1587.0,13.42,24,0.010,BDG2 v1.0
Lamb_lodging_Harley,2017-09-23,hotel,1587.0,15.62,24,0.010,BDG2 v1.0
Lamb_lodging_Harley,2017-09-24,hotel,1587.0,15.21,24,0.010,BDG2 v1.0
Lamb_lodging_Harley,2017-09-25,hotel,1587.0,15.21,24,0.010,BDG2 v1.0
Lamb_lodging_Harley,2017-09-26,hotel,1587.0,14.71,24,0.010,BDG2 v1.0
Lamb_lodging_Harley,2017-09-27,hotel,1587.0,15.00,24,0.010,BDG2 v1.0
Lamb_lodging_Harley,2017-09-28,hotel,1587.0,14.71,24,0.010,BDG2 v1.0
Lamb_lodging_Harley,2017-09-29,hotel,1587.0,14.83,24,0.010,BDG2 v1.0
Lamb_lodging_Harley,2017-09-30,hotel,1587.0,14.00,24,0.010,BDG2 v1.0
Lamb_lodging_Harley,2017-10-01,hotel,1587.0,15.50,24,0.010,BDG2 v1.0
Lamb_lodging_Harley,2017-10-02,hotel,1587.0,13.92,24,0.010,BDG2 v1.0
Lamb_lodging_Harley,2017-10-03,hotel,1587.0,11.00,24,0.010,BDG2 v1.0
Lamb_lodging_Harley,2017-10-04,hotel,1587.0,12.92,24,0.010,BDG2 v1.0
Lamb_lodging_Harley,2017-10-05,hotel,1587.0,13.38,24,0.010,BDG2 v1.0
Lamb_lodging_Harley,2017-10-06,hotel,1587.0,10.62,24,0.010,BDG2 v1.0
Lamb_lodging_Harley,2017-10-07,hotel,1587.0,13.67,24,0.010,BDG2 v1.0
Lamb_lodging_Harley,2017-10-08,hotel,1587.0,13.46,24,0.010,BDG2 v1.0
Lamb_lodging_Harley,2017-10-09,hotel,1587.0,13.62,24,0.010,BDG2 v1.0
Lamb_lodging_Harley,2017-10-10,hotel,1587.0,14.62,24,0.010,BDG2 v1.0
Lamb_lodging_Harley,2017-10-11,hotel,1587.0,14.83,24,0.010,BDG2 v1.0
Lamb_lodging_Harley,2017-10-12,hotel,1587.0,14.00,24,0.010,BDG2 v1.0
Lamb_lodging_Harley,2017-10-13,hotel,1587.0,16.83,24,0.010,BDG2 v1.0
Lamb_lodging_Harley,2017-10-14,hotel,1587.0,15.92,24,0.010,BDG2 v1.0
Lamb_lodging_Harley,2017-10-15,hotel,1587.0,15.21,24,0.010,BDG2 v1.0
Lamb_lodging_Harley,2017-10-16,hotel,1587.0,16.08,24,0.010,BDG2 v1.0
Lamb_lodging_Harley,2017-10-17,hotel,1587.0,13.04,24,0.010,BDG2 v1.0
Lamb_lodging_Harley,2017-10-18,hotel,1587.0,11.08,24,0.010,BDG2 v1.0
Lamb_lodging_Harley,2017-10-19,hotel,1587.0,12.83,24,0.010,BDG2 v1.0
Lamb_lodging_Harley,2017-10-20,hotel,1587.0,12.79,24,0.010,BDG2 v1.0
Lamb_lodging_Harley,2017-10-21,hotel,1587.0,12.83,24,0.010,BDG2 v1.0
Lamb_lodging_Harley,2017-10-22,hotel,1587.0,11.29,24,0.010,BDG2 v1.0
Lamb_lodging_Harley,2017-10-23,hotel,1587.0,13.75,24,0.010,BDG2 v1.0
Lamb_lodging_Harley,2017-10-24,hotel,1587.0,15.38,24,0.010,BDG2 v1.0
Lamb_lodging_Harley,2017-10-25,hotel,1587.0,13.17,24,0.010,BDG2 v1.0
Lamb_lodging_Harley,2017-10-26,hotel,1587.0,12.12,24,0.010,BDG2 v1.0
Lamb_lodging_Harley,2017-10-27,hotel,1587.0,11.21,24,0.010,BDG2 v1.0
Lamb_lodging_Harley,2017-10-28,hotel,1587.0,10.75,24,0.010,BDG2 v1.0
Lamb_lodging_Harley,2017-10-29,hotel,1587.0,12.92,24,0.010,BDG2 v1.0
Lamb_lodging_Harley,2017-10-30,hotel,1587.0,7.42,24,0.010,BDG2 v1.0
Lamb_lodging_Harley,2017-10-31,hotel,1587.0,11.38,24,0.010,BDG2 v1.0
Lamb_lodging_Harley,2017-11-01,hotel,1587.0,10.04,24,0.010,BDG2 v1.0
Lamb_lodging_Harley,2017-11-02,hotel,1587.0,8.83,24,0.010,BDG2 v1.0
Lamb_lodging_Harley,2017-11-03,hotel,1587.0,9.42,24,0.010,BDG2 v1.0
Lamb_lodging_Harley,2017-11-04,hotel,1587.0,9.79,24,0.010,BDG2 v1.0
Lamb_lodging_Harley,2017-11-05,hotel,1587.0,6.50,24,0.010,BDG2 v1.0
Lamb_lodging_Harley,2017-11-06,hotel,1587.0,8.04,24,0.010,BDG2 v1.0
Lamb_lodging_Harley,2017-11-07,hotel,1587.0,9.00,24,0.010,BDG2 v1.0
Lamb_lodging_Harley,2017-11-08,hotel,1587.0,5.58,24,0.010,BDG2 v1.0
Lamb_lodging_Harley,2017-11-09,hotel,1587.0,10.50,24,0.010,BDG2 v1.0
Lamb_lodging_Harley,2017-11-10,hotel,1587.0,10.71,24,0.010,BDG2 v1.0
Lamb_lodging_Harley,2017-11-11,hotel,1587.0,11.83,24,0.010,BDG2 v1.0
Lamb_lodging_Harley,2017-11-12,hotel,1587.0,6.46,24,0.010,BDG2 v1.0
Lamb_lodging_Harley,2017-11-13,hotel,1587.0,5.79,24,0.010,BDG2 v1.0
Lamb_lodging_Harley,2017-11-14,hotel,1587.0,11.08,24,0.010,BDG2 v1.0
Lamb_lodging_Harley,2017-11-15,hotel,1587.0,11.12,24,0.010,BDG2 v1.0
Lamb_lodging_Harley,2017-11-16,hotel,1587.0,9.62,24,0.010,BDG2 v1.0
Lamb_lodging_Harley,2017-11-17,hotel,1587.0,4.92,24,0.010,BDG2 v1.0
Lamb_lodging_Harley,2017-11-18,hotel,1587.0,9.54,24,0.010,BDG2 v1.0
Lamb_lodging_Harley,2017-11-19,hotel,1587.0,7.71,24,0.010,BDG2 v1.0
Lamb_lodging_Harley,2017-11-20,hotel,1587.0,11.62,24,0.010,BDG2 v1.0
Lamb_lodging_Harley,2017-11-21,hotel,1587.0,12.42,24,0.010,BDG2 v1.0
Lamb_lodging_Harley,2017-11-22,hotel,1587.0,13.92,24,0.010,BDG2 v1.0
Lamb_lodging_Harley,2017-11-23,hotel,1587.0,9.00,24,0.010,BDG2 v1.0
Lamb_lodging_Harley,2017-11-24,hotel,1587.0,5.08,24,0.010,BDG2 v1.0
Lamb_lodging_Harley,2017-11-25,hotel,1587.0,3.62,24,0.010,BDG2 v1.0
Lamb_lodging_Harley,2017-11-26,hotel,1587.0,6.25,24,0.010,BDG2 v1.0
Lamb_lodging_Harley,2017-11-27,hotel,1587.0,8.62,24,0.010,BDG2 v1.0
Lamb_lodging_Harley,2017-11-28,hotel,1587.0,4.38,24,0.010,BDG2 v1.0
Lamb_lodging_Harley,2017-11-29,hotel,1587.0,3.17,24,0.010,BDG2 v1.0
Lamb_lodging_Harley,2017-11-30,hotel,1587.0,2.04,24,0.010,BDG2 v1.0
Lamb_lodging_Harley,2017-12-01,hotel,1587.0,3.67,24,0.010,BDG2 v1.0
Lamb_lodging_Harley,2017-12-02,hotel,1587.0,5.79,24,0.010,BDG2 v1.0
Lamb_lodging_Harley,2017-12-03,hotel,1587.0,7.71,24,0.010,BDG2 v1.0
Lamb_lodging_Harley,2017-12-04,hotel,1587.0,7.46,24,0.010,BDG2 v1.0
Lamb_lodging_Harley,2017-12-05,hotel,1587.0,8.12,24,0.010,BDG2 v1.0
Lamb_lodging_Harley,2017-12-06,hotel,1587.0,9.88,24,0.010,BDG2 v1.0
Lamb_lodging_Harley,2017-12-07,hotel,1587.0,9.12,24,0.010,BDG2 v1.0
Lamb_lodging_Harley,2017-12-08,hotel,1587.0,3.08,24,0.010,BDG2 v1.0
Lamb_lodging_Harley,2017-12-09,hotel,1587.0,1.75,24,0.010,BDG2 v1.0
Lamb_lodging_Harley,2017-12-10,hotel,1587.0,2.04,24,0.010,BDG2 v1.0
Lamb_lodging_Harley,2017-12-11,hotel,1587.0,1.25,24,0.010,BDG2 v1.0
Lamb_lodging_Harley,2017-12-12,hotel,1587.0,3.17,24,0.010,BDG2 v1.0
Lamb_lodging_Harley,2017-12-13,hotel,1587.0,7.12,24,0.010,BDG2 v1.0
Lamb_lodging_Harley,2017-12-14,hotel,1587.0,5.00,24,0.010,BDG2 v1.0
Lamb_lodging_Harley,2017-12-15,hotel,1587.0,4.79,24,0.010,BDG2 v1.0
Lamb_lodging_Harley,2017-12-16,hotel,1587.0,3.71,24,0.010,BDG2 v1.0
Lamb_lodging_Harley,2017-12-17,hotel,1587.0,7.46,24,0.010,BDG2 v1.0
Lamb_lodging_Harley,2017-12-18,hotel,1587.0,5.33,24,0.010,BDG2 v1.0
Lamb_lodging_Harley,2017-12-19,hotel,1587.0,5.54,24,0.010,BDG2 v1.0
Lamb_lodging_Harley,2017-12-20,hotel,1587.0,9.96,24,0.010,BDG2 v1.0
Lamb_lodging_Harley,2017-12-21,hotel,1587.0,10.00,24,0.010,BDG2 v1.0
Lamb_lodging_Harley,2017-12-22,hotel,1587.0,9.75,24,0.010,BDG2 v1.0
Lamb_lodging_Harley,2017-12-23,hotel,1587.0,8.83,24,0.010,BDG2 v1.0
Lamb_lodging_Harley,2017-12-24,hotel,1587.0,8.96,24,0.010,BDG2 v1.0
Lamb_lodging_Harley,2017-12-25,hotel,1587.0,9.21,24,0.010,BDG2 v1.0
Lamb_lodging_Harley,2017-12-26,hotel,1587.0,5.42,24,0.010,BDG2 v1.0
Lamb_lodging_Harley,2017-12-27,hotel,1587.0,2.67,24,0.010,BDG2 v1.0
Lamb_lodging_Harley,2017-12-28,hotel,1587.0,2.17,24,0.010,BDG2 v1.0
Lamb_lodging_Harley,2017-12-29,hotel,1587.0,6.92,24,0.010,BDG2 v1.0
Lamb_lodging_Harley,2017-12-30,hotel,1587.0,10.29,24,0.010,BDG2 v1.0
Lamb_lodging_Harley,2017-12-31,hotel,1587.0,9.50,24,0.010,BDG2 v1.0
Mouse_lodging_Vicente,2016-01-01,hotel,3489.0,5.39,24,790.000,BDG2 v1.0
Mouse_lodging_Vicente,2016-01-02,hotel,3489.0,9.78,24,810.000,BDG2 v1.0
Mouse_lodging_Vicente,2016-01-03,hotel,3489.0,7.95,24,820.000,BDG2 v1.0
Mouse_lodging_Vicente,2016-01-04,hotel,3489.0,7.84,24,930.000,BDG2 v1.0
Mouse_lodging_Vicente,2016-01-05,hotel,3489.0,7.90,24,1030.000,BDG2 v1.0
Mouse_lodging_Vicente,2016-01-06,hotel,3489.0,6.34,24,981.709,BDG2 v1.0
Mouse_lodging_Vicente,2016-01-07,hotel,3489.0,7.10,24,982.171,BDG2 v1.0
Mouse_lodging_Vicente,2016-01-08,hotel,3489.0,5.83,24,982.171,BDG2 v1.0
Mouse_lodging_Vicente,2016-01-09,hotel,3489.0,8.74,24,982.171,BDG2 v1.0
Mouse_lodging_Vicente,2016-01-10,hotel,3489.0,6.23,24,982.171,BDG2 v1.0
Mouse_lodging_Vicente,2016-01-11,hotel,3489.0,5.92,24,982.171,BDG2 v1.0
Mouse_lodging_Vicente,2016-01-12,hotel,3489.0,5.39,24,982.171,BDG2 v1.0
Mouse_lodging_Vicente,2016-01-13,hotel,3489.0,4.75,24,982.171,BDG2 v1.0
Mouse_lodging_Vicente,2016-01-14,hotel,3489.0,3.71,24,982.171,BDG2 v1.0
Mouse_lodging_Vicente,2016-01-15,hotel,3489.0,2.97,24,990.924,BDG2 v1.0
Mouse_lodging_Vicente,2016-01-16,hotel,3489.0,2.30,24,890.000,BDG2 v1.0
Mouse_lodging_Vicente,2016-01-17,hotel,3489.0,2.37,24,920.000,BDG2 v1.0
Mouse_lodging_Vicente,2016-01-18,hotel,3489.0,3.22,24,1130.000,BDG2 v1.0
Mouse_lodging_Vicente,2016-01-19,hotel,3489.0,0.55,24,1300.000,BDG2 v1.0
Mouse_lodging_Vicente,2016-01-20,hotel,3489.0,0.18,24,1310.000,BDG2 v1.0
Mouse_lodging_Vicente,2016-01-21,hotel,3489.0,3.34,24,1240.000,BDG2 v1.0
Mouse_lodging_Vicente,2016-01-22,hotel,3489.0,7.54,24,1240.000,BDG2 v1.0
Mouse_lodging_Vicente,2016-01-23,hotel,3489.0,7.39,24,1160.000,BDG2 v1.0
Mouse_lodging_Vicente,2016-01-24,hotel,3489.0,12.01,24,1170.000,BDG2 v1.0
Mouse_lodging_Vicente,2016-01-25,hotel,3489.0,11.22,24,1260.000,BDG2 v1.0
Mouse_lodging_Vicente,2016-01-26,hotel,3489.0,9.24,24,1240.000,BDG2 v1.0
Mouse_lodging_Vicente,2016-01-27,hotel,3489.0,11.52,24,1260.000,BDG2 v1.0
Mouse_lodging_Vicente,2016-01-28,hotel,3489.0,6.40,24,1220.000,BDG2 v1.0
Mouse_lodging_Vicente,2016-01-29,hotel,3489.0,11.10,24,1190.000,BDG2 v1.0
Mouse_lodging_Vicente,2016-01-30,hotel,3489.0,7.63,24,1100.000,BDG2 v1.0
Mouse_lodging_Vicente,2016-01-31,hotel,3489.0,8.95,24,1090.000,BDG2 v1.0
Mouse_lodging_Vicente,2016-02-01,hotel,3489.0,12.12,24,1220.000,BDG2 v1.0
Mouse_lodging_Vicente,2016-02-02,hotel,3489.0,8.04,24,1260.000,BDG2 v1.0
Mouse_lodging_Vicente,2016-02-03,hotel,3489.0,5.18,24,1260.000,BDG2 v1.0
Mouse_lodging_Vicente,2016-02-04,hotel,3489.0,9.51,24,1250.000,BDG2 v1.0
Mouse_lodging_Vicente,2016-02-05,hotel,3489.0,10.18,24,1200.000,BDG2 v1.0
Mouse_lodging_Vicente,2016-02-06,hotel,3489.0,10.34,24,1070.000,BDG2 v1.0
Mouse_lodging_Vicente,2016-02-07,hotel,3489.0,7.26,24,1080.000,BDG2 v1.0
Mouse_lodging_Vicente,2016-02-08,hotel,3489.0,7.87,24,1190.000,BDG2 v1.0
Mouse_lodging_Vicente,2016-02-09,hotel,3489.0,5.25,24,1230.000,BDG2 v1.0
Mouse_lodging_Vicente,2016-02-10,hotel,3489.0,5.70,24,1200.000,BDG2 v1.0
Mouse_lodging_Vicente,2016-02-11,hotel,3489.0,3.57,24,1180.000,BDG2 v1.0
Mouse_lodging_Vicente,2016-02-12,hotel,3489.0,3.90,24,1190.000,BDG2 v1.0
Mouse_lodging_Vicente,2016-02-13,hotel,3489.0,3.87,24,1100.000,BDG2 v1.0
Mouse_lodging_Vicente,2016-02-14,hotel,3489.0,3.75,24,1100.000,BDG2 v1.0
Mouse_lodging_Vicente,2016-02-15,hotel,3489.0,2.48,24,1160.000,BDG2 v1.0
Mouse_lodging_Vicente,2016-02-16,hotel,3489.0,2.57,24,1120.000,BDG2 v1.0
Mouse_lodging_Vicente,2016-02-17,hotel,3489.0,4.33,24,1100.000,BDG2 v1.0
Mouse_lodging_Vicente,2016-02-18,hotel,3489.0,4.09,24,1110.000,BDG2 v1.0
Mouse_lodging_Vicente,2016-02-19,hotel,3489.0,5.03,24,1050.000,BDG2 v1.0
Mouse_lodging_Vicente,2016-02-20,hotel,3489.0,10.49,24,830.000,BDG2 v1.0
Mouse_lodging_Vicente,2016-02-21,hotel,3489.0,12.65,24,780.000,BDG2 v1.0
Mouse_lodging_Vicente,2016-02-22,hotel,3489.0,8.75,24,1080.000,BDG2 v1.0
Mouse_lodging_Vicente,2016-02-23,hotel,3489.0,5.72,24,1110.000,BDG2 v1.0
Mouse_lodging_Vicente,2016-02-24,hotel,3489.0,2.80,24,1100.000,BDG2 v1.0
Mouse_lodging_Vicente,2016-02-25,hotel,3489.0,2.14,24,1100.000,BDG2 v1.0
Mouse_lodging_Vicente,2016-02-26,hotel,3489.0,3.87,24,1060.000,BDG2 v1.0
Mouse_lodging_Vicente,2016-02-27,hotel,3489.0,4.55,24,820.000,BDG2 v1.0
Mouse_lodging_Vicente,2016-02-28,hotel,3489.0,4.80,24,840.000,BDG2 v1.0
Mouse_lodging_Vicente,2016-02-29,hotel,3489.0,5.08,24,1090.000,BDG2 v1.0
Mouse_lodging_Vicente,2016-03-01,hotel,3489.0,8.69,24,1110.000,BDG2 v1.0
Mouse_lodging_Vicente,2016-03-02,hotel,3489.0,5.45,24,1120.000,BDG2 v1.0
Mouse_lodging_Vicente,2016-03-03,hotel,3489.0,6.48,24,1140.000,BDG2 v1.0
Mouse_lodging_Vicente,2016-03-04,hotel,3489.0,4.97,24,1050.000,BDG2 v1.0
Mouse_lodging_Vicente,2016-03-05,hotel,3489.0,2.50,24,950.000,BDG2 v1.0
Mouse_lodging_Vicente,2016-03-06,hotel,3489.0,3.54,24,800.000,BDG2 v1.0
Mouse_lodging_Vicente,2016-03-07,hotel,3489.0,4.05,24,1120.000,BDG2 v1.0
Mouse_lodging_Vicente,2016-03-08,hotel,3489.0,3.94,24,1100.000,BDG2 v1.0
Mouse_lodging_Vicente,2016-03-09,hotel,3489.0,7.81,24,1090.000,BDG2 v1.0
Mouse_lodging_Vicente,2016-03-10,hotel,3489.0,6.61,24,1100.000,BDG2 v1.0
Mouse_lodging_Vicente,2016-03-11,hotel,3489.0,4.70,24,1030.000,BDG2 v1.0
Mouse_lodging_Vicente,2016-03-12,hotel,3489.0,6.45,24,850.000,BDG2 v1.0
Mouse_lodging_Vicente,2016-03-13,hotel,3489.0,5.99,24,830.000,BDG2 v1.0
Mouse_lodging_Vicente,2016-03-14,hotel,3489.0,6.88,24,1080.000,BDG2 v1.0
Mouse_lodging_Vicente,2016-03-15,hotel,3489.0,6.12,24,1090.000,BDG2 v1.0
Mouse_lodging_Vicente,2016-03-16,hotel,3489.0,7.50,24,1080.000,BDG2 v1.0
Mouse_lodging_Vicente,2016-03-17,hotel,3489.0,6.67,24,1050.000,BDG2 v1.0
Mouse_lodging_Vicente,2016-03-18,hotel,3489.0,5.12,24,1000.000,BDG2 v1.0
Mouse_lodging_Vicente,2016-03-19,hotel,3489.0,6.88,24,810.000,BDG2 v1.0
Mouse_lodging_Vicente,2016-03-20,hotel,3489.0,7.35,24,850.000,BDG2 v1.0
Mouse_lodging_Vicente,2016-03-21,hotel,3489.0,8.47,24,1040.000,BDG2 v1.0
Mouse_lodging_Vicente,2016-03-22,hotel,3489.0,7.64,24,1050.000,BDG2 v1.0
Mouse_lodging_Vicente,2016-03-23,hotel,3489.0,8.45,24,1040.000,BDG2 v1.0
Mouse_lodging_Vicente,2016-03-24,hotel,3489.0,8.03,24,1040.000,BDG2 v1.0
Mouse_lodging_Vicente,2016-03-25,hotel,3489.0,10.41,24,920.000,BDG2 v1.0
Mouse_lodging_Vicente,2016-03-26,hotel,3489.0,9.52,24,780.000,BDG2 v1.0
Mouse_lodging_Vicente,2016-03-27,hotel,3489.0,8.03,24,740.000,BDG2 v1.0
Mouse_lodging_Vicente,2016-03-28,hotel,3489.0,8.25,24,943.495,BDG2 v1.0
Mouse_lodging_Vicente,2016-03-29,hotel,3489.0,7.67,24,953.357,BDG2 v1.0
Mouse_lodging_Vicente,2016-03-30,hotel,3489.0,8.42,24,953.357,BDG2 v1.0
Mouse_lodging_Vicente,2016-03-31,hotel,3489.0,8.23,24,953.357,BDG2 v1.0
Mouse_lodging_Vicente,2016-04-01,hotel,3489.0,7.74,24,953.357,BDG2 v1.0
Mouse_lodging_Vicente,2016-04-02,hotel,3489.0,10.22,24,953.357,BDG2 v1.0
Mouse_lodging_Vicente,2016-04-03,hotel,3489.0,10.98,24,809.723,BDG2 v1.0
Mouse_lodging_Vicente,2016-04-04,hotel,3489.0,10.60,24,948.780,BDG2 v1.0
Mouse_lodging_Vicente,2016-04-05,hotel,3489.0,10.88,24,958.754,BDG2 v1.0
Mouse_lodging_Vicente,2016-04-06,hotel,3489.0,8.67,24,958.754,BDG2 v1.0
Mouse_lodging_Vicente,2016-04-07,hotel,3489.0,7.09,24,958.754,BDG2 v1.0
Mouse_lodging_Vicente,2016-04-08,hotel,3489.0,8.78,24,958.754,BDG2 v1.0
Mouse_lodging_Vicente,2016-04-09,hotel,3489.0,7.93,24,958.754,BDG2 v1.0
Mouse_lodging_Vicente,2016-04-10,hotel,3489.0,7.66,24,958.754,BDG2 v1.0
Mouse_lodging_Vicente,2016-04-11,hotel,3489.0,11.31,24,958.754,BDG2 v1.0
Mouse_lodging_Vicente,2016-04-12,hotel,3489.0,11.65,24,1029.948,BDG2 v1.0
Mouse_lodging_Vicente,2016-04-13,hotel,3489.0,11.28,24,1010.000,BDG2 v1.0
Mouse_lodging_Vicente,2016-04-14,hotel,3489.0,12.01,24,1020.000,BDG2 v1.0
Mouse_lodging_Vicente,2016-04-15,hotel,3489.0,9.88,24,970.000,BDG2 v1.0
Mouse_lodging_Vicente,2016-04-16,hotel,3489.0,6.32,24,780.000,BDG2 v1.0
Mouse_lodging_Vicente,2016-04-17,hotel,3489.0,6.64,24,810.000,BDG2 v1.0
Mouse_lodging_Vicente,2016-04-18,hotel,3489.0,8.33,24,1030.000,BDG2 v1.0
Mouse_lodging_Vicente,2016-04-19,hotel,3489.0,11.43,24,1050.000,BDG2 v1.0
Mouse_lodging_Vicente,2016-04-20,hotel,3489.0,9.65,24,1050.000,BDG2 v1.0
Mouse_lodging_Vicente,2016-04-21,hotel,3489.0,10.93,24,1060.000,BDG2 v1.0
Mouse_lodging_Vicente,2016-04-22,hotel,3489.0,8.92,24,1040.000,BDG2 v1.0
Mouse_lodging_Vicente,2016-04-23,hotel,3489.0,7.35,24,810.000,BDG2 v1.0
Mouse_lodging_Vicente,2016-04-24,hotel,3489.0,7.27,24,810.000,BDG2 v1.0
Mouse_lodging_Vicente,2016-04-25,hotel,3489.0,7.78,24,1060.000,BDG2 v1.0
Mouse_lodging_Vicente,2016-04-26,hotel,3489.0,5.81,24,1070.000,BDG2 v1.0
Mouse_lodging_Vicente,2016-04-27,hotel,3489.0,6.15,24,1070.000,BDG2 v1.0
Mouse_lodging_Vicente,2016-04-28,hotel,3489.0,6.81,24,1060.000,BDG2 v1.0
Mouse_lodging_Vicente,2016-04-29,hotel,3489.0,7.82,24,1020.000,BDG2 v1.0
Mouse_lodging_Vicente,2016-04-30,hotel,3489.0,7.74,24,790.000,BDG2 v1.0
Mouse_lodging_Vicente,2016-05-01,hotel,3489.0,9.65,24,760.000,BDG2 v1.0
Mouse_lodging_Vicente,2016-05-02,hotel,3489.0,12.15,24,910.000,BDG2 v1.0
Mouse_lodging_Vicente,2016-05-03,hotel,3489.0,10.55,24,1030.000,BDG2 v1.0
Mouse_lodging_Vicente,2016-05-04,hotel,3489.0,11.98,24,1030.000,BDG2 v1.0
Mouse_lodging_Vicente,2016-05-05,hotel,3489.0,13.78,24,1030.000,BDG2 v1.0
Mouse_lodging_Vicente,2016-05-06,hotel,3489.0,16.00,24,1030.000,BDG2 v1.0
Mouse_lodging_Vicente,2016-05-07,hotel,3489.0,17.92,24,1190.000,BDG2 v1.0
Mouse_lodging_Vicente,2016-05-08,hotel,3489.0,20.35,24,1330.000,BDG2 v1.0
Mouse_lodging_Vicente,2016-05-09,hotel,3489.0,18.94,24,1380.000,BDG2 v1.0
Mouse_lodging_Vicente,2016-05-10,hotel,3489.0,16.09,24,1310.000,BDG2 v1.0
Mouse_lodging_Vicente,2016-05-11,hotel,3489.0,16.20,24,1260.000,BDG2 v1.0
Mouse_lodging_Vicente,2016-05-12,hotel,3489.0,17.52,24,1370.000,BDG2 v1.0
Mouse_lodging_Vicente,2016-05-13,hotel,3489.0,12.78,24,1190.000,BDG2 v1.0
Mouse_lodging_Vicente,2016-05-14,hotel,3489.0,10.46,24,1030.000,BDG2 v1.0
Mouse_lodging_Vicente,2016-05-15,hotel,3489.0,11.76,24,1080.000,BDG2 v1.0
Mouse_lodging_Vicente,2016-05-16,hotel,3489.0,13.58,24,1200.000,BDG2 v1.0
Mouse_lodging_Vicente,2016-05-17,hotel,3489.0,13.24,24,1210.000,BDG2 v1.0
Mouse_lodging_Vicente,2016-05-18,hotel,3489.0,12.24,24,1170.000,BDG2 v1.0
Mouse_lodging_Vicente,2016-05-19,hotel,3489.0,13.50,24,1180.000,BDG2 v1.0
Mouse_lodging_Vicente,2016-05-20,hotel,3489.0,15.38,24,1220.000,BDG2 v1.0
Mouse_lodging_Vicente,2016-05-21,hotel,3489.0,14.81,24,1100.000,BDG2 v1.0
Mouse_lodging_Vicente,2016-05-22,hotel,3489.0,14.36,24,1130.000,BDG2 v1.0
Mouse_lodging_Vicente,2016-05-23,hotel,3489.0,14.25,24,1270.000,BDG2 v1.0
Mouse_lodging_Vicente,2016-05-24,hotel,3489.0,12.67,24,1240.000,BDG2 v1.0
Mouse_lodging_Vicente,2016-05-25,hotel,3489.0,10.63,24,1200.000,BDG2 v1.0
Mouse_lodging_Vicente,2016-05-26,hotel,3489.0,14.46,24,1280.000,BDG2 v1.0
Mouse_lodging_Vicente,2016-05-27,hotel,3489.0,15.85,24,1270.000,BDG2 v1.0
Mouse_lodging_Vicente,2016-05-28,hotel,3489.0,15.49,24,1150.000,BDG2 v1.0
Mouse_lodging_Vicente,2016-05-29,hotel,3489.0,13.87,24,1120.000,BDG2 v1.0
Mouse_lodging_Vicente,2016-05-30,hotel,3489.0,14.28,24,1140.000,BDG2 v1.0
Mouse_lodging_Vicente,2016-05-31,hotel,3489.0,12.29,24,1270.000,BDG2 v1.0
Mouse_lodging_Vicente,2016-06-01,hotel,3489.0,12.79,24,1240.000,BDG2 v1.0
Mouse_lodging_Vicente,2016-06-02,hotel,3489.0,11.32,24,1050.000,BDG2 v1.0
Mouse_lodging_Vicente,2016-06-03,hotel,3489.0,11.22,24,1020.000,BDG2 v1.0
Mouse_lodging_Vicente,2016-06-04,hotel,3489.0,15.48,24,820.000,BDG2 v1.0
Mouse_lodging_Vicente,2016-06-05,hotel,3489.0,17.32,24,860.000,BDG2 v1.0
Mouse_lodging_Vicente,2016-06-06,hotel,3489.0,18.19,24,1080.000,BDG2 v1.0
Mouse_lodging_Vicente,2016-06-07,hotel,3489.0,18.73,24,1090.000,BDG2 v1.0
Mouse_lodging_Vicente,2016-06-08,hotel,3489.0,19.13,24,1090.000,BDG2 v1.0
Mouse_lodging_Vicente,2016-06-09,hotel,3489.0,17.16,24,1070.000,BDG2 v1.0
Mouse_lodging_Vicente,2016-06-10,hotel,3489.0,18.12,24,1020.000,BDG2 v1.0
Mouse_lodging_Vicente,2016-06-11,hotel,3489.0,18.99,24,760.000,BDG2 v1.0
Mouse_lodging_Vicente,2016-06-12,hotel,3489.0,16.80,24,740.000,BDG2 v1.0
Mouse_lodging_Vicente,2016-06-13,hotel,3489.0,16.46,24,1000.000,BDG2 v1.0
Mouse_lodging_Vicente,2016-06-14,hotel,3489.0,15.64,24,1010.000,BDG2 v1.0
Mouse_lodging_Vicente,2016-06-15,hotel,3489.0,15.30,24,1000.000,BDG2 v1.0
Mouse_lodging_Vicente,2016-06-16,hotel,3489.0,14.82,24,1010.000,BDG2 v1.0
Mouse_lodging_Vicente,2016-06-17,hotel,3489.0,15.48,24,1040.000,BDG2 v1.0
Mouse_lodging_Vicente,2016-06-18,hotel,3489.0,14.61,24,760.000,BDG2 v1.0
Mouse_lodging_Vicente,2016-06-19,hotel,3489.0,15.92,24,770.000,BDG2 v1.0
Mouse_lodging_Vicente,2016-06-20,hotel,3489.0,17.52,24,1030.000,BDG2 v1.0
Mouse_lodging_Vicente,2016-06-21,hotel,3489.0,17.50,24,1000.000,BDG2 v1.0
Mouse_lodging_Vicente,2016-06-22,hotel,3489.0,18.18,24,1030.000,BDG2 v1.0
Mouse_lodging_Vicente,2016-06-23,hotel,3489.0,19.22,24,1010.000,BDG2 v1.0
Mouse_lodging_Vicente,2016-06-24,hotel,3489.0,16.86,24,1020.000,BDG2 v1.0
Mouse_lodging_Vicente,2016-06-25,hotel,3489.0,15.69,24,740.000,BDG2 v1.0
Mouse_lodging_Vicente,2016-06-26,hotel,3489.0,15.59,24,760.000,BDG2 v1.0
Mouse_lodging_Vicente,2016-06-27,hotel,3489.0,17.66,24,1030.000,BDG2 v1.0
Mouse_lodging_Vicente,2016-06-28,hotel,3489.0,15.43,24,1017.142,BDG2 v1.0
Mouse_lodging_Vicente,2016-06-29,hotel,3489.0,14.27,24,1042.857,BDG2 v1.0
Mouse_lodging_Vicente,2016-06-30,hotel,3489.0,16.57,24,1010.000,BDG2 v1.0
Mouse_lodging_Vicente,2016-07-01,hotel,3489.0,15.91,24,970.000,BDG2 v1.0
Mouse_lodging_Vicente,2016-07-02,hotel,3489.0,15.07,24,780.000,BDG2 v1.0
Mouse_lodging_Vicente,2016-07-03,hotel,3489.0,15.90,24,810.000,BDG2 v1.0
Mouse_lodging_Vicente,2016-07-04,hotel,3489.0,16.33,24,1040.000,BDG2 v1.0
Mouse_lodging_Vicente,2016-07-05,hotel,3489.0,17.57,24,1070.000,BDG2 v1.0
Mouse_lodging_Vicente,2016-07-06,hotel,3489.0,16.86,24,1050.000,BDG2 v1.0
Mouse_lodging_Vicente,2016-07-07,hotel,3489.0,18.51,24,1060.000,BDG2 v1.0
Mouse_lodging_Vicente,2016-07-08,hotel,3489.0,18.67,24,1030.000,BDG2 v1.0
Mouse_lodging_Vicente,2016-07-09,hotel,3489.0,19.04,24,870.000,BDG2 v1.0
Mouse_lodging_Vicente,2016-07-10,hotel,3489.0,18.90,24,800.000,BDG2 v1.0
Mouse_lodging_Vicente,2016-07-11,hotel,3489.0,17.62,24,990.000,BDG2 v1.0
Mouse_lodging_Vicente,2016-07-12,hotel,3489.0,15.20,24,1010.000,BDG2 v1.0
Mouse_lodging_Vicente,2016-07-13,hotel,3489.0,15.03,24,997.959,BDG2 v1.0
Mouse_lodging_Vicente,2016-07-14,hotel,3489.0,16.66,24,1032.041,BDG2 v1.0
Mouse_lodging_Vicente,2016-07-15,hotel,3489.0,16.23,24,1020.000,BDG2 v1.0
Mouse_lodging_Vicente,2016-07-16,hotel,3489.0,20.93,24,820.000,BDG2 v1.0
Mouse_lodging_Vicente,2016-07-17,hotel,3489.0,21.95,24,840.000,BDG2 v1.0
Mouse_lodging_Vicente,2016-07-18,hotel,3489.0,22.47,24,1230.000,BDG2 v1.0
Mouse_lodging_Vicente,2016-07-19,hotel,3489.0,25.78,24,1480.000,BDG2 v1.0
Mouse_lodging_Vicente,2016-07-20,hotel,3489.0,24.90,24,1830.000,BDG2 v1.0
Mouse_lodging_Vicente,2016-07-21,hotel,3489.0,19.57,24,1530.000,BDG2 v1.0
Mouse_lodging_Vicente,2016-07-22,hotel,3489.0,20.40,24,1470.000,BDG2 v1.0
Mouse_lodging_Vicente,2016-07-23,hotel,3489.0,21.94,24,1050.000,BDG2 v1.0
Mouse_lodging_Vicente,2016-07-24,hotel,3489.0,19.82,24,990.000,BDG2 v1.0
Mouse_lodging_Vicente,2016-07-25,hotel,3489.0,19.26,24,1340.000,BDG2 v1.0
Mouse_lodging_Vicente,2016-07-26,hotel,3489.0,18.50,24,1290.000,BDG2 v1.0
Mouse_lodging_Vicente,2016-07-27,hotel,3489.0,19.90,24,1151.838,BDG2 v1.0
Mouse_lodging_Vicente,2016-07-28,hotel,3489.0,18.51,24,1148.163,BDG2 v1.0
Mouse_lodging_Vicente,2016-07-29,hotel,3489.0,19.05,24,1110.000,BDG2 v1.0
Mouse_lodging_Vicente,2016-07-30,hotel,3489.0,18.63,24,790.000,BDG2 v1.0
Mouse_lodging_Vicente,2016-07-31,hotel,3489.0,18.24,24,760.000,BDG2 v1.0
Mouse_lodging_Vicente,2016-08-01,hotel,3489.0,15.48,24,1045.918,BDG2 v1.0
Mouse_lodging_Vicente,2016-08-02,hotel,3489.0,18.37,24,1244.082,BDG2 v1.0
Mouse_lodging_Vicente,2016-08-03,hotel,3489.0,20.15,24,1140.000,BDG2 v1.0
Mouse_lodging_Vicente,2016-08-04,hotel,3489.0,18.60,24,1080.000,BDG2 v1.0
Mouse_lodging_Vicente,2016-08-05,hotel,3489.0,18.47,24,1090.000,BDG2 v1.0
Mouse_lodging_Vicente,2016-08-06,hotel,3489.0,19.32,24,810.000,BDG2 v1.0
Mouse_lodging_Vicente,2016-08-07,hotel,3489.0,20.93,24,820.000,BDG2 v1.0
Mouse_lodging_Vicente,2016-08-08,hotel,3489.0,17.78,24,1090.000,BDG2 v1.0
Mouse_lodging_Vicente,2016-08-09,hotel,3489.0,15.64,24,1160.000,BDG2 v1.0
Mouse_lodging_Vicente,2016-08-10,hotel,3489.0,15.41,24,1090.000,BDG2 v1.0
Mouse_lodging_Vicente,2016-08-11,hotel,3489.0,18.49,24,1120.000,BDG2 v1.0
Mouse_lodging_Vicente,2016-08-12,hotel,3489.0,19.78,24,1130.000,BDG2 v1.0
Mouse_lodging_Vicente,2016-08-13,hotel,3489.0,19.61,24,790.000,BDG2 v1.0
Mouse_lodging_Vicente,2016-08-14,hotel,3489.0,19.01,24,806.531,BDG2 v1.0
Mouse_lodging_Vicente,2016-08-15,hotel,3489.0,18.22,24,1103.469,BDG2 v1.0
Mouse_lodging_Vicente,2016-08-16,hotel,3489.0,18.16,24,1160.000,BDG2 v1.0
Mouse_lodging_Vicente,2016-08-17,hotel,3489.0,19.69,24,1160.000,BDG2 v1.0
Mouse_lodging_Vicente,2016-08-18,hotel,3489.0,19.92,24,1130.000,BDG2 v1.0
Mouse_lodging_Vicente,2016-08-19,hotel,3489.0,17.63,24,1030.000,BDG2 v1.0
Mouse_lodging_Vicente,2016-08-20,hotel,3489.0,17.21,24,758.162,BDG2 v1.0
Mouse_lodging_Vicente,2016-08-21,hotel,3489.0,17.79,24,791.837,BDG2 v1.0
Mouse_lodging_Vicente,2016-08-22,hotel,3489.0,19.93,24,1130.000,BDG2 v1.0
Mouse_lodging_Vicente,2016-08-23,hotel,3489.0,22.30,24,1330.000,BDG2 v1.0
Mouse_lodging_Vicente,2016-08-24,hotel,3489.0,24.56,24,1778.867,BDG2 v1.0
Mouse_lodging_Vicente,2016-08-25,hotel,3489.0,22.82,24,1796.290,BDG2 v1.0
Mouse_lodging_Vicente,2016-08-26,hotel,3489.0,21.86,24,1884.845,BDG2 v1.0
Mouse_lodging_Vicente,2016-08-27,hotel,3489.0,20.99,24,1370.000,BDG2 v1.0
Mouse_lodging_Vicente,2016-08-28,hotel,3489.0,18.88,24,1070.000,BDG2 v1.0
Mouse_lodging_Vicente,2016-08-29,hotel,3489.0,19.15,24,1295.714,BDG2 v1.0
Mouse_lodging_Vicente,2016-08-30,hotel,3489.0,19.69,24,1374.286,BDG2 v1.0
Mouse_lodging_Vicente,2016-08-31,hotel,3489.0,18.36,24,1320.000,BDG2 v1.0
Mouse_lodging_Vicente,2016-09-01,hotel,3489.0,18.06,24,1286.124,BDG2 v1.0
Mouse_lodging_Vicente,2016-09-02,hotel,3489.0,17.02,24,1233.878,BDG2 v1.0
Mouse_lodging_Vicente,2016-09-03,hotel,3489.0,16.68,24,1090.000,BDG2 v1.0
Mouse_lodging_Vicente,2016-09-04,hotel,3489.0,18.10,24,1290.000,BDG2 v1.0
Mouse_lodging_Vicente,2016-09-05,hotel,3489.0,18.05,24,1420.000,BDG2 v1.0
Mouse_lodging_Vicente,2016-09-06,hotel,3489.0,21.47,24,1580.000,BDG2 v1.0
Mouse_lodging_Vicente,2016-09-07,hotel,3489.0,22.06,24,1560.000,BDG2 v1.0
Mouse_lodging_Vicente,2016-09-08,hotel,3489.0,19.28,24,1400.000,BDG2 v1.0
Mouse_lodging_Vicente,2016-09-09,hotel,3489.0,19.36,24,1300.000,BDG2 v1.0
Mouse_lodging_Vicente,2016-09-10,hotel,3489.0,18.20,24,1190.000,BDG2 v1.0
Mouse_lodging_Vicente,2016-09-11,hotel,3489.0,15.34,24,1150.000,BDG2 v1.0
Mouse_lodging_Vicente,2016-09-12,hotel,3489.0,18.35,24,1330.000,BDG2 v1.0
Mouse_lodging_Vicente,2016-09-13,hotel,3489.0,24.12,24,1630.000,BDG2 v1.0
Mouse_lodging_Vicente,2016-09-14,hotel,3489.0,23.07,24,1610.000,BDG2 v1.0
Mouse_lodging_Vicente,2016-09-15,hotel,3489.0,21.28,24,1560.000,BDG2 v1.0
Mouse_lodging_Vicente,2016-09-16,hotel,3489.0,16.55,24,1260.000,BDG2 v1.0
Mouse_lodging_Vicente,2016-09-17,hotel,3489.0,14.27,24,1120.000,BDG2 v1.0
Mouse_lodging_Vicente,2016-09-18,hotel,3489.0,16.74,24,1160.000,BDG2 v1.0
Mouse_lodging_Vicente,2016-09-19,hotel,3489.0,15.80,24,1280.000,BDG2 v1.0
Mouse_lodging_Vicente,2016-09-20,hotel,3489.0,15.99,24,1270.000,BDG2 v1.0
Mouse_lodging_Vicente,2016-09-21,hotel,3489.0,17.75,24,1350.000,BDG2 v1.0
Mouse_lodging_Vicente,2016-09-22,hotel,3489.0,16.58,24,1330.000,BDG2 v1.0
Mouse_lodging_Vicente,2016-09-23,hotel,3489.0,14.73,24,1270.000,BDG2 v1.0
Mouse_lodging_Vicente,2016-09-24,hotel,3489.0,17.53,24,1110.000,BDG2 v1.0
Mouse_lodging_Vicente,2016-09-25,hotel,3489.0,17.05,24,1070.000,BDG2 v1.0
Mouse_lodging_Vicente,2016-09-26,hotel,3489.0,13.97,24,1250.000,BDG2 v1.0
Mouse_lodging_Vicente,2016-09-27,hotel,3489.0,15.63,24,1250.000,BDG2 v1.0
Mouse_lodging_Vicente,2016-09-28,hotel,3489.0,16.85,24,1270.000,BDG2 v1.0
Mouse_lodging_Vicente,2016-09-29,hotel,3489.0,16.84,24,1280.000,BDG2 v1.0
Mouse_lodging_Vicente,2016-09-30,hotel,3489.0,14.18,24,1260.000,BDG2 v1.0
Mouse_lodging_Vicente,2016-10-01,hotel,3489.0,11.70,24,1170.000,BDG2 v1.0
Mouse_lodging_Vicente,2016-10-02,hotel,3489.0,12.15,24,1160.000,BDG2 v1.0
Mouse_lodging_Vicente,2016-10-03,hotel,3489.0,11.51,24,1280.000,BDG2 v1.0
Mouse_lodging_Vicente,2016-10-04,hotel,3489.0,13.97,24,1280.000,BDG2 v1.0
Mouse_lodging_Vicente,2016-10-05,hotel,3489.0,13.76,24,1270.000,BDG2 v1.0
Mouse_lodging_Vicente,2016-10-06,hotel,3489.0,12.12,24,1280.000,BDG2 v1.0
Mouse_lodging_Vicente,2016-10-07,hotel,3489.0,12.98,24,1280.000,BDG2 v1.0
Mouse_lodging_Vicente,2016-10-08,hotel,3489.0,13.41,24,1160.000,BDG2 v1.0
Mouse_lodging_Vicente,2016-10-09,hotel,3489.0,11.62,24,1200.000,BDG2 v1.0
Mouse_lodging_Vicente,2016-10-10,hotel,3489.0,9.82,24,1280.000,BDG2 v1.0
Mouse_lodging_Vicente,2016-10-11,hotel,3489.0,10.17,24,1310.000,BDG2 v1.0
Mouse_lodging_Vicente,2016-10-12,hotel,3489.0,11.97,24,1300.000,BDG2 v1.0
Mouse_lodging_Vicente,2016-10-13,hotel,3489.0,10.71,24,1310.000,BDG2 v1.0
Mouse_lodging_Vicente,2016-10-14,hotel,3489.0,11.77,24,1230.000,BDG2 v1.0
Mouse_lodging_Vicente,2016-10-15,hotel,3489.0,12.24,24,1160.000,BDG2 v1.0
Mouse_lodging_Vicente,2016-10-16,hotel,3489.0,12.65,24,1120.000,BDG2 v1.0
Mouse_lodging_Vicente,2016-10-17,hotel,3489.0,12.82,24,1300.000,BDG2 v1.0
Mouse_lodging_Vicente,2016-10-18,hotel,3489.0,10.97,24,1310.000,BDG2 v1.0
Mouse_lodging_Vicente,2016-10-19,hotel,3489.0,11.30,24,1290.000,BDG2 v1.0
Mouse_lodging_Vicente,2016-10-20,hotel,3489.0,10.95,24,1290.000,BDG2 v1.0
Mouse_lodging_Vicente,2016-10-21,hotel,3489.0,10.37,24,1220.000,BDG2 v1.0
Mouse_lodging_Vicente,2016-10-22,hotel,3489.0,9.36,24,1170.000,BDG2 v1.0
Mouse_lodging_Vicente,2016-10-23,hotel,3489.0,9.58,24,1170.000,BDG2 v1.0
Mouse_lodging_Vicente,2016-10-24,hotel,3489.0,11.22,24,1260.000,BDG2 v1.0
Mouse_lodging_Vicente,2016-10-25,hotel,3489.0,11.23,24,1220.000,BDG2 v1.0
Mouse_lodging_Vicente,2016-10-26,hotel,3489.0,12.63,24,1150.000,BDG2 v1.0
Mouse_lodging_Vicente,2016-10-27,hotel,3489.0,11.75,24,1130.000,BDG2 v1.0
Mouse_lodging_Vicente,2016-10-28,hotel,3489.0,14.02,24,1060.000,BDG2 v1.0
Mouse_lodging_Vicente,2016-10-29,hotel,3489.0,13.46,24,980.000,BDG2 v1.0
Mouse_lodging_Vicente,2016-10-30,hotel,3489.0,10.51,24,1090.000,BDG2 v1.0
Mouse_lodging_Vicente,2016-10-31,hotel,3489.0,12.83,24,1150.000,BDG2 v1.0
Mouse_lodging_Vicente,2016-11-01,hotel,3489.0,9.40,24,1180.000,BDG2 v1.0
Mouse_lodging_Vicente,2016-11-02,hotel,3489.0,6.62,24,1190.000,BDG2 v1.0
Mouse_lodging_Vicente,2016-11-03,hotel,3489.0,6.68,24,1150.000,BDG2 v1.0
Mouse_lodging_Vicente,2016-11-04,hotel,3489.0,8.27,24,1140.000,BDG2 v1.0
Mouse_lodging_Vicente,2016-11-05,hotel,3489.0,5.47,24,970.000,BDG2 v1.0
Mouse_lodging_Vicente,2016-11-06,hotel,3489.0,4.48,24,980.000,BDG2 v1.0
Mouse_lodging_Vicente,2016-11-07,hotel,3489.0,5.90,24,1130.000,BDG2 v1.0
Mouse_lodging_Vicente,2016-11-08,hotel,3489.0,3.17,24,1140.000,BDG2 v1.0
Mouse_lodging_Vicente,2016-11-09,hotel,3489.0,6.56,24,1160.000,BDG2 v1.0
Mouse_lodging_Vicente,2016-11-10,hotel,3489.0,6.87,24,1070.000,BDG2 v1.0
Mouse_lodging_Vicente,2016-11-11,hotel,3489.0,6.04,24,1030.000,BDG2 v1.0
Mouse_lodging_Vicente,2016-11-12,hotel,3489.0,8.60,24,970.000,BDG2 v1.0
Mouse_lodging_Vicente,2016-11-13,hotel,3489.0,7.90,24,920.000,BDG2 v1.0
Mouse_lodging_Vicente,2016-11-14,hotel,3489.0,9.70,24,1070.000,BDG2 v1.0
Mouse_lodging_Vicente,2016-11-15,hotel,3489.0,13.74,24,1110.000,BDG2 v1.0
Mouse_lodging_Vicente,2016-11-16,hotel,3489.0,12.26,24,1120.000,BDG2 v1.0
Mouse_lodging_Vicente,2016-11-17,hotel,3489.0,9.03,24,1100.000,BDG2 v1.0
Mouse_lodging_Vicente,2016-11-18,hotel,3489.0,5.40,24,1070.000,BDG2 v1.0
Mouse_lodging_Vicente,2016-11-19,hotel,3489.0,4.71,24,950.000,BDG2 v1.0
Mouse_lodging_Vicente,2016-11-20,hotel,3489.0,6.87,24,940.000,BDG2 v1.0
Mouse_lodging_Vicente,2016-11-21,hotel,3489.0,8.90,24,1110.000,BDG2 v1.0
Mouse_lodging_Vicente,2016-11-22,hotel,3489.0,9.79,24,1110.000,BDG2 v1.0
Mouse_lodging_Vicente,2016-11-23,hotel,3489.0,7.72,24,1110.000,BDG2 v1.0
Mouse_lodging_Vicente,2016-11-24,hotel,3489.0,9.62,24,1074.693,BDG2 v1.0
Mouse_lodging_Vicente,2016-11-25,hotel,3489.0,7.61,24,1085.306,BDG2 v1.0
Mouse_lodging_Vicente,2016-11-26,hotel,3489.0,5.69,24,960.000,BDG2 v1.0
Mouse_lodging_Vicente,2016-11-27,hotel,3489.0,6.91,24,940.000,BDG2 v1.0
Mouse_lodging_Vicente,2016-11-28,hotel,3489.0,6.33,24,1130.000,BDG2 v1.0
Mouse_lodging_Vicente,2016-11-29,hotel,3489.0,2.04,24,1100.000,BDG2 v1.0
Mouse_lodging_Vicente,2016-11-30,hotel,3489.0,0.69,24,1130.000,BDG2 v1.0
Mouse_lodging_Vicente,2016-12-01,hotel,3489.0,2.20,24,1130.000,BDG2 v1.0
Mouse_lodging_Vicente,2016-12-02,hotel,3489.0,5.95,24,1080.000,BDG2 v1.0
Mouse_lodging_Vicente,2016-12-03,hotel,3489.0,5.65,24,978.776,BDG2 v1.0
Mouse_lodging_Vicente,2016-12-04,hotel,3489.0,3.41,24,991.224,BDG2 v1.0
Mouse_lodging_Vicente,2016-12-05,hotel,3489.0,3.15,24,1120.000,BDG2 v1.0
Mouse_lodging_Vicente,2016-12-06,hotel,3489.0,6.89,24,1150.000,BDG2 v1.0
Mouse_lodging_Vicente,2016-12-07,hotel,3489.0,10.87,24,1090.000,BDG2 v1.0
Mouse_lodging_Vicente,2016-12-08,hotel,3489.0,11.62,24,1110.000,BDG2 v1.0
Mouse_lodging_Vicente,2016-12-09,hotel,3489.0,12.23,24,1070.000,BDG2 v1.0
Mouse_lodging_Vicente,2016-12-10,hotel,3489.0,11.76,24,900.000,BDG2 v1.0
Mouse_lodging_Vicente,2016-12-11,hotel,3489.0,6.62,24,930.000,BDG2 v1.0
Mouse_lodging_Vicente,2016-12-12,hotel,3489.0,7.21,24,1065.103,BDG2 v1.0
Mouse_lodging_Vicente,2016-12-13,hotel,3489.0,10.84,24,1104.898,BDG2 v1.0
Mouse_lodging_Vicente,2016-12-14,hotel,3489.0,9.45,24,1110.000,BDG2 v1.0
Mouse_lodging_Vicente,2016-12-15,hotel,3489.0,8.58,24,1110.000,BDG2 v1.0
Mouse_lodging_Vicente,2016-12-16,hotel,3489.0,9.58,24,1080.000,BDG2 v1.0
Mouse_lodging_Vicente,2016-12-17,hotel,3489.0,6.44,24,930.000,BDG2 v1.0
Mouse_lodging_Vicente,2016-12-18,hotel,3489.0,6.75,24,940.000,BDG2 v1.0
Mouse_lodging_Vicente,2016-12-19,hotel,3489.0,5.81,24,1100.000,BDG2 v1.0
Mouse_lodging_Vicente,2016-12-20,hotel,3489.0,5.50,24,1100.000,BDG2 v1.0
Mouse_lodging_Vicente,2016-12-21,hotel,3489.0,9.29,24,1060.000,BDG2 v1.0
Mouse_lodging_Vicente,2016-12-22,hotel,3489.0,6.57,24,1020.000,BDG2 v1.0
Mouse_lodging_Vicente,2016-12-23,hotel,3489.0,8.39,24,990.000,BDG2 v1.0
Mouse_lodging_Vicente,2016-12-24,hotel,3489.0,8.15,24,880.000,BDG2 v1.0
Mouse_lodging_Vicente,2016-12-25,hotel,3489.0,11.65,24,810.000,BDG2 v1.0
Mouse_lodging_Vicente,2016-12-26,hotel,3489.0,7.24,24,970.000,BDG2 v1.0
Mouse_lodging_Vicente,2016-12-27,hotel,3489.0,2.26,24,980.000,BDG2 v1.0
Mouse_lodging_Vicente,2016-12-28,hotel,3489.0,1.98,24,1020.000,BDG2 v1.0
Mouse_lodging_Vicente,2016-12-29,hotel,3489.0,2.61,24,1040.000,BDG2 v1.0
Mouse_lodging_Vicente,2016-12-30,hotel,3489.0,1.44,24,1020.000,BDG2 v1.0
Mouse_lodging_Vicente,2016-12-31,hotel,3489.0,6.14,24,920.000,BDG2 v1.0
Mouse_lodging_Vicente,2017-01-01,hotel,3489.0,6.18,24,815.000,BDG2 v1.0
Mouse_lodging_Vicente,2017-01-02,hotel,3489.0,2.78,24,960.000,BDG2 v1.0
Mouse_lodging_Vicente,2017-01-03,hotel,3489.0,1.60,24,1060.000,BDG2 v1.0
Mouse_lodging_Vicente,2017-01-04,hotel,3489.0,4.69,24,1140.000,BDG2 v1.0
Mouse_lodging_Vicente,2017-01-05,hotel,3489.0,1.19,24,1080.000,BDG2 v1.0
Mouse_lodging_Vicente,2017-01-06,hotel,3489.0,2.50,24,990.000,BDG2 v1.0
Mouse_lodging_Vicente,2017-01-07,hotel,3489.0,8.74,24,850.000,BDG2 v1.0
Mouse_lodging_Vicente,2017-01-08,hotel,3489.0,8.78,24,840.000,BDG2 v1.0
Mouse_lodging_Vicente,2017-01-09,hotel,3489.0,7.91,24,1120.000,BDG2 v1.0
Mouse_lodging_Vicente,2017-01-10,hotel,3489.0,6.22,24,1110.000,BDG2 v1.0
Mouse_lodging_Vicente,2017-01-11,hotel,3489.0,8.19,24,1090.000,BDG2 v1.0
Mouse_lodging_Vicente,2017-01-12,hotel,3489.0,4.60,24,1080.000,BDG2 v1.0
Mouse_lodging_Vicente,2017-01-13,hotel,3489.0,2.92,24,943.792,BDG2 v1.0
Mouse_lodging_Vicente,2017-01-14,hotel,3489.0,2.50,24,943.447,BDG2 v1.0
Mouse_lodging_Vicente,2017-01-15,hotel,3489.0,5.53,24,943.447,BDG2 v1.0
Mouse_lodging_Vicente,2017-01-16,hotel,3489.0,5.39,24,1149.310,BDG2 v1.0
Mouse_lodging_Vicente,2017-01-17,hotel,3489.0,2.43,24,1130.000,BDG2 v1.0
Mouse_lodging_Vicente,2017-01-18,hotel,3489.0,0.93,24,1150.000,BDG2 v1.0
Mouse_lodging_Vicente,2017-01-19,hotel,3489.0,1.78,24,1140.000,BDG2 v1.0
Mouse_lodging_Vicente,2017-01-20,hotel,3489.0,2.24,24,1090.000,BDG2 v1.0
Mouse_lodging_Vicente,2017-01-21,hotel,3489.0,0.75,24,900.000,BDG2 v1.0
Mouse_lodging_Vicente,2017-01-22,hotel,3489.0,0.08,24,840.000,BDG2 v1.0
Mouse_lodging_Vicente,2017-01-23,hotel,3489.0,0.60,24,1120.000,BDG2 v1.0
Mouse_lodging_Vicente,2017-01-24,hotel,3489.0,3.30,24,1110.000,BDG2 v1.0
Mouse_lodging_Vicente,2017-01-25,hotel,3489.0,1.06,24,1130.000,BDG2 v1.0
Mouse_lodging_Vicente,2017-01-26,hotel,3489.0,-0.64,24,1120.000,BDG2 v1.0
Mouse_lodging_Vicente,2017-01-27,hotel,3489.0,3.11,24,1090.000,BDG2 v1.0
Mouse_lodging_Vicente,2017-01-28,hotel,3489.0,7.31,24,910.000,BDG2 v1.0
Mouse_lodging_Vicente,2017-01-29,hotel,3489.0,6.15,24,850.000,BDG2 v1.0
Mouse_lodging_Vicente,2017-01-30,hotel,3489.0,7.67,24,1110.000,BDG2 v1.0
Mouse_lodging_Vicente,2017-01-31,hotel,3489.0,7.04,24,1160.000,BDG2 v1.0
Mouse_lodging_Vicente,2017-02-01,hotel,3489.0,10.38,24,1140.000,BDG2 v1.0
Mouse_lodging_Vicente,2017-02-02,hotel,3489.0,10.35,24,1100.000,BDG2 v1.0
Mouse_lodging_Vicente,2017-02-03,hotel,3489.0,8.22,24,1060.000,BDG2 v1.0
Mouse_lodging_Vicente,2017-02-04,hotel,3489.0,5.23,24,930.000,BDG2 v1.0
Mouse_lodging_Vicente,2017-02-05,hotel,3489.0,4.65,24,890.000,BDG2 v1.0
Mouse_lodging_Vicente,2017-02-06,hotel,3489.0,3.93,24,1170.000,BDG2 v1.0
Mouse_lodging_Vicente,2017-02-07,hotel,3489.0,7.00,24,1140.000,BDG2 v1.0
Mouse_lodging_Vicente,2017-02-08,hotel,3489.0,4.26,24,1160.000,BDG2 v1.0
Mouse_lodging_Vicente,2017-02-09,hotel,3489.0,2.09,24,1140.000,BDG2 v1.0
Mouse_lodging_Vicente,2017-02-10,hotel,3489.0,1.55,24,1120.000,BDG2 v1.0
Mouse_lodging_Vicente,2017-02-11,hotel,3489.0,1.66,24,960.000,BDG2 v1.0
Mouse_lodging_Vicente,2017-02-12,hotel,3489.0,3.22,24,860.000,BDG2 v1.0
Mouse_lodging_Vicente,2017-02-13,hotel,3489.0,6.15,24,1130.000,BDG2 v1.0
Mouse_lodging_Vicente,2017-02-14,hotel,3489.0,7.13,24,1140.000,BDG2 v1.0
Mouse_lodging_Vicente,2017-02-15,hotel,3489.0,8.88,24,1140.000,BDG2 v1.0
Mouse_lodging_Vicente,2017-02-16,hotel,3489.0,8.44,24,1140.000,BDG2 v1.0
Mouse_lodging_Vicente,2017-02-17,hotel,3489.0,9.12,24,1060.000,BDG2 v1.0
Mouse_lodging_Vicente,2017-02-18,hotel,3489.0,7.66,24,930.000,BDG2 v1.0
Mouse_lodging_Vicente,2017-02-19,hotel,3489.0,8.36,24,870.000,BDG2 v1.0
Mouse_lodging_Vicente,2017-02-20,hotel,3489.0,12.31,24,1170.000,BDG2 v1.0
Mouse_lodging_Vicente,2017-02-21,hotel,3489.0,11.49,24,1310.000,BDG2 v1.0
Mouse_lodging_Vicente,2017-02-22,hotel,3489.0,11.91,24,1340.000,BDG2 v1.0
Mouse_lodging_Vicente,2017-02-23,hotel,3489.0,9.47,24,1290.000,BDG2 v1.0
Mouse_lodging_Vicente,2017-02-24,hotel,3489.0,6.01,24,1140.000,BDG2 v1.0
Mouse_lodging_Vicente,2017-02-25,hotel,3489.0,8.39,24,980.000,BDG2 v1.0
Mouse_lodging_Vicente,2017-02-26,hotel,3489.0,10.25,24,860.000,BDG2 v1.0
Mouse_lodging_Vicente,2017-02-27,hotel,3489.0,6.79,24,1100.000,BDG2 v1.0
Mouse_lodging_Vicente,2017-02-28,hotel,3489.0,4.50,24,1090.000,BDG2 v1.0
Mouse_lodging_Vicente,2017-03-01,hotel,3489.0,7.10,24,1100.000,BDG2 v1.0
Mouse_lodging_Vicente,2017-03-02,hotel,3489.0,7.61,24,1150.000,BDG2 v1.0
Mouse_lodging_Vicente,2017-03-03,hotel,3489.0,8.07,24,1090.000,BDG2 v1.0
Mouse_lodging_Vicente,2017-03-04,hotel,3489.0,8.66,24,980.000,BDG2 v1.0
Mouse_lodging_Vicente,2017-03-05,hotel,3489.0,7.27,24,860.000,BDG2 v1.0
Mouse_lodging_Vicente,2017-03-06,hotel,3489.0,7.05,24,1160.000,BDG2 v1.0
Mouse_lodging_Vicente,2017-03-07,hotel,3489.0,7.61,24,1160.000,BDG2 v1.0
Mouse_lodging_Vicente,2017-03-08,hotel,3489.0,10.97,24,1130.000,BDG2 v1.0
Mouse_lodging_Vicente,2017-03-09,hotel,3489.0,12.60,24,1090.000,BDG2 v1.0
Mouse_lodging_Vicente,2017-03-10,hotel,3489.0,9.62,24,1080.000,BDG2 v1.0
Mouse_lodging_Vicente,2017-03-11,hotel,3489.0,12.38,24,920.000,BDG2 v1.0
Mouse_lodging_Vicente,2017-03-12,hotel,3489.0,10.63,24,820.000,BDG2 v1.0
Mouse_lodging_Vicente,2017-03-13,hotel,3489.0,10.49,24,1070.000,BDG2 v1.0
Mouse_lodging_Vicente,2017-03-14,hotel,3489.0,11.08,24,1150.000,BDG2 v1.0
Mouse_lodging_Vicente,2017-03-15,hotel,3489.0,11.90,24,1130.000,BDG2 v1.0
Mouse_lodging_Vicente,2017-03-16,hotel,3489.0,9.05,24,1100.000,BDG2 v1.0
Mouse_lodging_Vicente,2017-03-17,hotel,3489.0,8.53,24,1060.000,BDG2 v1.0
Mouse_lodging_Vicente,2017-03-18,hotel,3489.0,12.29,24,920.000,BDG2 v1.0
Mouse_lodging_Vicente,2017-03-19,hotel,3489.0,12.76,24,850.000,BDG2 v1.0
Mouse_lodging_Vicente,2017-03-20,hotel,3489.0,10.65,24,1120.000,BDG2 v1.0
Mouse_lodging_Vicente,2017-03-21,hotel,3489.0,7.52,24,1130.000,BDG2 v1.0
Mouse_lodging_Vicente,2017-03-22,hotel,3489.0,7.23,24,1130.000,BDG2 v1.0
Mouse_lodging_Vicente,2017-03-23,hotel,3489.0,8.61,24,1120.000,BDG2 v1.0
Mouse_lodging_Vicente,2017-03-24,hotel,3489.0,8.97,24,1060.000,BDG2 v1.0
Mouse_lodging_Vicente,2017-03-25,hotel,3489.0,9.50,24,900.000,BDG2 v1.0
Mouse_lodging_Vicente,2017-03-26,hotel,3489.0,10.02,24,770.000,BDG2 v1.0
Mouse_lodging_Vicente,2017-03-27,hotel,3489.0,10.18,24,1070.000,BDG2 v1.0
Mouse_lodging_Vicente,2017-03-28,hotel,3489.0,11.08,24,1060.000,BDG2 v1.0
Mouse_lodging_Vicente,2017-03-29,hotel,3489.0,13.01,24,1120.000,BDG2 v1.0
Mouse_lodging_Vicente,2017-03-30,hotel,3489.0,15.79,24,1130.000,BDG2 v1.0
Mouse_lodging_Vicente,2017-03-31,hotel,3489.0,13.35,24,1030.000,BDG2 v1.0
Mouse_lodging_Vicente,2017-04-01,hotel,3489.0,11.77,24,850.000,BDG2 v1.0
Mouse_lodging_Vicente,2017-04-02,hotel,3489.0,11.01,24,770.000,BDG2 v1.0
Mouse_lodging_Vicente,2017-04-03,hotel,3489.0,10.87,24,1100.000,BDG2 v1.0
Mouse_lodging_Vicente,2017-04-04,hotel,3489.0,11.64,24,1070.000,BDG2 v1.0
Mouse_lodging_Vicente,2017-04-05,hotel,3489.0,10.18,24,1060.000,BDG2 v1.0
Mouse_lodging_Vicente,2017-04-06,hotel,3489.0,11.51,24,1094.286,BDG2 v1.0
Mouse_lodging_Vicente,2017-04-07,hotel,3489.0,11.55,24,1045.714,BDG2 v1.0
Mouse_lodging_Vicente,2017-04-08,hotel,3489.0,13.00,24,890.000,BDG2 v1.0
Mouse_lodging_Vicente,2017-04-09,hotel,3489.0,15.86,24,800.000,BDG2 v1.0
Mouse_lodging_Vicente,2017-04-10,hotel,3489.0,11.19,24,1050.000,BDG2 v1.0
Mouse_lodging_Vicente,2017-04-11,hotel,3489.0,10.88,24,1100.000,BDG2 v1.0
Mouse_lodging_Vicente,2017-04-12,hotel,3489.0,11.23,24,1120.000,BDG2 v1.0
Mouse_lodging_Vicente,2017-04-13,hotel,3489.0,10.65,24,1060.000,BDG2 v1.0
Mouse_lodging_Vicente,2017-04-14,hotel,3489.0,11.39,24,900.000,BDG2 v1.0
Mouse_lodging_Vicente,2017-04-15,hotel,3489.0,11.41,24,830.000,BDG2 v1.0
Mouse_lodging_Vicente,2017-04-16,hotel,3489.0,10.64,24,770.000,BDG2 v1.0
Mouse_lodging_Vicente,2017-04-17,hotel,3489.0,9.88,24,930.000,BDG2 v1.0
Mouse_lodging_Vicente,2017-04-18,hotel,3489.0,8.53,24,1010.000,BDG2 v1.0
Mouse_lodging_Vicente,2017-04-19,hotel,3489.0,9.21,24,1030.000,BDG2 v1.0
Mouse_lodging_Vicente,2017-04-20,hotel,3489.0,10.76,24,1010.000,BDG2 v1.0
Mouse_lodging_Vicente,2017-04-21,hotel,3489.0,11.98,24,1030.000,BDG2 v1.0
Mouse_lodging_Vicente,2017-04-22,hotel,3489.0,11.95,24,850.000,BDG2 v1.0
Mouse_lodging_Vicente,2017-04-23,hotel,3489.0,11.37,24,800.000,BDG2 v1.0
Mouse_lodging_Vicente,2017-04-24,hotel,3489.0,9.77,24,1070.000,BDG2 v1.0
Mouse_lodging_Vicente,2017-04-25,hotel,3489.0,5.90,24,1050.000,BDG2 v1.0
Mouse_lodging_Vicente,2017-04-26,hotel,3489.0,5.84,24,1070.000,BDG2 v1.0
Mouse_lodging_Vicente,2017-04-27,hotel,3489.0,6.74,24,1030.000,BDG2 v1.0
Mouse_lodging_Vicente,2017-04-28,hotel,3489.0,10.33,24,1000.000,BDG2 v1.0
Mouse_lodging_Vicente,2017-04-29,hotel,3489.0,10.95,24,850.000,BDG2 v1.0
Mouse_lodging_Vicente,2017-04-30,hotel,3489.0,13.37,24,690.000,BDG2 v1.0
Mouse_lodging_Vicente,2017-05-01,hotel,3489.0,10.65,24,930.000,BDG2 v1.0
Mouse_lodging_Vicente,2017-05-02,hotel,3489.0,11.72,24,1070.000,BDG2 v1.0
Mouse_lodging_Vicente,2017-05-03,hotel,3489.0,9.60,24,1060.000,BDG2 v1.0
Mouse_lodging_Vicente,2017-05-04,hotel,3489.0,11.25,24,1100.000,BDG2 v1.0
Mouse_lodging_Vicente,2017-05-05,hotel,3489.0,11.83,24,1050.000,BDG2 v1.0
Mouse_lodging_Vicente,2017-05-06,hotel,3489.0,12.08,24,900.000,BDG2 v1.0
Mouse_lodging_Vicente,2017-05-07,hotel,3489.0,12.35,24,790.000,BDG2 v1.0
Mouse_lodging_Vicente,2017-05-08,hotel,3489.0,9.81,24,1090.000,BDG2 v1.0
Mouse_lodging_Vicente,2017-05-09,hotel,3489.0,10.18,24,1070.000,BDG2 v1.0
Mouse_lodging_Vicente,2017-05-10,hotel,3489.0,11.55,24,1090.000,BDG2 v1.0
Mouse_lodging_Vicente,2017-05-11,hotel,3489.0,14.15,24,1130.000,BDG2 v1.0
Mouse_lodging_Vicente,2017-05-12,hotel,3489.0,14.87,24,1027.862,BDG2 v1.0
Mouse_lodging_Vicente,2017-05-13,hotel,3489.0,14.34,24,1027.862,BDG2 v1.0
Mouse_lodging_Vicente,2017-05-14,hotel,3489.0,14.87,24,1027.862,BDG2 v1.0
Mouse_lodging_Vicente,2017-05-15,hotel,3489.0,14.20,24,1027.862,BDG2 v1.0
Mouse_lodging_Vicente,2017-05-16,hotel,3489.0,18.62,24,1027.862,BDG2 v1.0
Mouse_lodging_Vicente,2017-05-17,hotel,3489.0,15.38,24,1027.862,BDG2 v1.0
Mouse_lodging_Vicente,2017-05-18,hotel,3489.0,12.30,24,1102.828,BDG2 v1.0
Mouse_lodging_Vicente,2017-05-19,hotel,3489.0,11.60,24,1010.000,BDG2 v1.0
Mouse_lodging_Vicente,2017-05-20,hotel,3489.0,11.87,24,870.000,BDG2 v1.0
Mouse_lodging_Vicente,2017-05-21,hotel,3489.0,14.64,24,790.000,BDG2 v1.0
Mouse_lodging_Vicente,2017-05-22,hotel,3489.0,17.97,24,1200.000,BDG2 v1.0
Mouse_lodging_Vicente,2017-05-23,hotel,3489.0,16.59,24,1070.000,BDG2 v1.0
Mouse_lodging_Vicente,2017-05-24,hotel,3489.0,19.68,24,1070.000,BDG2 v1.0
Mouse_lodging_Vicente,2017-05-25,hotel,3489.0,20.45,24,1100.000,BDG2 v1.0
Mouse_lodging_Vicente,2017-05-26,hotel,3489.0,20.97,24,1260.000,BDG2 v1.0
Mouse_lodging_Vicente,2017-05-27,hotel,3489.0,19.10,24,1020.000,BDG2 v1.0
Mouse_lodging_Vicente,2017-05-28,hotel,3489.0,17.19,24,870.000,BDG2 v1.0
Mouse_lodging_Vicente,2017-05-29,hotel,3489.0,17.35,24,1110.000,BDG2 v1.0
Mouse_lodging_Vicente,2017-05-30,hotel,3489.0,17.48,24,1190.000,BDG2 v1.0
Mouse_lodging_Vicente,2017-05-31,hotel,3489.0,17.55,24,1140.000,BDG2 v1.0
Mouse_lodging_Vicente,2017-06-01,hotel,3489.0,18.97,24,1238.400,BDG2 v1.0
Mouse_lodging_Vicente,2017-06-02,hotel,3489.0,19.49,24,1251.600,BDG2 v1.0
Mouse_lodging_Vicente,2017-06-03,hotel,3489.0,17.47,24,1060.000,BDG2 v1.0
Mouse_lodging_Vicente,2017-06-04,hotel,3489.0,14.88,24,890.000,BDG2 v1.0
Mouse_lodging_Vicente,2017-06-05,hotel,3489.0,14.54,24,1190.000,BDG2 v1.0
Mouse_lodging_Vicente,2017-06-06,hotel,3489.0,13.04,24,1120.000,BDG2 v1.0
Mouse_lodging_Vicente,2017-06-07,hotel,3489.0,14.98,24,1190.400,BDG2 v1.0
Mouse_lodging_Vicente,2017-06-08,hotel,3489.0,15.58,24,1189.600,BDG2 v1.0
Mouse_lodging_Vicente,2017-06-09,hotel,3489.0,16.49,24,1140.000,BDG2 v1.0
Mouse_lodging_Vicente,2017-06-10,hotel,3489.0,18.38,24,1080.000,BDG2 v1.0
Mouse_lodging_Vicente,2017-06-11,hotel,3489.0,18.98,24,960.000,BDG2 v1.0
Mouse_lodging_Vicente,2017-06-12,hotel,3489.0,16.01,24,1190.000,BDG2 v1.0
Mouse_lodging_Vicente,2017-06-13,hotel,3489.0,17.82,24,1267.200,BDG2 v1.0
Mouse_lodging_Vicente,2017-06-14,hotel,3489.0,20.82,24,1162.800,BDG2 v1.0
Mouse_lodging_Vicente,2017-06-15,hotel,3489.0,19.29,24,1110.000,BDG2 v1.0
Mouse_lodging_Vicente,2017-06-16,hotel,3489.0,18.03,24,1050.000,BDG2 v1.0
Mouse_lodging_Vicente,2017-06-17,hotel,3489.0,22.66,24,930.000,BDG2 v1.0
Mouse_lodging_Vicente,2017-06-18,hotel,3489.0,24.69,24,1050.000,BDG2 v1.0
Mouse_lodging_Vicente,2017-06-19,hotel,3489.0,26.03,24,1536.000,BDG2 v1.0
Mouse_lodging_Vicente,2017-06-20,hotel,3489.0,24.70,24,1614.000,BDG2 v1.0
Mouse_lodging_Vicente,2017-06-21,hotel,3489.0,24.95,24,1550.000,BDG2 v1.0
Mouse_lodging_Vicente,2017-06-22,hotel,3489.0,21.04,24,1550.000,BDG2 v1.0
Mouse_lodging_Vicente,2017-06-23,hotel,3489.0,18.82,24,1470.000,BDG2 v1.0
Mouse_lodging_Vicente,2017-06-24,hotel,3489.0,19.42,24,1280.000,BDG2 v1.0
Mouse_lodging_Vicente,2017-06-25,hotel,3489.0,18.50,24,1094.400,BDG2 v1.0
Mouse_lodging_Vicente,2017-06-26,hotel,3489.0,18.77,24,1415.600,BDG2 v1.0
Mouse_lodging_Vicente,2017-06-27,hotel,3489.0,17.19,24,1410.000,BDG2 v1.0
Mouse_lodging_Vicente,2017-06-28,hotel,3489.0,15.34,24,1380.000,BDG2 v1.0
Mouse_lodging_Vicente,2017-06-29,hotel,3489.0,14.92,24,1320.000,BDG2 v1.0
Mouse_lodging_Vicente,2017-06-30,hotel,3489.0,17.64,24,1360.000,BDG2 v1.0
Mouse_lodging_Vicente,2017-07-01,hotel,3489.0,18.03,24,1170.000,BDG2 v1.0
Mouse_lodging_Vicente,2017-07-02,hotel,3489.0,19.08,24,1090.000,BDG2 v1.0
Mouse_lodging_Vicente,2017-07-03,hotel,3489.0,19.23,24,1430.000,BDG2 v1.0
Mouse_lodging_Vicente,2017-07-04,hotel,3489.0,19.66,24,1290.000,BDG2 v1.0
Mouse_lodging_Vicente,2017-07-05,hotel,3489.0,22.42,24,1120.000,BDG2 v1.0
Mouse_lodging_Vicente,2017-07-06,hotel,3489.0,25.07,24,1480.000,BDG2 v1.0
Mouse_lodging_Vicente,2017-07-07,hotel,3489.0,23.30,24,1410.000,BDG2 v1.0
Mouse_lodging_Vicente,2017-07-08,hotel,3489.0,21.64,24,1150.000,BDG2 v1.0
Mouse_lodging_Vicente,2017-07-09,hotel,3489.0,22.33,24,1200.000,BDG2 v1.0
Mouse_lodging_Vicente,2017-07-10,hotel,3489.0,20.97,24,1410.000,BDG2 v1.0
Mouse_lodging_Vicente,2017-07-11,hotel,3489.0,16.28,24,1360.000,BDG2 v1.0
Mouse_lodging_Vicente,2017-07-12,hotel,3489.0,17.20,24,1390.000,BDG2 v1.0
Mouse_lodging_Vicente,2017-07-13,hotel,3489.0,18.39,24,1370.000,BDG2 v1.0
Mouse_lodging_Vicente,2017-07-14,hotel,3489.0,17.96,24,1300.000,BDG2 v1.0
Mouse_lodging_Vicente,2017-07-15,hotel,3489.0,18.05,24,1170.000,BDG2 v1.0
Mouse_lodging_Vicente,2017-07-16,hotel,3489.0,21.23,24,1120.000,BDG2 v1.0
Mouse_lodging_Vicente,2017-07-17,hotel,3489.0,20.81,24,1500.000,BDG2 v1.0
Mouse_lodging_Vicente,2017-07-18,hotel,3489.0,21.47,24,1490.000,BDG2 v1.0
Mouse_lodging_Vicente,2017-07-19,hotel,3489.0,19.97,24,1290.000,BDG2 v1.0
Mouse_lodging_Vicente,2017-07-20,hotel,3489.0,17.99,24,1150.000,BDG2 v1.0
Mouse_lodging_Vicente,2017-07-21,hotel,3489.0,17.57,24,1110.000,BDG2 v1.0
Mouse_lodging_Vicente,2017-07-22,hotel,3489.0,14.65,24,990.000,BDG2 v1.0
Mouse_lodging_Vicente,2017-07-23,hotel,3489.0,15.30,24,940.000,BDG2 v1.0
Mouse_lodging_Vicente,2017-07-24,hotel,3489.0,16.37,24,1200.000,BDG2 v1.0
Mouse_lodging_Vicente,2017-07-25,hotel,3489.0,17.96,24,1320.000,BDG2 v1.0
Mouse_lodging_Vicente,2017-07-26,hotel,3489.0,17.76,24,1390.000,BDG2 v1.0
Mouse_lodging_Vicente,2017-07-27,hotel,3489.0,16.73,24,1360.000,BDG2 v1.0
Mouse_lodging_Vicente,2017-07-28,hotel,3489.0,16.85,24,1300.000,BDG2 v1.0
Mouse_lodging_Vicente,2017-07-29,hotel,3489.0,16.98,24,1130.000,BDG2 v1.0
Mouse_lodging_Vicente,2017-07-30,hotel,3489.0,17.28,24,1040.000,BDG2 v1.0
Mouse_lodging_Vicente,2017-07-31,hotel,3489.0,17.37,24,1370.000,BDG2 v1.0
Mouse_lodging_Vicente,2017-08-01,hotel,3489.0,17.03,24,1360.000,BDG2 v1.0
Mouse_lodging_Vicente,2017-08-02,hotel,3489.0,16.75,24,1260.000,BDG2 v1.0
Mouse_lodging_Vicente,2017-08-03,hotel,3489.0,18.48,24,1160.000,BDG2 v1.0
Mouse_lodging_Vicente,2017-08-04,hotel,3489.0,18.39,24,1120.000,BDG2 v1.0
Mouse_lodging_Vicente,2017-08-05,hotel,3489.0,17.24,24,1020.000,BDG2 v1.0
Mouse_lodging_Vicente,2017-08-06,hotel,3489.0,16.26,24,910.000,BDG2 v1.0
Mouse_lodging_Vicente,2017-08-07,hotel,3489.0,16.55,24,1340.000,BDG2 v1.0
Mouse_lodging_Vicente,2017-08-08,hotel,3489.0,15.33,24,1320.000,BDG2 v1.0
Mouse_lodging_Vicente,2017-08-09,hotel,3489.0,13.89,24,1340.000,BDG2 v1.0
Mouse_lodging_Vicente,2017-08-10,hotel,3489.0,16.28,24,1310.000,BDG2 v1.0
Mouse_lodging_Vicente,2017-08-11,hotel,3489.0,16.02,24,1230.000,BDG2 v1.0
Mouse_lodging_Vicente,2017-08-12,hotel,3489.0,18.87,24,1120.000,BDG2 v1.0
Mouse_lodging_Vicente,2017-08-13,hotel,3489.0,17.57,24,990.000,BDG2 v1.0
Mouse_lodging_Vicente,2017-08-14,hotel,3489.0,17.59,24,1270.000,BDG2 v1.0
Mouse_lodging_Vicente,2017-08-15,hotel,3489.0,18.66,24,1290.000,BDG2 v1.0
Mouse_lodging_Vicente,2017-08-16,hotel,3489.0,16.97,24,1250.000,BDG2 v1.0
Mouse_lodging_Vicente,2017-08-17,hotel,3489.0,19.42,24,1320.000,BDG2 v1.0
Mouse_lodging_Vicente,2017-08-18,hotel,3489.0,16.07,24,1170.000,BDG2 v1.0
Mouse_lodging_Vicente,2017-08-19,hotel,3489.0,16.07,24,1080.000,BDG2 v1.0
Mouse_lodging_Vicente,2017-08-20,hotel,3489.0,14.97,24,950.000,BDG2 v1.0
Mouse_lodging_Vicente,2017-08-21,hotel,3489.0,16.52,24,1250.000,BDG2 v1.0
Mouse_lodging_Vicente,2017-08-22,hotel,3489.0,19.36,24,1290.000,BDG2 v1.0
Mouse_lodging_Vicente,2017-08-23,hotel,3489.0,18.65,24,1140.000,BDG2 v1.0
Mouse_lodging_Vicente,2017-08-24,hotel,3489.0,17.15,24,1100.000,BDG2 v1.0
Mouse_lodging_Vicente,2017-08-25,hotel,3489.0,18.15,24,1040.000,BDG2 v1.0
Mouse_lodging_Vicente,2017-08-26,hotel,3489.0,19.44,24,920.000,BDG2 v1.0
Mouse_lodging_Vicente,2017-08-27,hotel,3489.0,20.72,24,840.000,BDG2 v1.0
Mouse_lodging_Vicente,2017-08-28,hotel,3489.0,21.28,24,990.000,BDG2 v1.0
Mouse_lodging_Vicente,2017-08-29,hotel,3489.0,20.18,24,1050.000,BDG2 v1.0
Mouse_lodging_Vicente,2017-08-30,hotel,3489.0,14.06,24,1160.000,BDG2 v1.0
Mouse_lodging_Vicente,2017-08-31,hotel,3489.0,14.40,24,1190.000,BDG2 v1.0
Mouse_lodging_Vicente,2017-09-01,hotel,3489.0,16.02,24,1170.000,BDG2 v1.0
Mouse_lodging_Vicente,2017-09-02,hotel,3489.0,15.69,24,990.000,BDG2 v1.0
Mouse_lodging_Vicente,2017-09-03,hotel,3489.0,13.83,24,870.000,BDG2 v1.0
Mouse_lodging_Vicente,2017-09-04,hotel,3489.0,17.62,24,1310.000,BDG2 v1.0
Mouse_lodging_Vicente,2017-09-05,hotel,3489.0,17.70,24,1290.000,BDG2 v1.0
Mouse_lodging_Vicente,2017-09-06,hotel,3489.0,15.78,24,1210.000,BDG2 v1.0
Mouse_lodging_Vicente,2017-09-07,hotel,3489.0,15.80,24,1240.000,BDG2 v1.0
Mouse_lodging_Vicente,2017-09-08,hotel,3489.0,15.86,24,1230.000,BDG2 v1.0
Mouse_lodging_Vicente,2017-09-09,hotel,3489.0,13.21,24,1060.000,BDG2 v1.0
Mouse_lodging_Vicente,2017-09-10,hotel,3489.0,13.28,24,930.000,BDG2 v1.0
Mouse_lodging_Vicente,2017-09-11,hotel,3489.0,14.36,24,1230.000,BDG2 v1.0
Mouse_lodging_Vicente,2017-09-12,hotel,3489.0,13.86,24,1230.000,BDG2 v1.0
Mouse_lodging_Vicente,2017-09-13,hotel,3489.0,14.61,24,1240.000,BDG2 v1.0
Mouse_lodging_Vicente,2017-09-14,hotel,3489.0,12.10,24,1230.000,BDG2 v1.0
Mouse_lodging_Vicente,2017-09-15,hotel,3489.0,11.25,24,1110.000,BDG2 v1.0
Mouse_lodging_Vicente,2017-09-16,hotel,3489.0,11.35,24,970.000,BDG2 v1.0
Mouse_lodging_Vicente,2017-09-17,hotel,3489.0,12.33,24,920.000,BDG2 v1.0
Mouse_lodging_Vicente,2017-09-18,hotel,3489.0,12.97,24,1190.000,BDG2 v1.0
Mouse_lodging_Vicente,2017-09-19,hotel,3489.0,12.12,24,1200.000,BDG2 v1.0
Mouse_lodging_Vicente,2017-09-20,hotel,3489.0,13.76,24,1240.000,BDG2 v1.0
Mouse_lodging_Vicente,2017-09-21,hotel,3489.0,15.25,24,1240.000,BDG2 v1.0
Mouse_lodging_Vicente,2017-09-22,hotel,3489.0,12.59,24,1160.000,BDG2 v1.0
Mouse_lodging_Vicente,2017-09-23,hotel,3489.0,15.54,24,1090.000,BDG2 v1.0
Mouse_lodging_Vicente,2017-09-24,hotel,3489.0,16.32,24,970.000,BDG2 v1.0
Mouse_lodging_Vicente,2017-09-25,hotel,3489.0,16.19,24,1240.000,BDG2 v1.0
Mouse_lodging_Vicente,2017-09-26,hotel,3489.0,16.45,24,1220.000,BDG2 v1.0
Mouse_lodging_Vicente,2017-09-27,hotel,3489.0,15.80,24,1220.000,BDG2 v1.0
Mouse_lodging_Vicente,2017-09-28,hotel,3489.0,16.49,24,1220.000,BDG2 v1.0
Mouse_lodging_Vicente,2017-09-29,hotel,3489.0,16.28,24,1170.000,BDG2 v1.0
Mouse_lodging_Vicente,2017-09-30,hotel,3489.0,13.86,24,960.000,BDG2 v1.0
Mouse_lodging_Vicente,2017-10-01,hotel,3489.0,16.22,24,890.000,BDG2 v1.0
Mouse_lodging_Vicente,2017-10-02,hotel,3489.0,15.00,24,1190.000,BDG2 v1.0
Mouse_lodging_Vicente,2017-10-03,hotel,3489.0,12.22,24,1170.000,BDG2 v1.0
Mouse_lodging_Vicente,2017-10-04,hotel,3489.0,12.41,24,1200.000,BDG2 v1.0
Mouse_lodging_Vicente,2017-10-05,hotel,3489.0,14.18,24,1200.000,BDG2 v1.0
Mouse_lodging_Vicente,2017-10-06,hotel,3489.0,11.72,24,1090.000,BDG2 v1.0
Mouse_lodging_Vicente,2017-10-07,hotel,3489.0,13.92,24,960.000,BDG2 v1.0
Mouse_lodging_Vicente,2017-10-08,hotel,3489.0,13.74,24,820.000,BDG2 v1.0
Mouse_lodging_Vicente,2017-10-09,hotel,3489.0,13.61,24,1220.000,BDG2 v1.0
Mouse_lodging_Vicente,2017-10-10,hotel,3489.0,14.12,24,1200.000,BDG2 v1.0
Mouse_lodging_Vicente,2017-10-11,hotel,3489.0,15.24,24,1220.000,BDG2 v1.0
Mouse_lodging_Vicente,2017-10-12,hotel,3489.0,13.14,24,1180.000,BDG2 v1.0
Mouse_lodging_Vicente,2017-10-13,hotel,3489.0,16.01,24,1180.000,BDG2 v1.0
Mouse_lodging_Vicente,2017-10-14,hotel,3489.0,17.08,24,1020.000,BDG2 v1.0
Mouse_lodging_Vicente,2017-10-15,hotel,3489.0,15.01,24,900.000,BDG2 v1.0
Mouse_lodging_Vicente,2017-10-16,hotel,3489.0,16.38,24,1250.000,BDG2 v1.0
Mouse_lodging_Vicente,2017-10-17,hotel,3489.0,12.70,24,1200.000,BDG2 v1.0
Mouse_lodging_Vicente,2017-10-18,hotel,3489.0,13.08,24,1180.000,BDG2 v1.0
Mouse_lodging_Vicente,2017-10-19,hotel,3489.0,15.45,24,1200.000,BDG2 v1.0
Mouse_lodging_Vicente,2017-10-20,hotel,3489.0,13.24,24,1110.000,BDG2 v1.0
Mouse_lodging_Vicente,2017-10-21,hotel,3489.0,13.72,24,990.000,BDG2 v1.0
Mouse_lodging_Vicente,2017-10-22,hotel,3489.0,11.43,24,870.000,BDG2 v1.0
Mouse_lodging_Vicente,2017-10-23,hotel,3489.0,13.43,24,1200.000,BDG2 v1.0
Mouse_lodging_Vicente,2017-10-24,hotel,3489.0,16.37,24,0.000,BDG2 v1.0
Mouse_lodging_Vicente,2017-10-25,hotel,3489.0,15.47,24,0.000,BDG2 v1.0
Mouse_lodging_Vicente,2017-10-26,hotel,3489.0,12.63,24,0.000,BDG2 v1.0
Mouse_lodging_Vicente,2017-10-27,hotel,3489.0,11.75,24,0.000,BDG2 v1.0
Mouse_lodging_Vicente,2017-10-28,hotel,3489.0,10.59,24,0.000,BDG2 v1.0
Mouse_lodging_Vicente,2017-10-29,hotel,3489.0,12.16,24,0.000,BDG2 v1.0
Mouse_lodging_Vicente,2017-10-30,hotel,3489.0,7.38,24,0.000,BDG2 v1.0
Mouse_lodging_Vicente,2017-10-31,hotel,3489.0,9.99,24,0.000,BDG2 v1.0
Mouse_lodging_Vicente,2017-11-01,hotel,3489.0,11.11,24,0.000,BDG2 v1.0
Mouse_lodging_Vicente,2017-11-02,hotel,3489.0,8.53,24,0.000,BDG2 v1.0
Mouse_lodging_Vicente,2017-11-03,hotel,3489.0,10.71,24,0.000,BDG2 v1.0
Mouse_lodging_Vicente,2017-11-04,hotel,3489.0,11.11,24,0.000,BDG2 v1.0
Mouse_lodging_Vicente,2017-11-05,hotel,3489.0,6.36,24,0.000,BDG2 v1.0
Mouse_lodging_Vicente,2017-11-06,hotel,3489.0,6.13,24,0.000,BDG2 v1.0
Mouse_lodging_Vicente,2017-11-07,hotel,3489.0,9.67,24,0.000,BDG2 v1.0
Mouse_lodging_Vicente,2017-11-08,hotel,3489.0,6.58,24,0.000,BDG2 v1.0
Mouse_lodging_Vicente,2017-11-09,hotel,3489.0,8.38,24,0.000,BDG2 v1.0
Mouse_lodging_Vicente,2017-11-10,hotel,3489.0,9.91,24,0.000,BDG2 v1.0
Mouse_lodging_Vicente,2017-11-11,hotel,3489.0,8.62,24,0.000,BDG2 v1.0
Mouse_lodging_Vicente,2017-11-12,hotel,3489.0,6.86,24,0.000,BDG2 v1.0
Mouse_lodging_Vicente,2017-11-13,hotel,3489.0,4.96,24,0.000,BDG2 v1.0
Mouse_lodging_Vicente,2017-11-14,hotel,3489.0,9.04,24,0.000,BDG2 v1.0
Mouse_lodging_Vicente,2017-11-15,hotel,3489.0,10.30,24,0.000,BDG2 v1.0
Mouse_lodging_Vicente,2017-11-16,hotel,3489.0,10.59,24,0.000,BDG2 v1.0
Mouse_lodging_Vicente,2017-11-17,hotel,3489.0,5.15,24,0.000,BDG2 v1.0
Mouse_lodging_Vicente,2017-11-18,hotel,3489.0,6.95,24,0.000,BDG2 v1.0
Mouse_lodging_Vicente,2017-11-19,hotel,3489.0,5.50,24,0.000,BDG2 v1.0
Mouse_lodging_Vicente,2017-11-20,hotel,3489.0,10.28,24,0.000,BDG2 v1.0
Mouse_lodging_Vicente,2017-11-21,hotel,3489.0,12.86,24,0.000,BDG2 v1.0
Mouse_lodging_Vicente,2017-11-22,hotel,3489.0,14.35,24,0.000,BDG2 v1.0
Mouse_lodging_Vicente,2017-11-23,hotel,3489.0,11.11,24,0.000,BDG2 v1.0
Mouse_lodging_Vicente,2017-11-24,hotel,3489.0,5.66,24,0.000,BDG2 v1.0
Mouse_lodging_Vicente,2017-11-25,hotel,3489.0,3.02,24,0.000,BDG2 v1.0
Mouse_lodging_Vicente,2017-11-26,hotel,3489.0,4.22,24,0.000,BDG2 v1.0
Mouse_lodging_Vicente,2017-11-27,hotel,3489.0,8.33,24,0.000,BDG2 v1.0
Mouse_lodging_Vicente,2017-11-28,hotel,3489.0,4.42,24,0.000,BDG2 v1.0
Mouse_lodging_Vicente,2017-11-29,hotel,3489.0,3.89,24,0.000,BDG2 v1.0
Mouse_lodging_Vicente,2017-11-30,hotel,3489.0,2.06,24,0.000,BDG2 v1.0
Mouse_lodging_Vicente,2017-12-01,hotel,3489.0,4.35,24,0.000,BDG2 v1.0
Mouse_lodging_Vicente,2017-12-02,hotel,3489.0,4.52,24,0.000,BDG2 v1.0
Mouse_lodging_Vicente,2017-12-03,hotel,3489.0,8.20,24,0.000,BDG2 v1.0
Mouse_lodging_Vicente,2017-12-04,hotel,3489.0,7.62,24,0.000,BDG2 v1.0
Mouse_lodging_Vicente,2017-12-05,hotel,3489.0,7.97,24,0.000,BDG2 v1.0
Mouse_lodging_Vicente,2017-12-06,hotel,3489.0,9.50,24,0.000,BDG2 v1.0
Mouse_lodging_Vicente,2017-12-07,hotel,3489.0,8.92,24,0.000,BDG2 v1.0
Mouse_lodging_Vicente,2017-12-08,hotel,3489.0,2.83,24,0.000,BDG2 v1.0
Mouse_lodging_Vicente,2017-12-09,hotel,3489.0,1.35,24,0.000,BDG2 v1.0
Mouse_lodging_Vicente,2017-12-10,hotel,3489.0,1.26,24,0.000,BDG2 v1.0
Mouse_lodging_Vicente,2017-12-11,hotel,3489.0,1.69,24,0.000,BDG2 v1.0
Mouse_lodging_Vicente,2017-12-12,hotel,3489.0,1.27,24,0.000,BDG2 v1.0
Mouse_lodging_Vicente,2017-12-13,hotel,3489.0,6.38,24,0.000,BDG2 v1.0
Mouse_lodging_Vicente,2017-12-14,hotel,3489.0,4.03,24,0.000,BDG2 v1.0
Mouse_lodging_Vicente,2017-12-15,hotel,3489.0,3.68,24,0.000,BDG2 v1.0
Mouse_lodging_Vicente,2017-12-16,hotel,3489.0,2.92,24,0.000,BDG2 v1.0
Mouse_lodging_Vicente,2017-12-17,hotel,3489.0,4.23,24,0.000,BDG2 v1.0
Mouse_lodging_Vicente,2017-12-18,hotel,3489.0,4.39,24,0.000,BDG2 v1.0
Mouse_lodging_Vicente,2017-12-19,hotel,3489.0,3.52,24,0.000,BDG2 v1.0
Mouse_lodging_Vicente,2017-12-20,hotel,3489.0,9.17,24,0.000,BDG2 v1.0
Mouse_lodging_Vicente,2017-12-21,hotel,3489.0,10.65,24,0.000,BDG2 v1.0
Mouse_lodging_Vicente,2017-12-22,hotel,3489.0,10.36,24,0.000,BDG2 v1.0
Mouse_lodging_Vicente,2017-12-23,hotel,3489.0,9.25,24,0.000,BDG2 v1.0
Mouse_lodging_Vicente,2017-12-24,hotel,3489.0,9.33,24,0.000,BDG2 v1.0
Mouse_lodging_Vicente,2017-12-25,hotel,3489.0,9.91,24,0.000,BDG2 v1.0
Mouse_lodging_Vicente,2017-12-26,hotel,3489.0,5.72,24,0.000,BDG2 v1.0
Mouse_lodging_Vicente,2017-12-27,hotel,3489.0,3.36,24,0.000,BDG2 v1.0
Mouse_lodging_Vicente,2017-12-28,hotel,3489.0,1.65,24,0.000,BDG2 v1.0
Mouse_lodging_Vicente,2017-12-29,hotel,3489.0,4.60,24,0.000,BDG2 v1.0
Mouse_lodging_Vicente,2017-12-30,hotel,3489.0,10.85,24,0.000,BDG2 v1.0
Mouse_lodging_Vicente,2017-12-31,hotel,3489.0,10.51,24,0.000,BDG2 v1.0
